gap_id,dataset_id,participant_id,recording_id,duration_stratum,realized_gap_duration_ms,selected_method,oracle_method,selected_nrmse,pchip_nrmse,oracle_nrmse,improvement_vs_pchip_nrmse,selected_regret_vs_oracle_nrmse,matches_oracle,predicted_forward_fill_nrmse,actual_forward_fill_nrmse,predicted_nearest_boundary_nrmse,actual_nearest_boundary_nrmse,predicted_linear_nrmse,actual_linear_nrmse,predicted_pchip_nrmse,actual_pchip_nrmse,predicted_local_natural_cubic_spline_nrmse,actual_local_natural_cubic_spline_nrmse,predicted_polyfit_bic_nrmse,actual_polyfit_bic_nrmse,predicted_template_nrmse,actual_template_nrmse
S_1069_S1_TEX_gap_001,GazeBase,1069,S_1069_S1_TEX,1,16.0,pchip,forward_fill,0.0358600594704232,0.0358600594704232,0.0282085092295602,0.0,0.007651550240863,False,0.24217515521861752,0.0282085092295602,0.1961524222846764,0.0367954343101572,0.16014906417831934,0.035481649447705,0.14814161144393226,0.0358600594704232,0.2504692735762837,0.0312477443011414,0.25779480339905625,0.0301156954152891,0.21772655286697679,0.0343340330730062
S_1069_S1_TEX_gap_002,GazeBase,1069,S_1069_S1_TEX,1,11.0,pchip,forward_fill,0.0086628875804798,0.0086628875804798,0.0086628875804798,0.0,0.0,False,0.2733448217165869,0.0086628875804798,0.2290110114027706,0.0086628875804798,0.19638066371779492,0.0086628875804798,0.19614344372738116,0.0086628875804798,0.3648115545141928,0.0184178658310261,0.2839142779737513,0.0191078280432309,0.26163060338514316,0.0148137250985742
S_1069_S1_TEX_gap_003,GazeBase,1069,S_1069_S1_TEX,1,23.0,pchip,pchip,0.0142117030275372,0.0142117030275372,0.0142117030275372,0.0,0.0,True,0.9122468837188983,0.1365835490596336,0.7392287537733931,0.0704772120814962,0.6274848180129421,0.0217294664609632,0.6108373728161587,0.0142117030275372,0.9559026402596998,0.0147514789473606,0.8053677963794331,0.0497510622524341,0.7714435445260612,0.0338994901812125
S_1069_S1_TEX_gap_004,GazeBase,1069,S_1069_S1_TEX,1,22.0,linear,nearest_boundary,0.0470090732353218,0.0484124294805148,0.0468246495960422,0.0014033562451929993,0.00018442363927960448,False,0.5775823735763901,0.0846726834638014,0.5067180980163974,0.0468246495960422,0.4355974959356561,0.0470090732353218,0.4397605562155216,0.0484124294805148,1.019246913259235,0.0873723034433905,1.2235908666621955,0.0651704987229973,1.1353820926596718,0.2409699516772087
S_1069_S1_TEX_gap_005,GazeBase,1069,S_1069_S1_TEX,2,59.0,pchip,linear,0.1099054984622439,0.1099054984622439,0.083782327487767,0.0,0.026123170974476903,False,0.22597871779870768,0.1579255757504677,0.19998010043870643,0.1315333984452679,0.1632754024877905,0.083782327487767,0.16145160273255374,0.1099054984622439,0.3577139402361984,0.1984250066901435,1.1599303602741715,1.3513317811124284,0.8768344273230091,0.9393148209844504
S_1069_S1_TEX_gap_006,GazeBase,1069,S_1069_S1_TEX,2,75.0,pchip,local_natural_cubic_spline,0.2796262357756836,0.2796262357756836,0.2356921585117044,0.0,0.04393407726397916,False,0.6526702741591991,0.8148760861669694,0.41189370098995143,0.4018060907951571,0.3388363076614006,0.2987869131435792,0.317285518681445,0.2796262357756836,0.3317009179639249,0.2356921585117044,0.3646378888069704,0.3302282194040294,0.3462956734634882,0.3003807387769082
S_1069_S1_TEX_gap_007,GazeBase,1069,S_1069_S1_TEX,2,93.0,pchip,forward_fill,0.0572985585362895,0.0572985585362895,0.0504551821435104,0.0,0.006843376392779099,False,0.5242622367363065,0.0504551821435104,0.43002548828440545,0.0565575199859647,0.36833784973743616,0.0574360888532521,0.35898510067136014,0.0572985585362895,0.9303772603901014,0.0953080659764987,1.8098854598488834,0.4112964701248514,1.5513575510831905,0.5869620932750875
S_1069_S1_TEX_gap_008,GazeBase,1069,S_1069_S1_TEX,2,76.0,pchip,nearest_boundary,0.205486513870055,0.205486513870055,0.1838789455366994,0.0,0.021607568333355615,False,0.6504750010980318,0.6309693309612083,0.422343671315428,0.1838789455366994,0.3324124207579145,0.2521820385656421,0.30502836172993225,0.205486513870055,0.3135639082328267,0.1941747039330004,0.36226149874424185,0.2863635381078303,0.34264546932866635,0.251728559382074
S_1069_S1_TEX_gap_009,GazeBase,1069,S_1069_S1_TEX,3,106.0,pchip,local_natural_cubic_spline,0.2534162923363943,0.2534162923363943,0.0944064579402821,0.0,0.1590098343961122,False,0.5582243812891218,0.2208497268828667,0.3753886126805704,0.5266745162999596,0.2965883125447782,0.4018377337377998,0.2597607312061554,0.2534162923363943,0.2697865623265635,0.0944064579402821,0.3303007667155596,0.4656198169114197,0.3033478390599596,0.420308808439982
S_1069_S1_TEX_gap_010,GazeBase,1069,S_1069_S1_TEX,3,126.0,pchip,pchip,0.1127680493378938,0.1127680493378938,0.1127680493378938,0.0,0.0,True,0.27769400580919856,0.3551787023959678,0.20372684869054639,0.2392520055074564,0.1600077232691563,0.1852995688927986,0.12878239653964985,0.1127680493378938,0.2712137422510022,0.2105343165083198,0.2999241453735622,0.3977681985775325,0.20817662106014748,0.2483218304424507
S_1069_S1_TEX_gap_011,GazeBase,1069,S_1069_S1_TEX,3,108.0,local_natural_cubic_spline,local_natural_cubic_spline,0.3544851194470856,0.3615534402777726,0.3544851194470856,0.0070683208306869805,0.0,True,0.6428301760173869,0.8620550204758929,0.4156084776640405,0.4832424914277592,0.3241594208151109,0.3558294215456821,0.30309071010160704,0.3615534402777726,0.30218396814686804,0.3544851194470856,0.34493036599012883,0.3721058992321472,0.3269713357693847,0.3574884171118435
S_1069_S1_TEX_gap_012,GazeBase,1069,S_1069_S1_TEX,3,115.0,pchip,pchip,0.0047633987693584,0.0047633987693584,0.0047633987693584,0.0,0.0,True,0.10497328635080035,0.0237786668023926,0.09104051272199362,0.0102959435147246,0.07696023549260742,0.0054666271086472,0.06949157560414151,0.0047633987693584,0.20731142121979038,0.0298019908821409,0.317574227504044,0.2653828277986362,0.2517590715776958,0.1592659647600575
S_1069_S1_TEX_gap_013,GazeBase,1069,S_1069_S1_TEX,4,193.0,pchip,nearest_boundary,0.3130136058897188,0.3130136058897188,0.2655732036068226,0.0,0.0474404022828962,False,0.619998063990748,0.7288539565503888,0.4617284973730986,0.2655732036068226,0.3852679469021832,0.2818371189106626,0.37134282801045815,0.3130136058897188,0.5097800701837424,0.3173845237476275,0.5353881927037982,0.4674970932354573,0.4906554535020177,0.3106263392415792
S_1069_S1_TEX_gap_014,GazeBase,1069,S_1069_S1_TEX,4,197.0,pchip,forward_fill,0.491562405416024,0.491562405416024,0.379580321338894,0.0,0.11198208407712995,False,0.6648063840686091,0.379580321338894,0.4519066933983103,0.6114683142870101,0.38113696336408104,0.466690470328156,0.3624339949580151,0.491562405416024,0.535497922618881,0.6172513868586113,0.4811107655358898,0.5487214124389566,0.4616960862320328,0.7600778490816406
S_1069_S1_TEX_gap_015,GazeBase,1069,S_1069_S1_TEX,4,184.0,pchip,template,0.3453050121100361,0.3453050121100361,0.3121389510077145,0.0,0.03316606110232162,False,0.7057183888336757,0.484642728955009,0.39604220261736733,0.4576299619545091,0.30862193528292897,0.3368624666744973,0.2885191925279979,0.3453050121100361,0.3003047035657566,0.3505923381894348,0.3401797415885891,0.3230471785598305,0.3173470361307183,0.3121389510077145
S_1069_S1_TEX_gap_016,GazeBase,1069,S_1069_S1_TEX,4,178.0,pchip,nearest_boundary,0.2596203375601166,0.2596203375601166,0.1802625704989286,0.0,0.079357767061188,False,0.6482257725855564,0.7187974051095838,0.4570692178693345,0.1802625704989286,0.37112879390350484,0.2873347849126412,0.3489680576832789,0.2596203375601166,0.3790391585853012,0.2584288792207956,0.39587500694196026,0.3411081787571459,0.3863941893828051,0.3307582328619251
S_1069_S1_TEX_gap_017,GazeBase,1069,S_1069_S1_TEX,5,216.0,pchip,local_natural_cubic_spline,0.0813064569745427,0.0813064569745427,0.0738732194679834,0.0,0.00743323750655929,False,0.20252114224482223,0.2019167066110353,0.14958548963391322,0.0840677416295295,0.11871861617485599,0.0938932921383562,0.10514411883758129,0.0813064569745427,0.23500189866527188,0.0738732194679834,0.30014203804295453,0.454792945946842,0.22982963554695834,0.3468560172587773
S_1069_S1_TEX_gap_018,GazeBase,1069,S_1069_S1_TEX,5,246.0,pchip,template,0.1359210908157649,0.1359210908157649,0.0748454253407991,0.0,0.06107566547496579,False,0.2582392441184135,0.1223007421891378,0.21538956693045472,0.1556216080929676,0.17314186842826643,0.0980618929160803,0.15109187026381654,0.1359210908157649,0.36289653398996224,0.4895703307721692,0.320089487393842,0.1811787372593259,0.2385296448986457,0.0748454253407991
S_1069_S1_TEX_gap_019,GazeBase,1069,S_1069_S1_TEX,5,203.0,pchip,pchip,0.2384506196619933,0.2384506196619933,0.2384506196619933,0.0,0.0,True,0.6933219691422188,0.6166522063669337,0.43204587672729294,0.2582923148900699,0.3366755385570683,0.2657027298666034,0.31703760542774223,0.2384506196619933,0.32911911881305195,0.2432317619432346,0.36956041736566886,0.3049704689129029,0.35003962507823255,0.2539776630746283
S_1069_S1_TEX_gap_020,GazeBase,1069,S_1069_S1_TEX,5,228.0,pchip,forward_fill,0.1622845319245839,0.1622845319245839,0.0597853246309987,0.0,0.10249920729358519,False,0.28780074388021637,0.0597853246309987,0.2683459000500568,0.2986559108811031,0.21135910651010534,0.2381834688741164,0.17384043710318078,0.1622845319245839,0.35586993424819363,0.3608838608615755,0.3360143519468543,0.4805634315253618,0.24706908011260267,0.2913729293316666
S_1069_S2_TEX_gap_001,GazeBase,1069,S_1069_S2_TEX,1,13.0,pchip,polyfit_bic,0.0553930667100273,0.0553930667100273,0.0263317382203739,0.0,0.0290613284896534,False,0.32691661875197636,0.0836902219497163,0.25685629183204894,0.0606246405536626,0.2043511247723764,0.0391860258251163,0.19777814535858174,0.0553930667100273,0.3233850418776036,0.067885446108032,0.29690323167768595,0.0263317382203739,0.2715044422403766,0.036769486166793
S_1069_S2_TEX_gap_002,GazeBase,1069,S_1069_S2_TEX,1,2.0,pchip,polyfit_bic,0.0052302595894127,0.0052302595894127,0.0049885060766486,0.0,0.0002417535127641002,False,0.12616526700374225,0.0082570340087123,0.11149058704744286,0.0130555170925007,0.06918462996621039,0.0058386047400484,0.05138651803600957,0.0052302595894127,0.05385282216238018,0.0050412827593737,0.10117621950218116,0.0049885060766486,0.08970733220898042,0.0058386047400484
S_1069_S2_TEX_gap_003,GazeBase,1069,S_1069_S2_TEX,1,19.0,pchip,local_natural_cubic_spline,0.0631378911848814,0.0631378911848814,0.0430072899392948,0.0,0.020130601245586605,False,0.14491911905476057,0.0562217525265144,0.13363816627548913,0.136436241465472,0.09981010090127537,0.0991399902520406,0.08104071176070106,0.0631378911848814,0.1188870208860875,0.0430072899392948,0.17731117591198026,0.1346647097826486,0.1491736316827543,0.1125537683441628
S_1069_S2_TEX_gap_004,GazeBase,1069,S_1069_S2_TEX,1,50.0,pchip,forward_fill,0.0584394969113988,0.0584394969113988,0.0357850298532271,0.0,0.022654467058171694,False,0.3765249674789656,0.0357850298532271,0.33320376592001366,0.0675091519557839,0.28380016316389295,0.0514432979329484,0.28284836736814367,0.0584394969113988,0.5639683171447308,0.0759989640276762,0.3649143608410319,0.0461286468367613,0.3478312852594047,0.063274072921121
S_1069_S2_TEX_gap_005,GazeBase,1069,S_1069_S2_TEX,2,88.0,pchip,local_natural_cubic_spline,0.0840566832958774,0.0840566832958774,0.0690988899128012,0.0,0.014957793383076193,False,0.336409730190164,0.0747459302573889,0.30572008718517796,0.0827430887652343,0.257526077961879,0.0849900008799087,0.25529073456719753,0.0840566832958774,0.6537542543744024,0.0690988899128012,2.025006081811483,1.925805468490356,1.4908742138851272,1.6719471076698904
S_1069_S2_TEX_gap_006,GazeBase,1069,S_1069_S2_TEX,2,70.0,pchip,linear,0.0233463116683041,0.0233463116683041,0.0186102755158049,0.0,0.0047360361524992,False,0.07329404900775137,0.0277271803463703,0.06549003741033778,0.019616830544347,0.054491386363340014,0.0186102755158049,0.047302943584738105,0.0233463116683041,0.12721430917501353,0.0818591723324032,0.18316329688202354,0.0969423512228284,0.15762590827955636,0.1027160028941548
S_1069_S2_TEX_gap_007,GazeBase,1069,S_1069_S2_TEX,2,85.0,pchip,local_natural_cubic_spline,0.2923173215462706,0.2923173215462706,0.1212798553902138,0.0,0.1710374661560568,False,0.47834704311166976,0.1666623420595408,0.42657892134043834,0.5362257326211051,0.3304563328885027,0.4221634856613285,0.27914417868731084,0.2923173215462706,0.3038308112165384,0.1212798553902138,0.3772979193217099,0.4765715827619124,0.34539057376228954,0.4419053213579647
S_1069_S2_TEX_gap_008,GazeBase,1069,S_1069_S2_TEX,2,91.0,pchip,local_natural_cubic_spline,0.2590421462765063,0.2590421462765063,0.2558218653475455,0.0,0.003220280928960817,False,0.5640077797920546,0.5956764811201298,0.37242641433126766,0.2993108851164804,0.3037407479363462,0.2782478068431936,0.2833641561371278,0.2590421462765063,0.3676976565193483,0.2558218653475455,0.39177926004134667,0.5286801919750339,0.38018665355925174,0.5810022705343272
S_1069_S2_TEX_gap_009,GazeBase,1069,S_1069_S2_TEX,3,132.0,pchip,forward_fill,0.0576319522147702,0.0576319522147702,0.0409455434473931,0.0,0.0166864087673771,False,0.5830953473341597,0.0409455434473931,0.4991196761688939,0.0610669048525277,0.42745222774290115,0.0566215193502671,0.4196405092093121,0.0576319522147702,1.1401014217047496,0.0929440339131133,2.7123837323989357,1.039491843008559,1.9646217783397253,1.129988262131376
S_1069_S2_TEX_gap_010,GazeBase,1069,S_1069_S2_TEX,3,134.0,pchip,pchip,0.2479873293226236,0.2479873293226236,0.2479873293226236,0.0,0.0,True,0.46287222811291995,0.3954642865152809,0.33773852738723453,0.3543993339116306,0.28455968044925284,0.2651076815172464,0.26249360640119973,0.2479873293226236,0.3653352660311268,0.2616783621536031,0.6118184067619975,0.754683644492649,0.5409352104728629,0.5777978899494632
S_1069_S2_TEX_gap_011,GazeBase,1069,S_1069_S2_TEX,3,131.0,pchip,local_natural_cubic_spline,0.1491288430982703,0.1491288430982703,0.0868774963510846,0.0,0.06225134674718569,False,0.3195911821351856,0.4711077500014813,0.2418788315043265,0.3141155984093317,0.18803770049546542,0.2409302870026538,0.1502548349757698,0.1491288430982703,0.25596776248507075,0.0868774963510846,0.3067845104145016,0.3910278162036817,0.22569235115345976,0.2806232864510863
S_1069_S2_TEX_gap_012,GazeBase,1069,S_1069_S2_TEX,3,111.0,pchip,pchip,0.0043760029382784,0.0043760029382784,0.0043760029382784,0.0,0.0,True,0.06582630152628231,0.0140240710383523,0.05635777860577334,0.0074522697426811,0.04513457902359772,0.0047323248493874,0.04089542127272469,0.0043760029382784,0.0980354476952903,0.0226268674047684,0.2598855957754394,0.2429701862029717,0.20654653488830493,0.1538576225305797
S_1069_S2_TEX_gap_013,GazeBase,1069,S_1069_S2_TEX,4,193.0,pchip,pchip,0.236400880625429,0.236400880625429,0.236400880625429,0.0,0.0,True,0.7138933636663417,0.7602077943732314,0.4266397294602129,0.2698877151747247,0.3411137369848732,0.266058088506866,0.3275456434950799,0.236400880625429,0.3330150859774368,0.2421957077366449,0.3761430617597575,0.3772967696355662,0.35878967568721015,0.3251684682000638
S_1069_S2_TEX_gap_014,GazeBase,1069,S_1069_S2_TEX,4,183.0,pchip,template,0.1157610531594808,0.1157610531594808,0.0973773216265627,0.0,0.018383731532918113,False,0.20142142122935605,0.1920229713704607,0.14719994499258646,0.1447049601820488,0.11571257101022134,0.115307330690183,0.09688863658916792,0.1157610531594808,0.1367578303831851,0.1151276130176944,0.21088548112177738,0.1564793123189508,0.16375160366121352,0.0973773216265627
S_1069_S2_TEX_gap_015,GazeBase,1069,S_1069_S2_TEX,4,188.0,pchip,linear,0.003101029251074,0.003101029251074,0.001658399799162,0.0,0.001442629451912,False,0.09825672399191682,0.0052413651392995,0.07247866955060701,0.0027760040993905,0.06019282006154423,0.001658399799162,0.05462432477327783,0.003101029251074,0.15741719697411335,0.0191877017153719,0.27166758619625614,0.352824287112829,0.2062694926818399,0.2816611203384253
S_1069_S2_TEX_gap_016,GazeBase,1069,S_1069_S2_TEX,4,165.0,pchip,template,0.3169353268061916,0.3169353268061916,0.2936936412007873,0.0,0.023241685605404294,False,0.5312865497749821,0.4435659786245967,0.3605216572639721,0.4917693223139789,0.2943613365272534,0.3618438825388584,0.2661440595264655,0.3169353268061916,0.2912977492300684,0.3176263895690221,0.32220296537472803,0.3011779665826967,0.2979610439532358,0.2936936412007873
S_1069_S2_TEX_gap_017,GazeBase,1069,S_1069_S2_TEX,5,213.0,pchip,pchip,0.045166812847631,0.045166812847631,0.045166812847631,0.0,0.0,True,0.17107020261238087,0.1259511572672762,0.13413890818293903,0.0858921194454578,0.10935464665912946,0.0699343284301065,0.0973066699385247,0.045166812847631,0.35670571267636675,0.7640640832055822,0.31214945674108496,0.6313239354827423,0.2175152642297746,0.3223032375208518
S_1069_S2_TEX_gap_018,GazeBase,1069,S_1069_S2_TEX,5,210.0,pchip,local_natural_cubic_spline,0.2536405533402048,0.2536405533402048,0.2466289188168154,0.0,0.007011634523389404,False,0.6568488662226488,0.7032707294865614,0.39236205014503783,0.2487156986677519,0.3135409774308729,0.2870687326645738,0.29193750729679147,0.2536405533402048,0.29968486568007896,0.2466289188168154,0.3463185032420042,0.3342243189635486,0.325135141307295,0.2915960047312727
S_1069_S2_TEX_gap_019,GazeBase,1069,S_1069_S2_TEX,5,246.0,pchip,template,0.0552371295838863,0.0552371295838863,0.0472253126839449,0.0,0.008011816899941404,False,0.18784626942746174,0.0862041958998793,0.138332774617375,0.0751827425080923,0.11182536324964877,0.0619038744062638,0.0969554199905388,0.0552371295838863,0.2713080031947819,0.0508814429773651,0.24704515268422297,0.1715048949550902,0.16267310764294973,0.0472253126839449
S_1069_S2_TEX_gap_020,GazeBase,1069,S_1069_S2_TEX,5,233.0,pchip,forward_fill,0.0820991240678485,0.0820991240678485,0.0240361229532696,0.0,0.058063001114578905,False,0.16972445683446602,0.0240361229532696,0.1422898495281716,0.1489941919520266,0.11333725780560391,0.1193751378381313,0.09415793455703765,0.0820991240678485,0.21352434237026063,0.1844785355774651,0.256818198108863,0.1258646865572871,0.16843920992226466,0.111678742982723
S_1116_S2_TEX_gap_001,GazeBase,1116,S_1116_S2_TEX,1,26.0,pchip,local_natural_cubic_spline,0.1650139490041084,0.1650139490041084,0.0631976806953098,0.0,0.1018162683087986,False,0.15130250739782572,0.117152741035777,0.12977951185182882,0.3090875191625364,0.09272887530079153,0.236852649336738,0.07294614510503288,0.1650139490041084,0.10368963531218103,0.0631976806953098,0.1407883744056271,0.2986660075850605,0.12542242631121087,0.2870702105384491
S_1116_S2_TEX_gap_002,GazeBase,1116,S_1116_S2_TEX,1,11.0,pchip,template,0.0185984743253096,0.0185984743253096,0.0111369246303076,0.0,0.007461549695001998,False,0.16547633414234006,0.342340935105478,0.11717491275208683,0.1784524199279939,0.05992725295226183,0.0130452193672548,0.04729376857923118,0.0185984743253096,0.06918389795811113,0.0207713330213643,0.07680770581036012,0.0150482876864331,0.07479164334829522,0.0111369246303076
S_1116_S2_TEX_gap_003,GazeBase,1116,S_1116_S2_TEX,1,27.0,linear,template,0.0908958346381509,0.0930581408528025,0.0357191930334413,0.0021623062146516048,0.0551766416047096,False,0.5000852469667949,0.0791089600464682,0.47414622894770125,0.1050271527825998,0.4109750764065905,0.0908958346381509,0.4136085134826733,0.0930581408528025,0.8470097318773893,0.207815675905339,0.5747241769870706,0.0919714996179185,0.5296427107007289,0.0357191930334413
S_1116_S2_TEX_gap_004,GazeBase,1116,S_1116_S2_TEX,1,16.0,linear,polyfit_bic,0.074154809248423,0.0814037226937815,0.0283764028990853,0.007248913445358496,0.045778406349337705,False,0.5941605016442699,0.133731034354358,0.5257100777716037,0.1003831221416444,0.44579673171209583,0.074154809248423,0.44593117998099596,0.0814037226937815,1.021117851181301,0.1582337342300771,0.6365505447732713,0.0283764028990853,0.577835289012548,0.069782963727346
S_1116_S2_TEX_gap_005,GazeBase,1116,S_1116_S2_TEX,2,52.0,pchip,local_natural_cubic_spline,0.0204412479696512,0.0204412479696512,0.0200352105377552,0.0,0.0004060374318959996,False,0.07691719903024075,0.0440598137420536,0.06924289126458466,0.0243896918071089,0.055729804052027425,0.020231205696195,0.04687751424433442,0.0204412479696512,0.11475496946142133,0.0200352105377552,0.17550731130020675,0.1205453509996332,0.150470047301696,0.0963777363366761
S_1116_S2_TEX_gap_006,GazeBase,1116,S_1116_S2_TEX,2,86.0,pchip,local_natural_cubic_spline,0.189083815767094,0.189083815767094,0.175281814801482,0.0,0.013802000965611988,False,0.6668240243940089,0.7294549883887761,0.4510808593095145,0.3054078296084793,0.36189007854233474,0.2302105536099527,0.3490929128570649,0.189083815767094,0.4069117157534985,0.175281814801482,0.38173796218730643,0.2650342787617296,0.36825765166318325,0.2292398518108584
S_1116_S2_TEX_gap_007,GazeBase,1116,S_1116_S2_TEX,2,69.0,pchip,pchip,0.1920536351319704,0.1920536351319704,0.1920536351319704,0.0,0.0,True,0.27002764318096933,0.4225808565486901,0.21510431969394264,0.2801780190342025,0.1686902633487431,0.2174802384035029,0.13886781106826335,0.1920536351319704,0.2588080164743854,0.254240450634957,0.29700416578879474,0.4075652351829123,0.22458609256827017,0.2822287991757738
S_1116_S2_TEX_gap_008,GazeBase,1116,S_1116_S2_TEX,2,67.0,pchip,forward_fill,0.0648196819534465,0.0648196819534465,0.0253083149090317,0.0,0.03951136704441481,False,0.18599272865452432,0.0253083149090317,0.1697884680847768,0.1179784955161339,0.13976735577368135,0.0961940605226142,0.1251898266220173,0.0648196819534465,0.3968275247390436,0.2177590121824092,0.30141847481919615,0.4109093824830688,0.21220339209009612,0.2078791840756382
S_1116_S2_TEX_gap_009,GazeBase,1116,S_1116_S2_TEX,3,125.0,pchip,forward_fill,0.1355529330156948,0.1355529330156948,0.0548077455386882,0.0,0.0807451874770066,False,0.2276408638938416,0.0548077455386882,0.18125759265126823,0.2310990879550802,0.15323399815138783,0.1864594564149297,0.14543881042396498,0.1355529330156948,0.2599009006309227,0.0924978663658466,0.6035860814635875,0.7330394882686962,0.49466111424705994,0.4631627573392362
S_1116_S2_TEX_gap_010,GazeBase,1116,S_1116_S2_TEX,3,144.0,pchip,pchip,0.2302996633690177,0.2302996633690177,0.2302996633690177,0.0,0.0,True,0.6663973620332249,0.7651931069813549,0.39840896692629224,0.3010844732929009,0.32796621629022227,0.2620244189794596,0.30920796842790915,0.2302996633690177,0.3162398768773309,0.2599739475727645,0.36223017308653416,0.3409507142254209,0.34814568899524956,0.2999946855688587
S_1116_S2_TEX_gap_011,GazeBase,1116,S_1116_S2_TEX,3,124.0,pchip,linear,0.0970980669790651,0.0970980669790651,0.0786737544578859,0.0,0.01842431252117921,False,0.2370180312681705,0.1362510817777457,0.20315492321051273,0.0992221883404679,0.1754762048224261,0.0786737544578859,0.17176493400026263,0.0970980669790651,0.4291024599407025,0.1806458176000566,0.8655102842472329,1.5112308054222807,0.7412530696798264,0.9996201115831368
S_1116_S2_TEX_gap_012,GazeBase,1116,S_1116_S2_TEX,3,121.0,pchip,template,0.5284265361820332,0.5284265361820332,0.2854001710600758,0.0,0.24302636512195736,False,0.6047014356773114,0.9559415528455604,0.46329452286722583,0.5982571222896402,0.3866876796208391,0.441109429183852,0.37334456605567157,0.5284265361820332,0.7301819148728079,0.5545943102563389,0.5109928988396348,0.3472897776479804,0.4868020320309354,0.2854001710600758
S_1116_S2_TEX_gap_013,GazeBase,1116,S_1116_S2_TEX,4,164.0,pchip,template,0.3847168920544168,0.3847168920544168,0.214587898738955,0.0,0.17012899331546177,False,0.6583925874834218,0.8543108575174618,0.46874731913545675,0.4490851335662639,0.38387433260624393,0.3244755405217508,0.3628145171184927,0.3847168920544168,0.44162725107550377,0.478993397867417,0.42007832354617103,0.3164886126487985,0.4060427124226388,0.214587898738955
S_1116_S2_TEX_gap_014,GazeBase,1116,S_1116_S2_TEX,4,187.0,pchip,pchip,0.4435896566910857,0.4435896566910857,0.4435896566910857,0.0,0.0,True,0.6254981672311557,0.7508191177278261,0.4833601516685816,0.6268526266029243,0.42137759854551393,0.5612328713507446,0.41164156900133053,0.4435896566910857,0.9896487945983526,0.7301417483760082,0.9292427988606071,1.2816542098028618,0.8757955013435561,0.5455677942849766
S_1116_S2_TEX_gap_015,GazeBase,1116,S_1116_S2_TEX,4,195.0,pchip,local_natural_cubic_spline,0.2914311633403749,0.2914311633403749,0.2860969342282104,0.0,0.005334229112164468,False,0.6227342360795277,0.7938127595112623,0.40786450147658415,0.3654805841802615,0.33053263219143125,0.311095656058254,0.3137993373048346,0.2914311633403749,0.34340448557186987,0.2860969342282104,0.35632144346237055,0.3435596348524503,0.34181994568829027,0.3081232742299709
S_1116_S2_TEX_gap_016,GazeBase,1116,S_1116_S2_TEX,4,154.0,pchip,forward_fill,0.0118966151095743,0.0118966151095743,0.0093857097794243,0.0,0.00251090533015,False,0.07658651442042892,0.0093857097794243,0.060827783221116476,0.0125341026439372,0.052193120709874724,0.0115219217998351,0.0481737167082933,0.0118966151095743,0.11532584204309676,0.0687604861145759,0.2539503713028305,0.4011879561229535,0.2077194392406222,0.2502843564561948
S_1116_S2_TEX_gap_017,GazeBase,1116,S_1116_S2_TEX,5,249.0,pchip,nearest_boundary,0.2574607572509222,0.2574607572509222,0.216295901925762,0.0,0.041164855325160205,False,0.6088290931542538,0.6247171380685203,0.4115259470328286,0.216295901925762,0.330788827557711,0.2685727089325619,0.30767473922471356,0.2574607572509222,0.34242860037385414,0.2696030770629686,0.3617575058271939,0.311645587369445,0.34305696355359055,0.269649268086437
S_1116_S2_TEX_gap_018,GazeBase,1116,S_1116_S2_TEX,5,228.0,pchip,local_natural_cubic_spline,0.149177997306226,0.149177997306226,0.1418176178819191,0.0,0.007360379424306895,False,0.4979897348970046,0.5217802173405466,0.36755724639347376,0.1420727134041517,0.3092804128994356,0.1810993122920815,0.29543330980874966,0.149177997306226,0.6136101295809466,0.1418176178819191,0.46273541474164803,0.6127336541728104,0.41788425136935153,0.5052146909020869
S_1116_S2_TEX_gap_019,GazeBase,1116,S_1116_S2_TEX,5,248.0,pchip,local_natural_cubic_spline,0.3523358195611777,0.3523358195611777,0.3424039841299597,0.0,0.009931835431218006,False,0.7328998133576448,0.7018450647674093,0.4999996848328139,0.4815880374464499,0.4149423792702568,0.3793821950356752,0.3959342313768536,0.3523358195611777,0.4946194058916559,0.3424039841299597,0.45343412178909115,0.421469338376824,0.44232301008396824,0.4239722450207678
S_1116_S2_TEX_gap_020,GazeBase,1116,S_1116_S2_TEX,5,227.0,pchip,local_natural_cubic_spline,0.2360093879696991,0.2360093879696991,0.1818828884015126,0.0,0.05412649956818652,False,0.6540598967293927,0.7742699719855496,0.44395590864294143,0.3616588322521877,0.3543018511556413,0.2936380310984675,0.33792505067898837,0.2360093879696991,0.40317361239862043,0.1818828884015126,0.3804832549731081,0.3122545342982706,0.36579398306441996,0.2359623472307139
S_1116_S1_TEX_gap_001,GazeBase,1116,S_1116_S1_TEX,1,10.0,pchip,template,0.0679889561554727,0.0679889561554727,0.0295433889721925,0.0,0.038445567183280197,False,0.14818658925969921,0.1318584134085262,0.11487103403004123,0.0963358024826179,0.09268628901346132,0.081682068936604,0.08688551270932711,0.0679889561554727,0.14657092330885488,0.0570136801983277,0.20033203500592292,0.0411904148224409,0.17907794144617906,0.0295433889721925
S_1116_S1_TEX_gap_002,GazeBase,1116,S_1116_S1_TEX,1,8.0,pchip,local_natural_cubic_spline,0.0304138596581874,0.0304138596581874,0.0215405845426321,0.0,0.008873275115555298,False,0.22389827710938037,0.0923395499066774,0.17267917479147138,0.0605575847508422,0.1359452284781462,0.0407269761926077,0.13005370363906704,0.0304138596581874,0.1662906716316112,0.0215405845426321,0.18298764505211956,0.072815395140505,0.17008192089817542,0.0589539509698161
S_1116_S1_TEX_gap_003,GazeBase,1116,S_1116_S1_TEX,1,16.0,pchip,local_natural_cubic_spline,0.0183385126274051,0.0183385126274051,0.0133636185706104,0.0,0.004974894056794701,False,0.21316445793787114,0.3551162053018261,0.1665788742925141,0.2117627919049386,0.10609479173091378,0.0772875907138431,0.08475612812239275,0.0183385126274051,0.09849181194421948,0.0133636185706104,0.13597181252833912,0.0756991986851013,0.12635234874806392,0.0678043457983797
S_1116_S1_TEX_gap_004,GazeBase,1116,S_1116_S1_TEX,1,13.0,linear,template,0.0644584443846824,0.0643773931882249,0.0323499752984539,-8.10511964575017e-05,0.032108469086228504,False,0.39321761057097815,0.0700489052680078,0.35374893687442965,0.0656843492988826,0.31236131775678244,0.0644584443846824,0.31426615602181757,0.0643773931882249,0.7282901364362899,0.0998527637793625,0.4045525085467853,0.0441747879889115,0.37712712292873873,0.0323499752984539
S_1116_S1_TEX_gap_005,GazeBase,1116,S_1116_S1_TEX,2,84.0,pchip,linear,0.3486021585945932,0.3486021585945932,0.3405300494146695,0.0,0.008072109179923681,False,0.5776836480652316,0.4223507420168308,0.37256835941761773,0.4620334217705112,0.30606191570139285,0.3405300494146695,0.2796709355995647,0.3486021585945932,0.32931648140710934,0.3639730728371611,0.3486778888269078,0.3866146374077879,0.3261596158570522,0.397274559399729
S_1116_S1_TEX_gap_006,GazeBase,1116,S_1116_S1_TEX,2,51.0,linear,polyfit_bic,0.0924526934444085,0.090039394644406,0.0823969484579127,-0.002413298800002503,0.010055744986495793,False,0.44605266906089397,0.2006966364940169,0.384920791216596,0.1119484772897816,0.3197082703919511,0.0924526934444085,0.3247110548159916,0.090039394644406,0.7398283786731961,0.1220503985639464,0.4038234405404198,0.0823969484579127,0.38865621242636367,0.1013129883734195
S_1116_S1_TEX_gap_007,GazeBase,1116,S_1116_S1_TEX,2,85.0,pchip,local_natural_cubic_spline,0.2985087904337948,0.2985087904337948,0.2843923027507427,0.0,0.014116487683052126,False,0.5786849939317477,0.7982621144910886,0.43798900324375956,0.4726910070014731,0.35947221950205993,0.3264857762168405,0.35698429261584436,0.2985087904337948,0.4780183613079605,0.2843923027507427,0.39288115068335683,0.3360397493884653,0.3802147186900294,0.3214454176021453
S_1116_S1_TEX_gap_008,GazeBase,1116,S_1116_S1_TEX,2,82.0,pchip,nearest_boundary,0.0970103634245639,0.0970103634245639,0.091667126988827,0.0,0.005343236435736906,False,0.3077438360213229,0.1043791010731749,0.27886507292270396,0.091667126988827,0.2302067390367312,0.0948574641531809,0.2182410177234054,0.0970103634245639,0.40017956971432467,0.2656620804206271,1.903270713863631,3.7762020945097254,1.4836932388860236,2.3237326790226547
S_1116_S1_TEX_gap_009,GazeBase,1116,S_1116_S1_TEX,3,125.0,pchip,forward_fill,0.0194057262548726,0.0194057262548726,0.0159647521480279,0.0,0.003440974106844699,False,0.059161554838875044,0.0159647521480279,0.04580535034216397,0.0239849242091247,0.03774669823645404,0.0220877721094728,0.03316202551151634,0.0194057262548726,0.08002936185215154,0.0401696863242772,0.1830638615577534,0.1118496751881317,0.13904594013434932,0.0783739524433116
S_1116_S1_TEX_gap_010,GazeBase,1116,S_1116_S1_TEX,3,144.0,pchip,local_natural_cubic_spline,0.3566313400921054,0.3566313400921054,0.3278202988604372,0.0,0.028811041231668222,False,0.668413644088581,0.8966339478814876,0.4561722290067148,0.5540447707238177,0.3621709124370618,0.4147246259998667,0.3414685343412178,0.3566313400921054,0.36751786542148923,0.3278202988604372,0.3842496806413766,0.4102575964476353,0.3694726408921557,0.4091501472458035
S_1116_S1_TEX_gap_011,GazeBase,1116,S_1116_S1_TEX,3,109.0,pchip,pchip,0.0628300133105829,0.0628300133105829,0.0628300133105829,0.0,0.0,True,0.16457880640168054,0.132337704602507,0.13917862607421497,0.1010685371517457,0.11267343687696885,0.0841106932864401,0.09559316438955273,0.0628300133105829,0.3388182662715939,0.4226692525097172,0.31572178251252525,0.4235525963063734,0.201775897164612,0.1951724596803839
S_1116_S1_TEX_gap_012,GazeBase,1116,S_1116_S1_TEX,3,137.0,pchip,local_natural_cubic_spline,0.2349357808583183,0.2349357808583183,0.2258082375035831,0.0,0.009127543354735201,False,0.6535977830428026,0.8233924999686009,0.47376167799077024,0.3934133479263092,0.3780525289759434,0.3076474586659453,0.3588319024152852,0.2349357808583183,0.36915523917241155,0.2258082375035831,0.4011607686103675,0.3409528209659857,0.3891938756552651,0.3044973991401346
S_1116_S1_TEX_gap_013,GazeBase,1116,S_1116_S1_TEX,4,165.0,pchip,pchip,0.1526975076013952,0.1526975076013952,0.1526975076013952,0.0,0.0,True,0.5560114555518114,0.3909245264455652,0.4353646831858215,0.1872164819718317,0.3776015559518898,0.1557935706845726,0.3751217626159059,0.1526975076013952,0.8730760755364626,1.4858864663092566,1.3422372019403424,2.6376057164341353,1.215615805748627,3.187645526493053
S_1116_S1_TEX_gap_014,GazeBase,1116,S_1116_S1_TEX,4,164.0,pchip,pchip,0.0086937061504039,0.0086937061504039,0.0086937061504039,0.0,0.0,True,0.06910911843710761,0.013494090314275,0.05743038278957816,0.0116935895489451,0.04707597377538855,0.0095227740247222,0.041410898538060875,0.0086937061504039,0.16521894710289764,0.1493726844517659,0.21787596575920662,0.1594032087058163,0.1539143625755183,0.1445090928896511
S_1116_S1_TEX_gap_015,GazeBase,1116,S_1116_S1_TEX,4,159.0,pchip,nearest_boundary,0.2054424474500296,0.2054424474500296,0.1776625999499207,0.0,0.027779847500108895,False,0.6473911929331055,0.7216837232274543,0.4587881870732411,0.1776625999499207,0.3665560286215597,0.2530399830212261,0.3430963800348924,0.2054424474500296,0.3763731275761119,0.1858133997220494,0.38931038310664007,0.2906930506322945,0.37576490217170716,0.2191261190276377
S_1116_S1_TEX_gap_016,GazeBase,1116,S_1116_S1_TEX,4,193.0,pchip,polyfit_bic,0.5345188489556061,0.5345188489556061,0.3370817144150579,0.0,0.19743713454054818,False,0.718772308530219,1.2926744585789554,0.4720728113627894,0.7024378333619191,0.38125795493419257,0.5014676748560718,0.36198589348373494,0.5345188489556061,0.4078153300357981,0.5563875490344624,0.43051618880357145,0.3370817144150579,0.42991252927975443,0.4721254286252968
S_1116_S1_TEX_gap_017,GazeBase,1116,S_1116_S1_TEX,5,246.0,pchip,template,0.4295620580131165,0.4295620580131165,0.3912487527786392,0.0,0.03831330523447729,False,0.6704229134576645,0.6083229544263529,0.4634177878852309,0.4998238415551336,0.3968851641208525,0.4238373224879678,0.3871271571256314,0.4295620580131165,0.565015635541264,0.467675194337364,0.44099783459958475,0.4377411491340789,0.423579142756706,0.3912487527786392
S_1116_S1_TEX_gap_018,GazeBase,1116,S_1116_S1_TEX,5,202.0,pchip,pchip,0.2558940422263073,0.2558940422263073,0.2558940422263073,0.0,0.0,True,0.640624109522677,0.7354231461022122,0.40222268987653964,0.2961063205864397,0.3383155815925207,0.290426533002035,0.3303322298923899,0.2558940422263073,0.4275729469376005,0.2598577730195003,0.39888391097493303,0.3415129690212292,0.383673554225822,0.3010932605543852
S_1116_S1_TEX_gap_019,GazeBase,1116,S_1116_S1_TEX,5,234.0,pchip,linear,0.3025363624563753,0.3025363624563753,0.268880266493732,0.0,0.033656095962643295,False,0.45920845207112626,0.6179631999501642,0.292077850116571,0.3631624644167808,0.23685412258678842,0.268880266493732,0.20403567116080182,0.3025363624563753,0.22468970087757426,0.2987812344102166,0.28106959643618923,0.3028262551912346,0.2403786966546112,0.2775307906898832
S_1116_S1_TEX_gap_020,GazeBase,1116,S_1116_S1_TEX,5,227.0,pchip,local_natural_cubic_spline,0.3463799894131391,0.3463799894131391,0.3264737242205139,0.0,0.019906265192625172,False,0.6787047730229888,0.8361722480402967,0.4099640165164646,0.4599763193480634,0.33359843422098384,0.3465872141089538,0.3141095861822808,0.3463799894131391,0.3497671189615095,0.3264737242205139,0.38309032307435403,0.4194819805802013,0.3659962322761018,0.4381726411463476
S_1180_S2_TEX_gap_001,GazeBase,1180,S_1180_S2_TEX,1,21.0,pchip,pchip,0.0413313406045039,0.0413313406045039,0.0413313406045039,0.0,0.0,True,0.1528824385199818,0.1972874141897405,0.10621319857770381,0.1223689611672755,0.07531453407871043,0.0858635987140892,0.065893914537931,0.0413313406045039,0.10945031183544013,0.0460087515759391,0.14646190304464426,0.1715056665483558,0.11750203687178278,0.159029140422372
S_1180_S2_TEX_gap_002,GazeBase,1180,S_1180_S2_TEX,1,16.0,pchip,local_natural_cubic_spline,0.0438776370839425,0.0438776370839425,0.0203470631650817,0.0,0.023530573918860802,False,0.16298069402034832,0.0466786834402469,0.13465551200901402,0.0796429483702796,0.11444974551385463,0.0642798745954212,0.10930464771436256,0.0438776370839425,0.19897871910553927,0.0203470631650817,0.46246621551208533,0.4357263218547518,0.41632372727599887,0.3016967234873532
S_1180_S2_TEX_gap_003,GazeBase,1180,S_1180_S2_TEX,1,28.0,pchip,forward_fill,0.0515905878032817,0.0515905878032817,0.0290841997701856,0.0,0.022506388033096097,False,0.31970840070086215,0.0290841997701856,0.24844033189273731,0.0557642155874102,0.2045755792320918,0.0504995163794342,0.20407429648889525,0.0515905878032817,0.37565872373362724,0.0764341596931024,0.2798565920225755,0.0529401826897209,0.24891825041372612,0.0548331121648504
S_1180_S2_TEX_gap_004,GazeBase,1180,S_1180_S2_TEX,1,27.0,pchip,linear,0.0473541150180593,0.0473541150180593,0.0448278630575708,0.0,0.0025262519604885014,False,0.22180389190705296,0.0901031298621543,0.16732109680604781,0.0592421148946281,0.13520385447761096,0.0448278630575708,0.12632324770606548,0.0473541150180593,0.21153507896571597,0.0553585457271108,0.20002426979643498,0.0521676724393038,0.17852878020647783,0.0455274082377619
S_1180_S2_TEX_gap_005,GazeBase,1180,S_1180_S2_TEX,2,70.0,pchip,linear,0.0112889203842334,0.0112889203842334,0.0097014293781448,0.0,0.0015874910060886,False,0.09522321211831392,0.0256468807412069,0.08970860530948258,0.0213586086565169,0.0746019794723326,0.0097014293781448,0.0639896753800108,0.0112889203842334,0.22972790891304182,0.0204391515668869,0.25221872602445994,0.3164340609413836,0.18748525543358852,0.1797667601700716
S_1180_S2_TEX_gap_006,GazeBase,1180,S_1180_S2_TEX,2,58.0,pchip,forward_fill,0.0170711556960178,0.0170711556960178,0.0158585653875001,0.0,0.0012125903085177005,False,0.07496058798485272,0.0158585653875001,0.06865551537889356,0.0413610237094764,0.05527013307177219,0.029495146292836,0.045751470072062456,0.0170711556960178,0.1239644880592823,0.096766120139966,0.20947033015606892,0.2677384855417903,0.15924058627568097,0.151960308504215
S_1180_S2_TEX_gap_007,GazeBase,1180,S_1180_S2_TEX,2,52.0,pchip,forward_fill,0.0880475533246584,0.0880475533246584,0.0523030119209574,0.0,0.035744541403701,False,0.17488273481095956,0.0523030119209574,0.15082212542575338,0.1872411526581109,0.11755612837759476,0.1446782894036974,0.09196582760982143,0.0880475533246584,0.200433987332128,0.1670362075056368,0.24446017801057546,0.3426722668541423,0.18210741397847482,0.2264686824247468
S_1180_S2_TEX_gap_008,GazeBase,1180,S_1180_S2_TEX,2,84.0,pchip,pchip,0.0397366289888833,0.0397366289888833,0.0397366289888833,0.0,0.0,True,0.36387482595610393,0.2028405220409184,0.293868751108925,0.0768281412288295,0.24203695264282707,0.0557874012980419,0.23083514848113582,0.0397366289888833,0.5421593165903569,0.0910006218731442,1.3686916432007796,1.4372768681307435,1.1359083031161865,0.9373052378429604
S_1180_S2_TEX_gap_009,GazeBase,1180,S_1180_S2_TEX,3,120.0,pchip,local_natural_cubic_spline,0.1863623926410894,0.1863623926410894,0.1817547138978644,0.0,0.0046076787432249855,False,0.6604070459122238,0.7288070986857733,0.450490999586539,0.1933454518297489,0.3519709035904824,0.2399322959572718,0.33239095258268064,0.1863623926410894,0.33863187741902256,0.1817547138978644,0.37337167772752855,0.2919677196657204,0.3570498025649541,0.2569517389984064
S_1180_S2_TEX_gap_010,GazeBase,1180,S_1180_S2_TEX,3,141.0,pchip,local_natural_cubic_spline,0.3480340980555345,0.3480340980555345,0.2087414329202545,0.0,0.13929266513528,False,0.6500897246573136,0.9202961716472944,0.401545068024649,0.623215274061352,0.3238221954186188,0.4872061729558208,0.3001717795831052,0.3480340980555345,0.31811795381533364,0.2087414329202545,0.3831284122702687,0.5829806422350947,0.3660019401549446,0.5576989631079322
S_1180_S2_TEX_gap_011,GazeBase,1180,S_1180_S2_TEX,3,121.0,pchip,pchip,0.0369262977484693,0.0369262977484693,0.0369262977484693,0.0,0.0,True,0.18447239661677042,0.1587795108433526,0.16074343312256334,0.1012085312972639,0.12882751532118245,0.0725251831644961,0.11293351873026855,0.0369262977484693,0.36144611949242084,0.3469373671825683,0.31928499564469487,0.4315434851583406,0.22047026338742673,0.2831418902323851
S_1180_S2_TEX_gap_012,GazeBase,1180,S_1180_S2_TEX,3,131.0,pchip,local_natural_cubic_spline,0.3071984423026203,0.3071984423026203,0.2957407493889165,0.0,0.011457692913703799,False,0.6836210577807862,0.8360852548094225,0.44409541080274323,0.4173101748016911,0.35468733326571533,0.3198187174982146,0.3358308755701813,0.3071984423026203,0.3538945662558269,0.2957407493889165,0.4052195120692796,0.4184567286048214,0.39109232999632654,0.4592277341664913
S_1180_S2_TEX_gap_013,GazeBase,1180,S_1180_S2_TEX,4,183.0,pchip,linear,0.0418149018754929,0.0418149018754929,0.0289735520789933,0.0,0.0128413497964996,False,0.11472891169995685,0.0960940402021275,0.0996218573659441,0.0438904893267688,0.08034780850440913,0.0289735520789933,0.06935797093916236,0.0418149018754929,0.20555566945709036,0.054736891969935,0.24227116313757133,0.1480252552415241,0.1592692263122063,0.0989022513528003
S_1180_S2_TEX_gap_014,GazeBase,1180,S_1180_S2_TEX,4,169.0,pchip,linear,0.0580678404608896,0.0580678404608896,0.0559508195939396,0.0,0.002117020866950002,False,0.09590427492008331,0.1035414583772803,0.07251590942451887,0.0679211492089878,0.059905331696709564,0.0559508195939396,0.05632674290614734,0.0580678404608896,0.14054883138520105,0.0811162924547409,0.28152485357307905,0.5949332762984516,0.2390283079114608,0.4321730837494578
S_1180_S2_TEX_gap_015,GazeBase,1180,S_1180_S2_TEX,4,166.0,pchip,forward_fill,0.0880404508207113,0.0880404508207113,0.0335146909701831,0.0,0.054525759850528197,False,0.15691307473261987,0.0335146909701831,0.12786987786724677,0.1647674149217075,0.10281446428287726,0.1356573010171563,0.08630804047046559,0.0880404508207113,0.1716309728187585,0.3710686865184076,0.22693382786627747,0.2613999063964383,0.1572038402458109,0.1317122972624658
S_1180_S2_TEX_gap_016,GazeBase,1180,S_1180_S2_TEX,4,161.0,pchip,forward_fill,0.1893023042261964,0.1893023042261964,0.0673138757606296,0.0,0.1219884284655668,False,0.30588595327110957,0.0673138757606296,0.2460766864180889,0.3631959485711969,0.20515691251903231,0.2906373704246611,0.1904553390071838,0.1893023042261964,0.32027762060845677,0.6590881183181239,0.4806538132681841,0.3552685162902918,0.40787345312334344,0.2928679403926522
S_1180_S2_TEX_gap_017,GazeBase,1180,S_1180_S2_TEX,5,228.0,pchip,pchip,0.077220076834376,0.077220076834376,0.077220076834376,0.0,0.0,True,0.23578050354448363,0.2154810247028553,0.17773599919078592,0.1472166977296684,0.13858270152968388,0.1167104276346667,0.11409282436082503,0.077220076834376,0.3369828899386228,0.2695267464251351,0.28980637794414116,0.2690257635172799,0.17632096916168016,0.1176517425065612
S_1180_S2_TEX_gap_018,GazeBase,1180,S_1180_S2_TEX,5,226.0,pchip,local_natural_cubic_spline,2.41698830288603,2.41698830288603,1.4616108188295849,0.0,0.9553774840564451,False,0.8194199389085627,2.3124020274715744,0.6331293538848682,2.5487037657799387,0.529811293072272,2.5430085180566064,0.5161820920249306,2.41698830288603,0.8847443974816481,1.4616108188295849,2.717080078141887,8.018602520022696,1.9834662592752434,6.725671515602642
S_1180_S2_TEX_gap_019,GazeBase,1180,S_1180_S2_TEX,5,231.0,pchip,template,0.1486075645608734,0.1486075645608734,0.1177155232507367,0.0,0.030892041310136703,False,0.376132124797789,0.4431535736864199,0.23853480205361574,0.2117509418000625,0.19109775911677127,0.1659752461248652,0.16039095153015404,0.1486075645608734,0.1761228330749799,0.1393255569481618,0.24413431936149668,0.1849775344810739,0.19987057624598548,0.1177155232507367
S_1180_S2_TEX_gap_020,GazeBase,1180,S_1180_S2_TEX,5,215.0,pchip,local_natural_cubic_spline,0.0732850747318155,0.0732850747318155,0.0645520505601291,0.0,0.008733024171686407,False,0.20397333174252846,0.2527951375887769,0.1594009350954354,0.1011666909637298,0.1283474663416756,0.0908993905255047,0.10937937058100088,0.0732850747318155,0.18673943567889623,0.0645520505601291,0.25638441760351993,0.1682441770524745,0.1937757724971995,0.2555183888215572
S_1180_S1_TEX_gap_001,GazeBase,1180,S_1180_S1_TEX,1,30.0,pchip,local_natural_cubic_spline,0.0677902214691387,0.0677902214691387,0.0070499137231609,0.0,0.0607403077459778,False,0.1749207300918962,0.2924498800848522,0.11183238790898514,0.1705273359692112,0.07587454286113307,0.1255278598130726,0.0626580139554569,0.0677902214691387,0.08301820210906835,0.0070499137231609,0.11424169497873272,0.1214945470635233,0.10441881465979512,0.1342830200968636
S_1180_S1_TEX_gap_002,GazeBase,1180,S_1180_S1_TEX,1,33.0,pchip,linear,0.0614966527231882,0.0614966527231882,0.0548632699131487,0.0,0.006633382810039501,False,0.3790201999905847,0.069532828306444,0.3308660283691449,0.0551463437663927,0.2817283250899855,0.0548632699131487,0.27532009387170325,0.0614966527231882,0.7518861186964849,0.1782769206609216,1.5225498505593051,0.5978164812212122,1.231405565212172,0.4729019236414948
S_1180_S1_TEX_gap_003,GazeBase,1180,S_1180_S1_TEX,1,42.0,pchip,polyfit_bic,0.029705819947166,0.029705819947166,0.0287224729737469,0.0,0.0009833469734190983,False,0.23369836597856417,0.0308884374356839,0.19707490380706424,0.030044705218533,0.16956186094427622,0.0326265473752488,0.16005878375769733,0.029705819947166,0.3127233963502611,0.0384361912085495,0.2736373534524173,0.0287224729737469,0.24023297293043633,0.0363745658953556
S_1180_S1_TEX_gap_004,GazeBase,1180,S_1180_S1_TEX,1,47.0,pchip,pchip,0.2777826003967401,0.2777826003967401,0.2777826003967401,0.0,0.0,True,0.5484616634917011,0.4453807582371369,0.33835565106462295,0.4108663628142676,0.2706004836069895,0.3047043872105577,0.24133435234357514,0.2777826003967401,0.2601190118701832,0.2883707637115661,0.3073470629203306,0.3213300649610034,0.2840246442549896,0.3112693354920096
S_1180_S1_TEX_gap_005,GazeBase,1180,S_1180_S1_TEX,2,57.0,linear,polyfit_bic,0.0763569134324003,0.0805191989643583,0.0656703137178407,0.004162285531958007,0.010686599714559597,False,0.4247714364820231,0.1222139960353392,0.36715135254680276,0.092786341109267,0.3074542767039641,0.0763569134324003,0.3099782776495492,0.0805191989643583,0.645064065587491,0.1373447642990708,0.4074099681820726,0.0656703137178407,0.38999616314458657,0.0798550442518434
S_1180_S1_TEX_gap_006,GazeBase,1180,S_1180_S1_TEX,2,97.0,local_natural_cubic_spline,pchip,0.3166525551278452,0.3163831388469333,0.3163831388469333,-0.00026941628091187164,0.00026941628091187164,False,0.6472807630619632,0.471936144091418,0.4369414696041838,0.4448863488310446,0.34285723470962437,0.3281182145455188,0.3181767379331155,0.3163831388469333,0.3179948453292472,0.3166525551278452,0.3640776507862667,0.3488573059247118,0.34718284886712397,0.3314897291144333
S_1180_S1_TEX_gap_007,GazeBase,1180,S_1180_S1_TEX,2,62.0,pchip,pchip,0.2406697778338482,0.2406697778338482,0.2406697778338482,0.0,0.0,True,0.6671268691990406,0.4940107848191735,0.4136462420620496,0.3378041320262606,0.32051306134526947,0.2525488790818742,0.29717680337106883,0.2406697778338482,0.300584450985215,0.2707917881878902,0.3474909607825647,0.2818341743361878,0.32753243369535134,0.2541786932352848
S_1180_S1_TEX_gap_008,GazeBase,1180,S_1180_S1_TEX,2,66.0,pchip,forward_fill,0.1196962431765242,0.1196962431765242,0.0609577857335011,0.0,0.058738457443023105,False,0.20519774694703327,0.0609577857335011,0.1716728008598728,0.235229654559578,0.13337256233386,0.1854357040889368,0.10514873658655859,0.1196962431765242,0.17967491938280464,0.1034851192937814,0.24279483881365507,0.3757294750129762,0.18231518995229476,0.2593092164684736
S_1180_S1_TEX_gap_009,GazeBase,1180,S_1180_S1_TEX,3,146.0,linear,linear,0.0464337110289909,0.0590420577851764,0.0464337110289909,0.012608346756185496,0.0,True,0.37361962617260785,0.0989278006948911,0.3210572213827354,0.0811944831268606,0.27633921463766953,0.0464337110289909,0.2769107798558144,0.0590420577851764,0.6971297142789239,0.4851643136275051,0.3719975086085063,0.0545039603768806,0.334346630899056,0.0525111891008988
S_1180_S1_TEX_gap_010,GazeBase,1180,S_1180_S1_TEX,3,147.0,local_natural_cubic_spline,forward_fill,0.355002973639885,0.3895269087736071,0.2260215546107544,0.034523935133722095,0.12898141902913057,False,0.5556230301369609,0.2260215546107544,0.38301557708087297,0.5884815190283115,0.2986147297499368,0.4602399131842024,0.2612870631555883,0.3895269087736071,0.25792430433285396,0.355002973639885,0.33405521788446,0.4725898554849595,0.3104106072977895,0.4706081939380105
S_1180_S1_TEX_gap_011,GazeBase,1180,S_1180_S1_TEX,3,121.0,pchip,nearest_boundary,0.0033945106705902,0.0033945106705902,0.0029125827508693,0.0,0.0004819279197209002,False,0.0570205201514005,0.005083591866377,0.039605077319542666,0.0029125827508693,0.0325302218228626,0.0036788781260504,0.029103118811224172,0.0033945106705902,0.06624362060856864,0.0042371313358553,0.1696708747421635,0.0472216303923675,0.14037492414646913,0.0858615258839058
S_1180_S1_TEX_gap_012,GazeBase,1180,S_1180_S1_TEX,3,110.0,pchip,local_natural_cubic_spline,0.25287016907114,0.25287016907114,0.2519095594149865,0.0,0.0009606096561535216,False,0.7088471888171576,0.7974400671326041,0.37014387532746246,0.3511617100267314,0.28226481191751296,0.2601094528198877,0.2635810827527878,0.25287016907114,0.2750216977199563,0.2519095594149865,0.3096524778656397,0.2899510012868203,0.2835772339195942,0.2617017529294643
S_1180_S1_TEX_gap_013,GazeBase,1180,S_1180_S1_TEX,4,199.0,pchip,template,0.2180272403314826,0.2180272403314826,0.1279116039462413,0.0,0.09011563638524131,False,0.4184381170595939,0.5499543006522296,0.30052685926688727,0.2826942565996553,0.2374882709958994,0.2155389091275397,0.21366661333786774,0.2180272403314826,0.3041629514941006,0.2167447358638643,0.31328530502011737,0.190779153306788,0.26431972807466597,0.1279116039462413
S_1180_S1_TEX_gap_014,GazeBase,1180,S_1180_S1_TEX,4,162.0,pchip,pchip,0.2840787947716656,0.2840787947716656,0.2840787947716656,0.0,0.0,True,0.5531191437102407,0.8161062603784454,0.3874891365441877,0.3704987880427848,0.333493559493023,0.3091052726180557,0.3137700663218926,0.2840787947716656,0.5661017109977065,0.2877750113184034,0.8939123935411692,0.7151247259705448,0.8054502631613889,0.5828271883001885
S_1180_S1_TEX_gap_015,GazeBase,1180,S_1180_S1_TEX,4,169.0,pchip,forward_fill,0.1630081112409423,0.1630081112409423,0.0801451238428812,0.0,0.08286298739806111,False,0.26781624613943955,0.0801451238428812,0.20846245136537878,0.30509906876197,0.16664053019250377,0.2425203935795939,0.14212995581554883,0.1630081112409423,0.24771744886647107,0.1304188134364548,0.2735969803015441,0.3479740432870389,0.20768915167952226,0.2620169257774221
S_1180_S1_TEX_gap_016,GazeBase,1180,S_1180_S1_TEX,4,192.0,pchip,local_natural_cubic_spline,0.3209873050958973,0.3209873050958973,0.3087302836754033,0.0,0.012257021420494008,False,0.5490990451764818,0.5498649059988847,0.42745234370100993,0.4662912759495828,0.35380985468085185,0.374493533144367,0.3290887077134409,0.3209873050958973,0.4082262557545244,0.3087302836754033,0.46088033009097207,0.6053296310616036,0.4179276189570826,0.566565775440376
S_1180_S1_TEX_gap_017,GazeBase,1180,S_1180_S1_TEX,5,250.0,pchip,template,0.1701786734552587,0.1701786734552587,0.0738681331916775,0.0,0.0963105402635812,False,0.3161431604911949,0.1707508604933155,0.24525630801224882,0.2325695078604382,0.18884523740848547,0.1742115651216901,0.16377740164079807,0.1701786734552587,0.3676406814943919,0.1502508324169758,0.307804389022875,0.1905460327956863,0.2201493075089094,0.0738681331916775
S_1180_S1_TEX_gap_018,GazeBase,1180,S_1180_S1_TEX,5,238.0,pchip,nearest_boundary,0.1229280470850954,0.1229280470850954,0.1138689165381056,0.0,0.0090591305469898,False,0.3404474623175314,0.3616636199245242,0.2362036267451117,0.1138689165381056,0.18731792783385479,0.1416589811377345,0.1648788410867549,0.1229280470850954,0.2329942475413644,0.1214088727838204,0.2534884703773302,0.1397414688429227,0.20271519452325165,0.1223966944970007
S_1180_S1_TEX_gap_019,GazeBase,1180,S_1180_S1_TEX,5,228.0,pchip,template,0.2303430031514501,0.2303430031514501,0.1130318177905811,0.0,0.117311185360869,False,0.42336312684018473,0.5878399400770281,0.30434396899473354,0.3556913309253494,0.23829688996717532,0.2670295725729731,0.21125082472883666,0.2303430031514501,0.31882998001296725,0.2238584983350265,0.31824994278658325,0.1863716025611618,0.26419694695551277,0.1130318177905811
S_1180_S1_TEX_gap_020,GazeBase,1180,S_1180_S1_TEX,5,210.0,pchip,pchip,0.1735541392189425,0.1735541392189425,0.1735541392189425,0.0,0.0,True,0.4742018765852059,0.4200139514782506,0.3488103746371936,0.218477388505693,0.29774830525980533,0.1957428071803355,0.27748944614980126,0.1735541392189425,0.5576035490382332,0.209387534375906,0.6361934987402641,0.2903126563665978,0.584487016611942,0.7877685291050271
S_1193_S2_TEX_gap_001,GazeBase,1193,S_1193_S2_TEX,1,37.0,pchip,linear,0.02583986529068,0.02583986529068,0.0249058695393651,0.0,0.0009339957513149026,False,0.18179655971472453,0.1083534698211307,0.13846142467049277,0.047483337370503,0.11053183049922494,0.0249058695393651,0.10566255359797098,0.02583986529068,0.19667639621387661,0.080886694776505,0.30197405175000014,0.5118983106858676,0.25664756249365905,0.2359792316723671
S_1193_S2_TEX_gap_002,GazeBase,1193,S_1193_S2_TEX,1,39.0,linear,nearest_boundary,0.0412812361127089,0.0412135471698767,0.0394482364645898,-6.768894283219751e-05,0.001832999648119095,False,0.48320432779613853,0.0424135209706255,0.450773214979622,0.0394482364645898,0.4045742511544579,0.0412812361127089,0.41162102162508163,0.0412135471698767,1.1500056244727084,0.1476140294661033,0.5041064900355979,0.0568738924264592,0.49160571854261725,0.0455590595942099
S_1193_S2_TEX_gap_003,GazeBase,1193,S_1193_S2_TEX,1,28.0,pchip,local_natural_cubic_spline,0.3714446825582227,0.3714446825582227,0.3710778482342114,0.0,0.00036683432401130034,False,0.44634145361481603,0.832494489551408,0.27810802228308784,0.4685968102552593,0.21728058031521288,0.3825522420818921,0.19051049070694404,0.3714446825582227,0.21627700216284718,0.3710778482342114,0.2556414513003437,0.3928987551377517,0.2347431795102854,0.3817314388608306
S_1193_S2_TEX_gap_004,GazeBase,1193,S_1193_S2_TEX,1,32.0,linear,nearest_boundary,0.0606623826250883,0.0636179306208974,0.0573187726998478,0.0029555479958091047,0.0033436099252404997,False,0.3378653777730534,0.0653278801673374,0.2976950175927117,0.0573187726998478,0.26383073151331066,0.0606623826250883,0.2649958025163191,0.0636179306208974,0.5935904065780777,0.2073434813944542,0.3631421178663839,0.0608659127595926,0.3522526738175882,0.0726550908762623
S_1193_S2_TEX_gap_005,GazeBase,1193,S_1193_S2_TEX,2,75.0,pchip,nearest_boundary,0.2881075072710192,0.2881075072710192,0.1527825995980942,0.0,0.135324907672925,False,0.6684085676029974,0.7215893711966684,0.4421622473646577,0.1527825995980942,0.3615409773973969,0.3176262619651372,0.34475077366302054,0.2881075072710192,0.3999792045834456,0.2827207652948375,0.388952429936293,0.3523295482637176,0.3708865382411355,0.3181506523570166
S_1193_S2_TEX_gap_006,GazeBase,1193,S_1193_S2_TEX,2,91.0,pchip,pchip,0.394781241697459,0.394781241697459,0.394781241697459,0.0,0.0,True,0.6392112274023986,0.4214497652079662,0.4210819894687197,0.5319931964583584,0.35295775478151237,0.4009002370314655,0.3352239123703456,0.394781241697459,0.42777783757910415,0.3949427232588104,0.387944063716351,0.4336717820926635,0.36793609377460806,0.4310458355748852
S_1193_S2_TEX_gap_007,GazeBase,1193,S_1193_S2_TEX,2,62.0,pchip,pchip,0.0378707681591938,0.0378707681591938,0.0378707681591938,0.0,0.0,True,0.11203030589466122,0.0757345502208211,0.08455265728958272,0.055828244786439,0.07111684026650619,0.0504194828359743,0.06506075912940285,0.0378707681591938,0.13411213665081007,0.0647850501818176,0.22076971961020234,0.1396956599242867,0.18349028350041924,0.1614376553656336
S_1193_S2_TEX_gap_008,GazeBase,1193,S_1193_S2_TEX,2,75.0,pchip,local_natural_cubic_spline,0.282637177931227,0.282637177931227,0.1568951360255509,0.0,0.1257420419056761,False,0.4917192686223563,0.1764526062852612,0.40391971841285856,0.5454413479562674,0.31989482599381835,0.432161067744279,0.27720062856359506,0.282637177931227,0.3277431839126853,0.1568951360255509,0.37274217669247023,0.472553148170896,0.34057253393234993,0.4424500759828446
S_1193_S2_TEX_gap_009,GazeBase,1193,S_1193_S2_TEX,3,125.0,pchip,forward_fill,0.1620915017238753,0.1620915017238753,0.058562597487787,0.0,0.10352890423608829,False,0.2741815854968755,0.058562597487787,0.22212097680367926,0.3218975578523499,0.17626134922101355,0.255679366798582,0.14886146875545397,0.1620915017238753,0.26866478598903837,0.7887549188896709,0.2839503359578861,0.420448991461847,0.21654591048419888,0.2842765224829345
S_1193_S2_TEX_gap_010,GazeBase,1193,S_1193_S2_TEX,3,102.0,pchip,forward_fill,0.5384958084493732,0.5384958084493732,0.3258598184854486,0.0,0.21263598996392458,False,0.5362078861498093,0.3258598184854486,0.41607327343047584,0.6069783096742539,0.3468894266943263,0.4468976874991403,0.3344149707010457,0.5384958084493732,0.5931957017692614,0.7470804336733097,1.1379545724252997,1.5622525945465326,0.9893762128428913,1.238149477415671
S_1193_S2_TEX_gap_011,GazeBase,1193,S_1193_S2_TEX,3,112.0,pchip,linear,0.0359567074324366,0.0359567074324366,0.0301903627506931,0.0,0.005766344681743498,False,0.12439403312487819,0.0389605068262101,0.11064542964604378,0.0412582475447991,0.09635145577716894,0.0301903627506931,0.09215771260437844,0.0359567074324366,0.3455740511671357,0.2053716151353121,0.28230850774360006,0.3037580279301085,0.22206873677126393,0.1619266920353872
S_1193_S2_TEX_gap_012,GazeBase,1193,S_1193_S2_TEX,3,131.0,pchip,pchip,0.0433359081503518,0.0433359081503518,0.0433359081503518,0.0,0.0,True,0.11703770820388718,0.0786531448133695,0.10164897854157269,0.0548873821094333,0.08349639453802313,0.0442555281584217,0.07737665480115552,0.0433359081503518,0.18719225420150865,0.0584662906175485,0.3007721605507078,0.2039162085199153,0.24605338371557042,0.3766442655827303
S_1193_S2_TEX_gap_013,GazeBase,1193,S_1193_S2_TEX,4,199.0,pchip,polyfit_bic,0.5293297829818152,0.5293297829818152,0.3346801730302653,0.0,0.1946496099515499,False,0.5230300030308955,0.337967496030267,0.3610683265225845,0.5764451951871508,0.3004882461207269,0.4618577539278418,0.2853195520414691,0.5293297829818152,0.35657829324883794,0.6426170122620382,0.33968523964861325,0.3346801730302653,0.3237093345482072,0.3882175977315294
S_1193_S2_TEX_gap_014,GazeBase,1193,S_1193_S2_TEX,4,178.0,pchip,local_natural_cubic_spline,0.3941383801481532,0.3941383801481532,0.3552198420121685,0.0,0.038918538135984726,False,0.6573481212615228,0.5499262772980448,0.41467686915559204,0.5426010856561373,0.33686779768086145,0.3969052106652291,0.3148165627887813,0.3941383801481532,0.33093810170084237,0.3552198420121685,0.3682902993765817,0.3841620858696953,0.35179746062121636,0.3822993049413713
S_1193_S2_TEX_gap_015,GazeBase,1193,S_1193_S2_TEX,4,153.0,pchip,linear,0.4359726486176863,0.4359726486176863,0.3799936598279325,0.0,0.055978988789753825,False,0.6350159432421895,0.85675396881674,0.4597474474371978,0.5100164349171117,0.36220604540012075,0.3799936598279325,0.33398712041782547,0.4359726486176863,0.35110460675682004,0.4484946466057923,0.3893812520933961,0.3808180899397186,0.37365019006114364,0.3831173468875324
S_1193_S2_TEX_gap_016,GazeBase,1193,S_1193_S2_TEX,4,168.0,pchip,linear,0.2261648271008339,0.2261648271008339,0.1897963628629558,0.0,0.03636846423787812,False,0.3491669308768446,0.3136564566740655,0.261373012966801,0.2416644347689597,0.21342357611915952,0.1897963628629558,0.1958086886174711,0.2261648271008339,0.4044940428602566,0.2298134595912213,0.4535251517998873,0.7034683048987221,0.3878234372364669,0.5809239949148641
S_1193_S2_TEX_gap_017,GazeBase,1193,S_1193_S2_TEX,5,222.0,pchip,forward_fill,0.2505044917202653,0.2505044917202653,0.1216181242679423,0.0,0.128886367452323,False,0.25685640596832277,0.1216181242679423,0.19742121659411502,0.2955962625638649,0.15316851017541086,0.2369267254877752,0.1373625318859874,0.2505044917202653,0.2753067678196285,0.3467987383801599,0.26124026777954445,0.1531786342756326,0.19527888177458852,0.1747725782334217
S_1193_S2_TEX_gap_018,GazeBase,1193,S_1193_S2_TEX,5,233.0,pchip,linear,0.4712042272531602,0.4712042272531602,0.4551907341803106,0.0,0.016013493072849605,False,0.7032007888166403,0.4898335139942719,0.4096699539721193,0.6045678962943911,0.3312209370979944,0.4551907341803106,0.310064077467855,0.4712042272531602,0.31928047562350853,0.5011186029887456,0.3636470010554192,0.4926090530749728,0.3397339056709422,0.4746960581592895
S_1193_S2_TEX_gap_019,GazeBase,1193,S_1193_S2_TEX,5,205.0,pchip,pchip,0.0446327432263706,0.0446327432263706,0.0446327432263706,0.0,0.0,True,0.2893343399863713,0.0566536231475381,0.24212883184377806,0.0528837843508942,0.20895636265880088,0.046571704709832,0.20075855853368993,0.0446327432263706,0.5747422734055508,1.7247520614435277,0.5208502571069719,0.9061605692510768,0.4543383525113201,0.618520319192286
S_1193_S2_TEX_gap_020,GazeBase,1193,S_1193_S2_TEX,5,239.0,pchip,linear,0.0310022672090784,0.0310022672090784,0.0265344852325383,0.0,0.004467781976540099,False,0.11893749460584421,0.0680417287794071,0.0812525938194272,0.0323684865697875,0.06730941546911041,0.0265344852325383,0.06313319389440873,0.0310022672090784,0.16320680346731467,0.0564649728448415,0.22862518269492965,0.1901352173070793,0.19537217164839712,0.1212508122252984
S_1193_S1_TEX_gap_001,GazeBase,1193,S_1193_S1_TEX,1,36.0,linear,polyfit_bic,0.0729845619171704,0.0823611502538241,0.0535705670600434,0.009376588336653696,0.019413994857126998,False,0.3730053683579766,0.0913511133907111,0.34873826897796417,0.0793688850647863,0.30991364147108436,0.0729845619171704,0.3110686102482807,0.0823611502538241,0.5731112976160596,0.291966523733405,0.3835791708076689,0.0535705670600434,0.37444757532960843,0.0644395719208697
S_1193_S1_TEX_gap_002,GazeBase,1193,S_1193_S1_TEX,1,16.0,linear,template,0.0652690047154721,0.065271474788906,0.0471599778247002,2.4700734339022645e-06,0.0181090268907719,False,0.4314929644990201,0.0669451239155225,0.3630180619284673,0.0570912759198474,0.2965825935444089,0.0652690047154721,0.3030369315399685,0.065271474788906,0.48329088743855836,0.0727351429276292,0.386557860149121,0.0640668935794966,0.3610634510135409,0.0471599778247002
S_1193_S1_TEX_gap_003,GazeBase,1193,S_1193_S1_TEX,1,31.0,linear,polyfit_bic,0.0646892661027875,0.0564946537388952,0.033269305241094,-0.008194612363892295,0.0314199608616935,False,0.3550975542541164,0.0499493376692604,0.3101626499666448,0.0649105971764188,0.27173533929817073,0.0646892661027875,0.27187950698329116,0.0564946537388952,0.5550564112703548,0.1167223361041972,0.38889772668076733,0.033269305241094,0.37109615086752007,0.0583719077708989
S_1193_S1_TEX_gap_004,GazeBase,1193,S_1193_S1_TEX,1,34.0,pchip,forward_fill,0.0881297735231779,0.0881297735231779,0.0457001062149707,0.0,0.0424296673082072,False,0.171267142468594,0.0457001062149707,0.1494153794620602,0.1813237894083079,0.115999483526085,0.139337814010029,0.09435461484429387,0.0881297735231779,0.22414186275773113,0.1555875329196669,0.23051807808413424,0.3653521706661183,0.17813167273182845,0.2403830302525012
S_1193_S1_TEX_gap_005,GazeBase,1193,S_1193_S1_TEX,2,52.0,pchip,local_natural_cubic_spline,0.3346486550469251,0.3346486550469251,0.3040377324723309,0.0,0.03061092257459419,False,0.534534305693875,0.8621109883111802,0.42677335892336543,0.5531147212050479,0.3315857872099855,0.4070577857147563,0.2923313979506075,0.3346486550469251,0.29691026195791076,0.3040377324723309,0.36188103317561243,0.4103228818075887,0.3419433648915351,0.4092096799341815
S_1193_S1_TEX_gap_006,GazeBase,1193,S_1193_S1_TEX,2,75.0,pchip,linear,0.3916064008882901,0.3916064008882901,0.3634032516074321,0.0,0.028203149280857986,False,0.6554911600821872,0.4257870232029075,0.4457310614855411,0.4974031449891418,0.35793210912203355,0.3634032516074321,0.3355772349897916,0.3916064008882901,0.3696712323386101,0.4469733615143058,0.38759082776686454,0.3810345689990288,0.36967833849689297,0.3759763154862651
S_1193_S1_TEX_gap_007,GazeBase,1193,S_1193_S1_TEX,2,54.0,pchip,local_natural_cubic_spline,0.0129507994860199,0.0129507994860199,0.0112738163834155,0.0,0.0016769831026044006,False,0.14888096474724752,0.0277605928653207,0.11490898120432197,0.0203328135527801,0.09682114638269365,0.0178088033614301,0.09020086994181659,0.0129507994860199,0.15431274992712404,0.0112738163834155,0.2796501985111972,0.3200256212362135,0.24008140744706505,0.1311618811419878
S_1193_S1_TEX_gap_008,GazeBase,1193,S_1193_S1_TEX,2,91.0,local_natural_cubic_spline,linear,0.4020390240277571,0.4023996989218655,0.3825340471614771,0.0003606748941084037,0.01950497686628,False,0.6730070627651744,0.8777209867320642,0.43346177188958257,0.5307389769812163,0.3383798658484032,0.3825340471614771,0.3172447470198759,0.4023996989218655,0.3168605892189438,0.4020390240277571,0.3592030814437117,0.3831030823426374,0.34144500161062585,0.3825540637702236
S_1193_S1_TEX_gap_009,GazeBase,1193,S_1193_S1_TEX,3,147.0,pchip,nearest_boundary,0.0274393330132066,0.0274393330132066,0.0257474870186092,0.0,0.0016918459945973983,False,0.12644996369628655,0.0353986411611745,0.11964835439467024,0.0257474870186092,0.10063103449223973,0.0266935885136356,0.09126238582311684,0.0274393330132066,0.3703884168818099,0.1464786151072962,0.32208996146526203,0.2797450920541035,0.206853568162044,0.1314863383652059
S_1193_S1_TEX_gap_010,GazeBase,1193,S_1193_S1_TEX,3,137.0,pchip,local_natural_cubic_spline,0.2559093282594079,0.2559093282594079,0.1781075255300287,0.0,0.07780180272937917,False,0.42962904909075456,0.3170755194055589,0.35616270533927546,0.469606869705406,0.2866142580678711,0.356671783233817,0.26908515921890985,0.2559093282594079,0.3682508025338728,0.1781075255300287,0.3933116632300957,0.5152365922844575,0.3476278107909265,0.4267162533102103
S_1193_S1_TEX_gap_011,GazeBase,1193,S_1193_S1_TEX,3,123.0,pchip,pchip,0.2610496820463495,0.2610496820463495,0.2610496820463495,0.0,0.0,True,0.49051115928045524,0.7265753359926314,0.3598767973281229,0.5023836061785175,0.2910260910319423,0.3971608430284462,0.2690158492734599,0.2610496820463495,0.38266871024333166,0.6299545410428629,0.38108235945222213,0.6580757715063877,0.3506965746996933,0.5516495137397476
S_1193_S1_TEX_gap_012,GazeBase,1193,S_1193_S1_TEX,3,124.0,pchip,linear,0.0104745220522102,0.0104745220522102,0.0091153354404618,0.0,0.0013591866117484003,False,0.0883172355324787,0.0116094775265039,0.0829468361293129,0.0096171230042134,0.06760673859350642,0.0091153354404618,0.05566773464474501,0.0104745220522102,0.23177521353579242,0.075743354364561,0.2893585775188586,0.33730951778387,0.17481401066429064,0.1786650487351554
S_1193_S1_TEX_gap_013,GazeBase,1193,S_1193_S1_TEX,4,176.0,pchip,local_natural_cubic_spline,0.7830395859957316,0.7830395859957316,0.6701614889954317,0.0,0.11287809700029994,False,0.6696178320929146,1.4022498090248618,0.467425308764261,1.024705784960313,0.3713010748515992,0.9438860316596058,0.351999255822825,0.7830395859957316,0.3841827697482049,0.6701614889954317,0.39245911818197443,0.9636952911261104,0.37936693753137246,0.9456712964046968
S_1193_S1_TEX_gap_014,GazeBase,1193,S_1193_S1_TEX,4,173.0,pchip,linear,0.6369988202399937,0.6369988202399937,0.603458142108673,0.0,0.03354067813132067,False,0.7207937594814348,1.1550186199658818,0.489661426716244,0.7706590403702013,0.4024182705870898,0.603458142108673,0.38412326220806814,0.6369988202399937,0.44857296772277455,0.6895768693587307,0.4322557707580524,0.6500653589721759,0.41886754009612026,0.6982844054170642
S_1193_S1_TEX_gap_015,GazeBase,1193,S_1193_S1_TEX,4,152.0,pchip,forward_fill,0.1345997893298455,0.1345997893298455,0.0419585828349577,0.0,0.0926412064948878,False,0.1855221447664508,0.0419585828349577,0.15812318483600393,0.2300698066326946,0.12498568426920702,0.1953961879980802,0.10665159973205507,0.1345997893298455,0.25039370183921134,1.305369126845704,0.2570504284726671,0.4568296450580198,0.1771830595560359,0.2489121311701175
S_1193_S1_TEX_gap_016,GazeBase,1193,S_1193_S1_TEX,4,164.0,pchip,pchip,0.0597806663389399,0.0597806663389399,0.0597806663389399,0.0,0.0,True,0.5935537529384107,0.0671292422251987,0.523570210654389,0.0627231215705207,0.4533388287469576,0.0603523974247786,0.44633040705592825,0.0597806663389399,1.5017829974295673,0.4048412431697591,2.1585013240345647,0.611404120525808,1.6820841507554478,0.4523827613730999
S_1193_S1_TEX_gap_017,GazeBase,1193,S_1193_S1_TEX,5,230.0,pchip,nearest_boundary,0.0086742854412423,0.0086742854412423,0.006057283428056,0.0,0.0026170020131863004,False,0.08363601816120884,0.0119788019870844,0.06392530602705895,0.006057283428056,0.05300038383127536,0.0074351831799173,0.047490527597949556,0.0086742854412423,0.1404796239678711,0.0837977833500738,0.21492847684732422,0.1754009926232071,0.14052514852465814,0.0897532234184963
S_1193_S1_TEX_gap_018,GazeBase,1193,S_1193_S1_TEX,5,205.0,pchip,nearest_boundary,0.1947302496965484,0.1947302496965484,0.152646678682999,0.0,0.0420835710135494,False,0.2086084927884317,0.2435475464323058,0.15038794451819365,0.152646678682999,0.11641451167625785,0.1600079128166451,0.10557346501582542,0.1947302496965484,0.17933566611633978,0.2666243592036549,0.24843960970817391,0.1916073593780473,0.20476680411871398,0.2544092832659994
S_1193_S1_TEX_gap_019,GazeBase,1193,S_1193_S1_TEX,5,212.0,pchip,nearest_boundary,0.0487871894618038,0.0487871894618038,0.0414800737249402,0.0,0.007307115736863601,False,0.24194808757712088,0.1003454299404917,0.20307779595662406,0.0414800737249402,0.17177016580467935,0.0551272740926744,0.16154571074035382,0.0487871894618038,0.48162646358233957,0.0597504736315289,0.41486916035809585,0.4182690602248836,0.3513747451293441,0.4816670548685432
S_1193_S1_TEX_gap_020,GazeBase,1193,S_1193_S1_TEX,5,229.0,pchip,linear,0.0138285389656916,0.0138285389656916,0.0107678601630218,0.0,0.0030606788026697994,False,0.10725117195754358,0.0170912063632686,0.08082110244283972,0.0121677476840156,0.06602745864152143,0.0107678601630218,0.05794830576100796,0.0138285389656916,0.18774917706361943,0.0500426655317723,0.2625517680813189,0.2676818370012346,0.1706234905603663,0.1131484238465555
S_1219_S1_TEX_gap_001,GazeBase,1219,S_1219_S1_TEX,1,47.0,pchip,template,0.0504981364425344,0.0504981364425344,0.0327578171195143,0.0,0.017740319323020094,False,0.5747339540225417,0.0926881152417305,0.5232430911072884,0.0657420224029389,0.46054817344108373,0.0466340426357586,0.4586871155706929,0.0504981364425344,1.0390202932815633,0.0918393001281465,0.6702674290146438,0.0360097411592274,0.6197860603550895,0.0327578171195143
S_1219_S1_TEX_gap_002,GazeBase,1219,S_1219_S1_TEX,1,19.0,pchip,local_natural_cubic_spline,0.1713388384606593,0.1713388384606593,0.1125862703836419,0.0,0.05875256807701741,False,0.23781546364990483,0.5056915516738879,0.14890817775573015,0.3136025354379714,0.09611976920420132,0.2335289098607533,0.08500886493792285,0.1713388384606593,0.1074207313319804,0.1125862703836419,0.12069155267638167,0.2352489054317516,0.10977705175414561,0.2487018485114829
S_1219_S1_TEX_gap_003,GazeBase,1219,S_1219_S1_TEX,1,27.0,linear,pchip,0.0294050704468881,0.0291276118447696,0.0291276118447696,-0.00027745860211850215,0.00027745860211850215,False,0.4632052466163607,0.0463765179130563,0.39572350157674485,0.0361429838827281,0.32966581561858105,0.0294050704468881,0.33457305099070905,0.0291276118447696,0.5955183846230051,0.050498931367083,0.41125396888863686,0.033600181737726,0.3882302967219931,0.0316216380146878
S_1219_S1_TEX_gap_004,GazeBase,1219,S_1219_S1_TEX,1,33.0,pchip,local_natural_cubic_spline,0.275604695576374,0.275604695576374,0.0815204649367616,0.0,0.19408423063961242,False,0.21671853123502366,0.4294602094315559,0.16942201903196172,0.3552363501779437,0.13010450928918682,0.3094026132800047,0.11904444429639031,0.275604695576374,0.31110686154875605,0.0815204649367616,0.2109359205759602,0.4021372346446802,0.17058352373635458,0.3372059446001957
S_1219_S1_TEX_gap_005,GazeBase,1219,S_1219_S1_TEX,2,98.0,pchip,nearest_boundary,0.1537588391781625,0.1537588391781625,0.1266205203445584,0.0,0.027138318833604097,False,0.6207326267578152,0.1910212155376613,0.5797940330669814,0.1266205203445584,0.5319029798467371,0.1413322069694107,0.5298000191972766,0.1537588391781625,1.7064440453186973,0.533685981058481,0.7417139293168153,0.1518502164857208,0.698269455690914,0.1454210636029879
S_1219_S1_TEX_gap_006,GazeBase,1219,S_1219_S1_TEX,2,80.0,pchip,linear,0.0504441835558211,0.0504441835558211,0.0502256848579409,0.0,0.00021849869788020254,False,0.14093773848767002,0.0653525116259003,0.1251249735550126,0.0508098237748299,0.10401689269950667,0.0502256848579409,0.10092273164081587,0.0504441835558211,0.20067132652033318,0.182370916529364,0.9862343736457843,1.1934231525430272,0.8316237624764881,0.7788944412404577
S_1219_S1_TEX_gap_007,GazeBase,1219,S_1219_S1_TEX,2,100.0,pchip,local_natural_cubic_spline,0.2518629714298502,0.2518629714298502,0.2506931748459662,0.0,0.0011697965838839974,False,0.6023591426498769,0.5359773172448095,0.38060558282933643,0.3878857399464638,0.30316456139430853,0.2979995812075212,0.26960230532227103,0.2518629714298502,0.2706795480505942,0.2506931748459662,0.3360124775331155,0.3336732371761215,0.31337494098118296,0.3060797326263062
S_1219_S1_TEX_gap_008,GazeBase,1219,S_1219_S1_TEX,2,81.0,pchip,polyfit_bic,0.2142439209803316,0.2142439209803316,0.1957105438891925,0.0,0.018533377091139086,False,0.29496644686608986,0.3146177913712386,0.2547737081139043,0.2547810270997125,0.21911178922988206,0.2013083283140107,0.2137294652834317,0.2142439209803316,0.4879020861716949,0.4186238346116836,0.37733141349401306,0.1957105438891925,0.35381534843023504,0.2616045843428459
S_1219_S1_TEX_gap_009,GazeBase,1219,S_1219_S1_TEX,3,143.0,pchip,local_natural_cubic_spline,0.2541045164047617,0.2541045164047617,0.2461869202094887,0.0,0.007917596195273019,False,0.678732052821161,0.5826825874517428,0.39540782892071596,0.3229972733729483,0.3104669733574681,0.2826625003445713,0.285899200734363,0.2541045164047617,0.2923777890897394,0.2461869202094887,0.3377038424323313,0.3161856848989071,0.3142111326856751,0.2832119349995733
S_1219_S1_TEX_gap_010,GazeBase,1219,S_1219_S1_TEX,3,123.0,linear,polyfit_bic,0.1079120280064214,0.0980215791707855,0.0691457775295802,-0.009890448835635904,0.038766250476841194,False,0.73614481826448,0.2057974305512937,0.6595169325817746,0.1529231512804028,0.598242164777593,0.1079120280064214,0.621114282972085,0.0980215791707855,2.635979358786551,0.1474223262549107,0.7148771768960109,0.0691457775295802,0.7157802876126034,0.08427463313555
S_1219_S1_TEX_gap_011,GazeBase,1219,S_1219_S1_TEX,3,142.0,pchip,polyfit_bic,0.0825931357853827,0.0825931357853827,0.0426253415259233,0.0,0.0399677942594594,False,0.7352966780135394,0.2378159716604522,0.6269187983509226,0.1341414932788134,0.5412054361474463,0.0714146086218037,0.538018142166537,0.0825931357853827,1.3646116436701414,0.0963726349765374,0.696616807837269,0.0426253415259233,0.664435075472293,0.0519177235690603
S_1219_S1_TEX_gap_012,GazeBase,1219,S_1219_S1_TEX,3,102.0,pchip,pchip,0.1395170973405233,0.1395170973405233,0.1395170973405233,0.0,0.0,True,0.2750023574125561,0.3951132564595342,0.22450464231482378,0.2728637216906037,0.17375172195765212,0.2114945231856523,0.14442768402976688,0.1395170973405233,0.4072438044197497,0.6856005554561186,0.3200469890873984,0.4516327501151752,0.21923742925558787,0.2689601753006548
S_1219_S1_TEX_gap_013,GazeBase,1219,S_1219_S1_TEX,4,153.0,pchip,template,0.4492310088377997,0.4492310088377997,0.4102771801948623,0.0,0.038953828642937394,False,0.6730699168976146,0.5097716225821722,0.39908224107735374,0.5296406162654418,0.3139216553348014,0.4149875415703641,0.2948266248749655,0.4492310088377997,0.3021774660093836,0.4478561372181259,0.33560092140240294,0.4290885586421677,0.3155049909543986,0.4102771801948623
S_1219_S1_TEX_gap_014,GazeBase,1219,S_1219_S1_TEX,4,192.0,pchip,linear,0.5189211073005813,0.5189211073005813,0.4342759283737375,0.0,0.08464517892684376,False,0.6785516959132787,0.9549147176713682,0.44455617415019477,0.5940987256195662,0.36422787880673246,0.4342759283737375,0.3479259458295995,0.5189211073005813,0.3677067077771345,0.5264612482010069,0.40552460930211187,0.5979041042876799,0.3922947796754031,0.5558719402966804
S_1219_S1_TEX_gap_015,GazeBase,1219,S_1219_S1_TEX,4,185.0,pchip,forward_fill,0.2451971600855665,0.2451971600855665,0.1690447924691226,0.0,0.0761523676164439,False,0.536969471456719,0.1690447924691226,0.39449494310884214,0.5586276991049126,0.3255629346979954,0.4157950419942396,0.30776672631376584,0.2451971600855665,0.4413271551716677,1.2567169437630623,0.42508071061500785,0.4992643212752707,0.39283206567213985,0.6195601789356174
S_1219_S1_TEX_gap_016,GazeBase,1219,S_1219_S1_TEX,4,156.0,pchip,pchip,0.3175468238340915,0.3175468238340915,0.3175468238340915,0.0,0.0,True,0.5697324381306368,0.8192871329327458,0.3779249060378649,0.4217922704311868,0.310030407017442,0.329710498463862,0.290894780141158,0.3175468238340915,0.35109865212911473,0.3418785746709153,0.35620022750526076,0.446673334706048,0.33666582498434006,0.5184468900017727
S_1219_S1_TEX_gap_017,GazeBase,1219,S_1219_S1_TEX,5,233.0,pchip,polyfit_bic,0.1029412313458848,0.1029412313458848,0.1011865703234467,0.0,0.0017546610224380976,False,0.32469295213580046,0.2499738165221409,0.2124684081623106,0.1612261033813423,0.16555808010732018,0.1089020752786021,0.1392651602602968,0.1029412313458848,0.24982828788151995,0.1039210142479738,0.26121718476454314,0.1011865703234467,0.18671140350315826,0.1547704451791073
S_1219_S1_TEX_gap_018,GazeBase,1219,S_1219_S1_TEX,5,247.0,pchip,template,0.1634778508328962,0.1634778508328962,0.1374301061713871,0.0,0.02604774466150911,False,0.25060022644344204,0.1661881968928151,0.1853800206386094,0.2266792617622987,0.15117401817211257,0.1703146901335074,0.1297636132037739,0.1634778508328962,0.21245691836432562,0.1696724567121681,0.23122774511106098,0.1683431451904203,0.17274879520682299,0.1374301061713871
S_1219_S1_TEX_gap_019,GazeBase,1219,S_1219_S1_TEX,5,209.0,pchip,pchip,0.2340064385336368,0.2340064385336368,0.2340064385336368,0.0,0.0,True,0.6905405932348369,0.6492544311019858,0.4004678714208194,0.2581503048528479,0.3200127041803845,0.278441826567234,0.2959878854320699,0.2340064385336368,0.30095113470040735,0.2351952887754147,0.347166612113309,0.3336716341245316,0.32430863897031176,0.290672207240419
S_1219_S1_TEX_gap_020,GazeBase,1219,S_1219_S1_TEX,5,218.0,pchip,pchip,0.0871014041591791,0.0871014041591791,0.0871014041591791,0.0,0.0,True,0.23671411120261457,0.3176817803636885,0.17967379419394758,0.1874243224247296,0.14329700292524453,0.1355020636043362,0.1285058408738057,0.0871014041591791,0.33844599652037,0.395426811303453,0.26382486084810636,0.5943161073649568,0.20151352195807806,0.3591053118283339
S_1219_S2_TEX_gap_001,GazeBase,1219,S_1219_S2_TEX,1,6.0,pchip,pchip,0.0183664290599112,0.0183664290599112,0.0183664290599112,0.0,0.0,True,0.2105632634453056,0.0195943535762459,0.17424523222436747,0.0204355152488182,0.14679906785398905,0.0190717198032365,0.13814260149656568,0.0183664290599112,0.2336990222983336,0.0221661143732301,0.21497518588980077,0.025222991464747,0.20149545722631912,0.0201648253810149
S_1219_S2_TEX_gap_002,GazeBase,1219,S_1219_S2_TEX,1,37.0,pchip,pchip,0.0047422919007492,0.0047422919007492,0.0047422919007492,0.0,0.0,True,0.3228031884495796,0.415901541920618,0.23717900791210805,0.1955187222908524,0.18259186334964775,0.0314173527913151,0.15262769667539608,0.0047422919007492,0.19689062386691994,0.0074321051680455,0.24655936173524076,0.0521005570031479,0.21540955982403354,0.0506289483052032
S_1219_S2_TEX_gap_003,GazeBase,1219,S_1219_S2_TEX,1,10.0,pchip,local_natural_cubic_spline,0.0556004895618367,0.0556004895618367,0.0258589581905501,0.0,0.029741531371286597,False,0.25714728304901036,0.3005812604122299,0.20294902385573363,0.1678703081630647,0.1608974818652186,0.1106558444950687,0.15519678514073856,0.0556004895618367,0.21800939951466694,0.0258589581905501,0.24443066649485526,0.2312999551098189,0.22779424705961343,0.2144582545179941
S_1219_S2_TEX_gap_004,GazeBase,1219,S_1219_S2_TEX,1,50.0,pchip,forward_fill,0.042867633886811,0.042867633886811,0.0173008325437491,0.0,0.025566801343061902,False,0.12477279679252698,0.0173008325437491,0.11617733355169892,0.0695023148743153,0.09724640993404834,0.0593470063426827,0.08547822462978237,0.042867633886811,0.3013699258521456,0.164717823575687,0.2759054839345312,0.3783579796445849,0.19886936136970612,0.1928063665569024
S_1219_S2_TEX_gap_005,GazeBase,1219,S_1219_S2_TEX,2,61.0,linear,linear,0.0663880289299287,0.097697621721677,0.0663880289299287,0.03130959279174829,0.0,True,0.32892854098636937,0.1340515853195198,0.2955275557864401,0.0754881308641258,0.24969928592138477,0.0663880289299287,0.2508379050770157,0.097697621721677,0.5464042242659639,0.2539670123091592,1.2123536580956706,0.5878745326067873,1.0514970073391416,0.3773531463945656
S_1219_S2_TEX_gap_006,GazeBase,1219,S_1219_S2_TEX,2,77.0,pchip,nearest_boundary,0.2293550047764118,0.2293550047764118,0.1355783706026965,0.0,0.09377663417371529,False,0.6402757712504442,0.7189838577939524,0.4522048770745853,0.1355783706026965,0.37620213321156726,0.2593776161977576,0.3615838609884856,0.2293550047764118,0.44734515166554034,0.2358479322949415,0.4067192056908989,0.3108558074392731,0.38972306742876717,0.262680027276761
S_1219_S2_TEX_gap_007,GazeBase,1219,S_1219_S2_TEX,2,50.0,pchip,pchip,0.2484934383005018,0.2484934383005018,0.2484934383005018,0.0,0.0,True,0.30442323742746014,0.6725565239753507,0.23081161232478298,0.3969724197800076,0.18342596414399165,0.3639647671328265,0.1793418110460102,0.2484934383005018,0.30097440500818473,0.3221118431641367,0.25393388440773623,0.4697398107870896,0.23523754145342987,0.2844891133813007
S_1219_S2_TEX_gap_008,GazeBase,1219,S_1219_S2_TEX,2,60.0,pchip,pchip,0.0268146097120231,0.0268146097120231,0.0268146097120231,0.0,0.0,True,0.17512990747889728,0.1268473123152839,0.14662046633756207,0.0662165513333896,0.1234525524442055,0.033491699624459,0.11527630072288829,0.0268146097120231,0.23247447027965407,0.0413145919840359,0.22884903911421212,0.3108302646395912,0.2031241127776367,0.245072873913572
S_1219_S2_TEX_gap_009,GazeBase,1219,S_1219_S2_TEX,3,116.0,pchip,polyfit_bic,0.1456313173926469,0.1456313173926469,0.1162777284226937,0.0,0.0293535889699532,False,0.5360417116358422,0.5630566415220427,0.3702783732182352,0.3102806228816558,0.29918790566118736,0.1452278565086079,0.26690688352082725,0.1456313173926469,0.2958462980868515,0.1447477866759245,0.33663568093742535,0.1162777284226937,0.31050499292645845,0.1260938367546282
S_1219_S2_TEX_gap_010,GazeBase,1219,S_1219_S2_TEX,3,116.0,pchip,local_natural_cubic_spline,0.1856471794063039,0.1856471794063039,0.0563139640452166,0.0,0.1293332153610873,False,0.5772213869105203,0.7402517260672061,0.3747512519830807,0.4345910150859542,0.29459409155800126,0.3228875666138462,0.25193297325489583,0.1856471794063039,0.25998804019122174,0.0563139640452166,0.3350300670157752,0.3912948923100243,0.30138087328876806,0.3403212268744834
S_1219_S2_TEX_gap_011,GazeBase,1219,S_1219_S2_TEX,3,109.0,pchip,template,0.1672699151336863,0.1672699151336863,0.0681196432268137,0.0,0.0991502719068726,False,0.2931240320780114,0.3285724840688734,0.2520292763177807,0.2197845548603426,0.19823041274170186,0.0938061815109348,0.16588629108486622,0.1672699151336863,0.4551759525812132,0.509512196478461,0.35353764058916604,0.1464985952203824,0.2535708488855369,0.0681196432268137
S_1219_S2_TEX_gap_012,GazeBase,1219,S_1219_S2_TEX,3,140.0,pchip,forward_fill,0.0203320907002453,0.0203320907002453,0.0075237164894619,0.0,0.0128083742107834,False,0.09031236269234294,0.0075237164894619,0.07832074389103061,0.0273370161885182,0.06367562790537548,0.0232409996380673,0.05520453704687551,0.0203320907002453,0.1696742597522289,0.4750041305392914,0.2449789943729191,0.2412246409171561,0.15114380568223984,0.0444326006163535
S_1219_S2_TEX_gap_013,GazeBase,1219,S_1219_S2_TEX,4,168.0,pchip,pchip,0.0373056700869841,0.0373056700869841,0.0373056700869841,0.0,0.0,True,0.1744864434588152,0.0598932036849822,0.13556583155974955,0.0448783729956359,0.10973781331924036,0.0393457970102729,0.09761375672837028,0.0373056700869841,0.3674854579691239,0.1687055479156336,0.2810804614752805,0.366838626770579,0.1774568081446186,0.1283004851276645
S_1219_S2_TEX_gap_014,GazeBase,1219,S_1219_S2_TEX,4,157.0,pchip,linear,0.015658953638184,0.015658953638184,0.013468066359809,0.0,0.002190887278374999,False,0.11478629136043723,0.0770634748808631,0.09611993876910702,0.0350988522319181,0.08017897452517729,0.013468066359809,0.07658136543597242,0.015658953638184,0.24181836085800804,0.1114591427487436,0.2638687292802816,0.2484086856682661,0.2219910960853437,0.2889931351696344
S_1219_S2_TEX_gap_015,GazeBase,1219,S_1219_S2_TEX,4,181.0,pchip,nearest_boundary,0.218481217063696,0.218481217063696,0.1238485933352434,0.0,0.0946326237284526,False,0.5166370458188945,0.6160629898939135,0.3422108078785597,0.1238485933352434,0.2753147625793087,0.1940296668311771,0.24976582971000316,0.218481217063696,0.28535897891001755,0.3367412561897151,0.3067613669414316,0.2234018137471587,0.2893598907909964,0.1933168050032737
S_1219_S2_TEX_gap_016,GazeBase,1219,S_1219_S2_TEX,4,180.0,pchip,nearest_boundary,0.2043033060641225,0.2043033060641225,0.1804572307266068,0.0,0.023846075337515704,False,0.7127838530736151,0.7173768690546357,0.4005939689418483,0.1804572307266068,0.3222646307059536,0.2521119973873459,0.30827668193600494,0.2043033060641225,0.31309430413038586,0.206743935802607,0.367705639329766,0.3308744737670815,0.34495739773610146,0.2663439090836488
S_1219_S2_TEX_gap_017,GazeBase,1219,S_1219_S2_TEX,5,221.0,pchip,template,0.1078782549347033,0.1078782549347033,0.0660664124394011,0.0,0.04181184249530219,False,0.23336199353899825,0.2632394358786561,0.16420127997529785,0.101089020013118,0.13488081930260923,0.1246048399373523,0.11649834473696813,0.1078782549347033,0.15371339849321883,0.0982462321283374,0.21410810604371538,0.13968612686308,0.15775180830770996,0.0660664124394011
S_1219_S2_TEX_gap_018,GazeBase,1219,S_1219_S2_TEX,5,243.0,pchip,template,0.2376996773259509,0.2376996773259509,0.1861342439097152,0.0,0.051565433416235706,False,0.5724724337812058,0.5257747768120806,0.374146668563894,0.3326337810201404,0.3019633153956901,0.2761839899192407,0.28222186848332775,0.2376996773259509,0.3324311481212696,0.2183371984206313,0.35874288920742187,0.3435245066176515,0.3440412493120069,0.1861342439097152
S_1219_S2_TEX_gap_019,GazeBase,1219,S_1219_S2_TEX,5,225.0,pchip,linear,0.0719099115637131,0.0719099115637131,0.0677426207441972,0.0,0.004167290819515904,False,0.2207989368969506,0.1977084562979545,0.20498143672472707,0.1096964253834596,0.16659911114276318,0.0677426207441972,0.15055077145382034,0.0719099115637131,0.3942777694320393,0.0836692927920851,0.3740206966025558,0.5993514676931836,0.2882538249497755,0.4868614938209501
S_1219_S2_TEX_gap_020,GazeBase,1219,S_1219_S2_TEX,5,249.0,pchip,local_natural_cubic_spline,0.131813864494012,0.131813864494012,0.1149618294253911,0.0,0.016852035068620902,False,0.3349632005159337,0.3983979526927796,0.2325362717749008,0.1151683496661516,0.18100230124485633,0.1531314162141772,0.16109251729373272,0.131813864494012,0.27167756842888197,0.1149618294253911,0.2527243377272261,0.1714434655383441,0.20201979490857241,0.1168752936753615
S_1239_S1_TEX_gap_001,GazeBase,1239,S_1239_S1_TEX,1,17.0,pchip,polyfit_bic,0.0659831222045906,0.0659831222045906,0.0302059955674117,0.0,0.0357771266371789,False,0.1264689803934292,0.222914281135807,0.08289738576179043,0.1338201198571274,0.057875276933073996,0.09357601355547,0.04717674861669179,0.0659831222045906,0.06023492800524677,0.0639203579477639,0.10976264303987512,0.0302059955674117,0.08992258955493115,0.0745001264904985
S_1239_S1_TEX_gap_002,GazeBase,1239,S_1239_S1_TEX,1,9.0,pchip,template,0.0172202158475406,0.0172202158475406,0.0103934989699872,0.0,0.0068267168775534015,False,0.2961785577872107,0.0399748987776689,0.2383891905821794,0.0229990419941992,0.19387223110429894,0.0138000831722838,0.19170030867090562,0.0172202158475406,0.2763110628664141,0.0226012977213758,0.2646394037700572,0.013153632734188,0.24143921881853633,0.0103934989699872
S_1239_S1_TEX_gap_003,GazeBase,1239,S_1239_S1_TEX,1,27.0,linear,polyfit_bic,0.0623870216892695,0.0598416439703,0.0513193146453018,-0.0025453777189695034,0.0110677070439677,False,0.38941012474850206,0.0688191085681723,0.31611054072578154,0.0712085275105433,0.26184822608751324,0.0623870216892695,0.26795483042142787,0.0598416439703,0.4409605810343498,0.0585305909695766,0.3456122271602765,0.0513193146453018,0.3261555346267743,0.0631976790191714
S_1239_S1_TEX_gap_004,GazeBase,1239,S_1239_S1_TEX,1,4.0,pchip,polyfit_bic,0.0187631927778912,0.0187631927778912,0.0077813988664524,0.0,0.0109817939114388,False,0.14230301998635184,0.0171113050585549,0.11312165639114984,0.0204953990550386,0.0918581197092341,0.0203709005499664,0.08037267573475072,0.0187631927778912,0.09951057788744234,0.0203876960814115,0.14535902092016345,0.0077813988664524,0.13442011916187738,0.0125850935969136
S_1239_S1_TEX_gap_005,GazeBase,1239,S_1239_S1_TEX,2,83.0,pchip,pchip,0.014568173242689,0.014568173242689,0.014568173242689,0.0,0.0,True,0.08454507279885874,0.0225790096478262,0.06448221849052226,0.0146932986753402,0.05312694606980797,0.0151537517116097,0.04614804804592551,0.014568173242689,0.10216972693118276,0.0345872323645286,0.2041152785754805,0.0880208557081666,0.15597685967670866,0.0871850390935869
S_1239_S1_TEX_gap_006,GazeBase,1239,S_1239_S1_TEX,2,78.0,pchip,pchip,0.2386980571481362,0.2386980571481362,0.2386980571481362,0.0,0.0,True,0.34264086343814676,0.560541718229517,0.2929053791486645,0.4048105588757532,0.23514119686767387,0.3344151011298308,0.20514992621816203,0.2386980571481362,0.4186063538855224,0.781625594830824,0.3392998884167252,0.4599734830713485,0.2704067220309727,0.3596695606093305
S_1239_S1_TEX_gap_007,GazeBase,1239,S_1239_S1_TEX,2,66.0,pchip,linear,0.1130132433756662,0.1130132433756662,0.060512731551455,0.0,0.052500511824211206,False,0.31237769328529774,0.1635541494822545,0.2422364601241369,0.1071758219493706,0.2100927759495699,0.060512731551455,0.20570048404395547,0.1130132433756662,0.40546412794406245,0.1300843208405945,0.7936991306947379,0.8262780327462326,0.7510366549522897,0.9720373870131516
S_1239_S1_TEX_gap_008,GazeBase,1239,S_1239_S1_TEX,2,74.0,linear,forward_fill,0.0752565691944454,0.0661359875215191,0.0391440599214888,-0.0091205816729263,0.0361125092729566,False,0.3938900906037294,0.0391440599214888,0.3520657273518094,0.0900079004401056,0.3050520270354516,0.0752565691944454,0.3064892150171875,0.0661359875215191,0.7178152986709909,0.2113104049265391,1.3049697889736338,0.2672895188012265,1.189287561378385,0.4526600951118342
S_1239_S1_TEX_gap_009,GazeBase,1239,S_1239_S1_TEX,3,113.0,pchip,linear,0.0086677993103694,0.0086677993103694,0.0046491146165359,0.0,0.004018684693833501,False,0.04313555277098342,0.0096144830421696,0.03338473214607251,0.0057444182562421,0.026948802833477992,0.0046491146165359,0.023397700568033867,0.0086677993103694,0.0467725496667645,0.0376538759220561,0.15272332980916942,0.0602703577518118,0.13804457618714186,0.1169020455013668
S_1239_S1_TEX_gap_010,GazeBase,1239,S_1239_S1_TEX,3,120.0,pchip,local_natural_cubic_spline,0.2463601730281777,0.2463601730281777,0.2334606626838126,0.0,0.012899510344365095,False,0.6852189909778105,0.8080384077533503,0.4119835404934611,0.3634231042725532,0.32214226933917267,0.2753036785558601,0.3045853430874913,0.2463601730281777,0.3126416274500794,0.2334606626838126,0.34297112241509536,0.3130910915037563,0.3237468865377501,0.275874327132905
S_1239_S1_TEX_gap_011,GazeBase,1239,S_1239_S1_TEX,3,114.0,pchip,local_natural_cubic_spline,0.2383060510102515,0.2383060510102515,0.2286682088457481,0.0,0.009637842164503418,False,0.6557576880226162,0.7846604799450474,0.429008874022202,0.2579412033304638,0.34688089201165373,0.2830570020383505,0.32390437559348056,0.2383060510102515,0.33071094083588415,0.2286682088457481,0.3679632130536053,0.3178661848806718,0.35120162310049485,0.2728469496068875
S_1239_S1_TEX_gap_012,GazeBase,1239,S_1239_S1_TEX,3,121.0,pchip,pchip,0.2126752071327142,0.2126752071327142,0.2126752071327142,0.0,0.0,True,0.5938356694011828,0.7571546252730237,0.4601385263688265,0.2922513017980774,0.3629356684681692,0.2491375715577641,0.33595166972617035,0.2126752071327142,0.34187792413184903,0.2227683422776665,0.38487118092223516,0.2991495726211672,0.36987382987582895,0.2480551567157666
S_1239_S1_TEX_gap_013,GazeBase,1239,S_1239_S1_TEX,4,188.0,pchip,nearest_boundary,0.2144907399960006,0.2144907399960006,0.1725396210480625,0.0,0.0419511189479381,False,0.6070772904522882,0.7394952909721635,0.37586402666329455,0.1725396210480625,0.2992768237432282,0.2667474003682356,0.2785240501646875,0.2144907399960006,0.2886360446977093,0.1981687215832681,0.322852994773003,0.3057439972301925,0.3075304610980538,0.2937589631948821
S_1239_S1_TEX_gap_014,GazeBase,1239,S_1239_S1_TEX,4,160.0,pchip,template,0.4016720255403542,0.4016720255403542,0.3786501493128605,0.0,0.023021876227493687,False,0.6973545713643553,0.4710201465718286,0.42868237273545795,0.5163615719302435,0.336864195209029,0.3846538197978946,0.3197409528317181,0.4016720255403542,0.32746919913112577,0.3991638895875627,0.36034022870354465,0.3880975757233173,0.3411975398823522,0.3786501493128605
S_1239_S1_TEX_gap_015,GazeBase,1239,S_1239_S1_TEX,4,194.0,pchip,local_natural_cubic_spline,0.2303601710448221,0.2303601710448221,0.2003255606075286,0.0,0.030034610437293496,False,0.6269115034226626,0.6132033736129694,0.3581016413349717,0.2508467156963768,0.2920961757597075,0.270243996506698,0.26621993055192966,0.2303601710448221,0.27768182311709266,0.2003255606075286,0.33534093336325715,0.3330273943522117,0.3092775238177645,0.2775746106100381
S_1239_S1_TEX_gap_016,GazeBase,1239,S_1239_S1_TEX,4,173.0,pchip,linear,0.0135327472841681,0.0135327472841681,0.0110585192168377,0.0,0.0024742280673304,False,0.20628881645313107,0.0199422705234212,0.17240160719600697,0.0199410731107846,0.14901568410922325,0.0110585192168377,0.14099025567904971,0.0135327472841681,0.343167161638185,0.0273774856852027,0.44068358313312905,0.2638496619675822,0.38822337094651,0.3032101600258478
S_1239_S1_TEX_gap_017,GazeBase,1239,S_1239_S1_TEX,5,231.0,pchip,local_natural_cubic_spline,0.1975086720538704,0.1975086720538704,0.1789820223501399,0.0,0.018526649703730497,False,0.6607989538627023,0.7329867460379733,0.47059993334743894,0.2318481069489939,0.40632210848414224,0.2412507827659457,0.3835953392109152,0.1975086720538704,0.7137020439414503,0.1789820223501399,0.8073208717857091,0.8958304147311444,0.7546253365397463,0.7800921486465051
S_1239_S1_TEX_gap_018,GazeBase,1239,S_1239_S1_TEX,5,219.0,local_natural_cubic_spline,forward_fill,0.6263872509643904,0.4884216680475766,0.3601379135198501,-0.13796558291681382,0.2662493374445403,False,0.6124702138520407,0.3601379135198501,0.3455274088749748,0.6106042732351564,0.28790194521562834,0.4610921693690053,0.2597959736645645,0.4884216680475766,0.2591046062864909,0.6263872509643904,0.3174617697166097,0.4204697975789232,0.2912971390022551,0.454227690980051
S_1239_S1_TEX_gap_019,GazeBase,1239,S_1239_S1_TEX,5,228.0,pchip,pchip,0.0753070274658597,0.0753070274658597,0.0753070274658597,0.0,0.0,True,0.2327180279617937,0.2084136406452053,0.16538891214400075,0.145096268992967,0.1298695661276429,0.1177591328553378,0.10937334472495787,0.0753070274658597,0.2875604112109675,0.473827561056132,0.2742659804348478,0.3716247687626917,0.17204148695173566,0.2010524181042559
S_1239_S1_TEX_gap_020,GazeBase,1239,S_1239_S1_TEX,5,215.0,pchip,local_natural_cubic_spline,0.212339500440203,0.212339500440203,0.1838431448727642,0.0,0.02849635556743879,False,0.6083805249652068,0.6319979129040754,0.41075829535516317,0.1925668133913536,0.3266870868590637,0.2577577333312604,0.30003803181499367,0.212339500440203,0.31124669721220366,0.1838431448727642,0.357657773831133,0.302252775871797,0.33792601773201164,0.2574294068722775
S_1239_S2_TEX_gap_001,GazeBase,1239,S_1239_S2_TEX,1,20.0,pchip,pchip,0.0217943665170222,0.0217943665170222,0.0217943665170222,0.0,0.0,True,0.3062066033035166,0.0237658905593991,0.2644451972625228,0.0229568122272248,0.22553329161107807,0.0227071312689012,0.22308763542272672,0.0217943665170222,0.42366100625018716,0.0614051714163761,0.34710310166306024,0.0547015762994797,0.30919928144234526,0.041716152464021
S_1239_S2_TEX_gap_002,GazeBase,1239,S_1239_S2_TEX,1,22.0,pchip,polyfit_bic,0.0444083255176211,0.0444083255176211,0.0315782065356018,0.0,0.0128301189820193,False,0.20452116361389158,0.0377967173580099,0.15958598198182608,0.0425869601061074,0.12946697034487978,0.0411312868155357,0.12594695326161306,0.0444083255176211,0.2209545335111146,0.0749724232558228,0.3872247537799454,0.0315782065356018,0.3264116730687664,0.0373855104288298
S_1239_S2_TEX_gap_003,GazeBase,1239,S_1239_S2_TEX,1,43.0,linear,pchip,0.0666866971013752,0.0376439130423298,0.0376439130423298,-0.029042784059045403,0.029042784059045403,False,0.5403318333358884,0.1633059091772802,0.48170899109347465,0.089908654392208,0.414769839588797,0.0666866971013752,0.4167997000377058,0.0376439130423298,1.1967261802985798,0.0476824360443379,0.5634502717135123,0.0577189005522863,0.5428759093941796,0.0528868832301979
S_1239_S2_TEX_gap_004,GazeBase,1239,S_1239_S2_TEX,1,7.0,pchip,local_natural_cubic_spline,0.0242427707445466,0.0242427707445466,0.0208309080515176,0.0,0.003411862693028997,False,0.23054211842943975,0.0292741572190703,0.18798860250383073,0.0257157576584854,0.15684578723386988,0.0256089378812585,0.15111020801446207,0.0242427707445466,0.2505648425874642,0.0208309080515176,0.22513892934783183,0.021329673648019,0.20643846129227864,0.0228040449920566
S_1239_S2_TEX_gap_005,GazeBase,1239,S_1239_S2_TEX,2,72.0,pchip,local_natural_cubic_spline,0.0631266796684536,0.0631266796684536,0.0484233466354692,0.0,0.014703333032984406,False,0.22217691949454643,0.0809662598570595,0.18460314851013915,0.1085770236214811,0.15934700435034976,0.070686386763146,0.15610717643027733,0.0631266796684536,0.36619069698408585,0.0484233466354692,0.58617476717282,0.1230142013011181,0.5846012498752685,0.3904696253338344
S_1239_S2_TEX_gap_006,GazeBase,1239,S_1239_S2_TEX,2,62.0,linear,pchip,0.0572109187897039,0.0570858659263837,0.0570858659263837,-0.00012505286332020055,0.00012505286332020055,False,0.3456577747422493,0.0652134748715522,0.31184218057134094,0.0571918166020404,0.26860003881864736,0.0572109187897039,0.27375024019559363,0.0570858659263837,0.6037100659904757,0.0689821217024224,1.138057966335162,0.2253027260677374,1.0711449169472955,0.4137125149760001
S_1239_S2_TEX_gap_007,GazeBase,1239,S_1239_S2_TEX,2,73.0,pchip,polyfit_bic,0.0416871781571562,0.0416871781571562,0.0415109869817345,0.0,0.0001761911754217041,False,0.37305795054205404,0.0468334715283934,0.2979094769424134,0.0679522229007271,0.24418885789337902,0.0514486748554625,0.2425967025737855,0.0416871781571562,0.45828588430137146,0.0631580313266991,0.31159834930670527,0.0415109869817345,0.29405305172576135,0.0557070959089851
S_1239_S2_TEX_gap_008,GazeBase,1239,S_1239_S2_TEX,2,56.0,pchip,template,0.3648785653257382,0.3648785653257382,0.3533081756671958,0.0,0.011570389658542402,False,0.6600738840497893,0.8644170848083443,0.4092865522868378,0.4853247227425745,0.3311180582814865,0.3543185105533477,0.30423737878619406,0.3648785653257382,0.30964305997884933,0.4158633230442113,0.35902420389108736,0.359745223099924,0.33955029742094267,0.3533081756671958
S_1239_S2_TEX_gap_009,GazeBase,1239,S_1239_S2_TEX,3,133.0,pchip,local_natural_cubic_spline,0.1486002869097002,0.1486002869097002,0.0643368800958179,0.0,0.08426340681388231,False,0.3667794667651384,0.1432286794011726,0.29371217333126787,0.1393682094276978,0.2503612976071727,0.153320024742644,0.24779949912406424,0.1486002869097002,0.5650645770169169,0.0643368800958179,1.0664548000426997,1.118859267458198,0.9884784996912636,0.7887581914356695
S_1239_S2_TEX_gap_010,GazeBase,1239,S_1239_S2_TEX,3,138.0,pchip,template,0.3895511131604462,0.3895511131604462,0.3751210194341655,0.0,0.014430093726280735,False,0.684704725580051,0.8727840071655139,0.3812394573896249,0.512570848080296,0.29605953378673144,0.3752489341011404,0.2740303960431284,0.3895511131604462,0.2883708796477478,0.3927714399391346,0.32601251039235707,0.3825747757009305,0.2976174395448278,0.3751210194341655
S_1239_S2_TEX_gap_011,GazeBase,1239,S_1239_S2_TEX,3,136.0,pchip,pchip,0.0111544080254991,0.0111544080254991,0.0111544080254991,0.0,0.0,True,0.048414564588514904,0.0160728719103238,0.04487879105731788,0.0140899464840755,0.03634677479054391,0.0124332522288238,0.031473687206831504,0.0111544080254991,0.08679509047289877,0.0423422828177484,0.20538721236325286,0.1951622498033223,0.1518117500606636,0.1427303294848016
S_1239_S2_TEX_gap_012,GazeBase,1239,S_1239_S2_TEX,3,126.0,pchip,pchip,0.4263354977177009,0.4263354977177009,0.4263354977177009,0.0,0.0,True,0.6698356573514138,0.9309430203961168,0.4473994981240244,0.6062266818573957,0.3475799325550033,0.4615649474037678,0.32858968420178725,0.4263354977177009,0.3362708002536131,0.4278267426691952,0.36948611818222366,0.4597790325858091,0.3520893782215245,0.4724867651061932
S_1239_S2_TEX_gap_013,GazeBase,1239,S_1239_S2_TEX,4,163.0,pchip,local_natural_cubic_spline,0.306676898912228,0.306676898912228,0.131730876820361,0.0,0.174946022091867,False,0.6104247743397955,0.85773305676052,0.36170890834864494,0.5793630892145037,0.2773271117208451,0.4504804174734876,0.25347129816158454,0.306676898912228,0.26106214705939784,0.131730876820361,0.3053896621311751,0.4802397217313548,0.27952250722055333,0.462293189171323
S_1239_S2_TEX_gap_014,GazeBase,1239,S_1239_S2_TEX,4,173.0,pchip,local_natural_cubic_spline,0.2238377102801448,0.2238377102801448,0.1717271115141462,0.0,0.05211059876599858,False,0.6770756958733838,0.7999947424637318,0.4568227755290736,0.2990164299713675,0.3680086171035618,0.2783079736507235,0.3493180273034696,0.2238377102801448,0.36798246538604235,0.1717271115141462,0.3941974015903667,0.3318385748783223,0.3789973598560003,0.2827759203055213
S_1239_S2_TEX_gap_015,GazeBase,1239,S_1239_S2_TEX,4,159.0,pchip,forward_fill,0.0950538928008074,0.0950538928008074,0.0678694025590864,0.0,0.027184490241720996,False,0.5402642585791058,0.0678694025590864,0.46474335576870757,0.1376343214059194,0.3899018388457634,0.1251658108617529,0.3760198008583412,0.0950538928008074,0.8848620678786593,0.5553789686197844,3.097415629492536,2.574562167423462,2.1789749769218396,10.939866096988364
S_1239_S2_TEX_gap_016,GazeBase,1239,S_1239_S2_TEX,4,176.0,pchip,forward_fill,0.0223111265827772,0.0223111265827772,0.0192124093404196,0.0,0.0030987172423576,False,0.09111424185550078,0.0192124093404196,0.07320191421186592,0.0223761760754137,0.059728588400542966,0.0193687333280482,0.05051987563851343,0.0223111265827772,0.193017543282172,0.0773796134249648,0.25255517983745607,0.2070236196147015,0.16147713335880864,0.1587878027408903
S_1239_S2_TEX_gap_017,GazeBase,1239,S_1239_S2_TEX,5,220.0,pchip,pchip,0.2711368385011698,0.2711368385011698,0.2711368385011698,0.0,0.0,True,0.676064521136595,0.6309631062043668,0.540134046421151,0.2731992521912805,0.4611556190748265,0.3009230827502712,0.43975867913877736,0.2711368385011698,0.8168709446117818,0.2730433354610689,1.389097471192452,1.613296127785957,1.2254111628741706,1.335715243004627
S_1239_S2_TEX_gap_018,GazeBase,1239,S_1239_S2_TEX,5,223.0,pchip,linear,0.5807783161070104,0.5807783161070104,0.4449498604904801,0.0,0.13582845561653029,False,0.762828521115658,1.1540271492619611,0.4886768952143454,0.5731931550161273,0.39928345247864583,0.4449498604904801,0.37739234490349005,0.5807783161070104,0.4172633806322215,0.7109272671394308,0.4428968617878006,0.4852038460589632,0.4331627852520344,0.5011967933523388
S_1239_S2_TEX_gap_019,GazeBase,1239,S_1239_S2_TEX,5,232.0,pchip,pchip,0.2459792755356395,0.2459792755356395,0.2459792755356395,0.0,0.0,True,0.3389710044918289,0.5392672446642809,0.2543802973643419,0.3770950219833127,0.20479387012688588,0.3048603410854899,0.1855291910384559,0.2459792755356395,0.4072990061491265,0.3012544340559333,0.4198548711894642,0.2678371367554825,0.35867153188253353,0.3060678047527202
S_1239_S2_TEX_gap_020,GazeBase,1239,S_1239_S2_TEX,5,237.0,pchip,pchip,0.2626920240426996,0.2626920240426996,0.2626920240426996,0.0,0.0,True,0.3737170281358643,0.6142730398888009,0.2812637814514323,0.4407985771116831,0.22841561233625549,0.3749449432910312,0.2113449618710328,0.2626920240426996,0.5131135053005681,2.529905151178516,0.3986898320137412,0.3763224099002107,0.3377924886442466,0.2862401076222576
S_1244_S2_TEX_gap_001,GazeBase,1244,S_1244_S2_TEX,1,18.0,pchip,forward_fill,0.0510685838602862,0.0510685838602862,0.0450282466075881,0.0,0.006040337252698098,False,0.1280441758314842,0.0450282466075881,0.11927768638148742,0.0576311929198259,0.09354459721228964,0.0568159042536661,0.08085843805280131,0.0510685838602862,0.1361572652526988,0.0503507458848575,0.20771815995379372,0.0710956492744318,0.16604796731594448,0.0605212098870841
S_1244_S2_TEX_gap_002,GazeBase,1244,S_1244_S2_TEX,1,28.0,pchip,local_natural_cubic_spline,0.0750484830820193,0.0750484830820193,0.0491816883878092,0.0,0.02586679469421009,False,0.1973564658859367,0.2289532430601267,0.1460297957296911,0.1533795527148116,0.11235107696796566,0.1156569171809385,0.09614690837946116,0.0750484830820193,0.16616019031646218,0.0491816883878092,0.21531768805183213,0.214681919045197,0.16654499531418793,0.1971758303223825
S_1244_S2_TEX_gap_003,GazeBase,1244,S_1244_S2_TEX,1,14.0,pchip,forward_fill,0.1040156398435657,0.1040156398435657,0.0689729359180758,0.0,0.0350427039254899,False,0.926967883046489,0.0689729359180758,0.737078223200571,0.1399702644029006,0.6202932822381033,0.0948761251725011,0.6067456951710632,0.1040156398435657,0.9683431836030758,0.1141612323672776,0.8022477859661504,0.089773548541021,0.772676280923782,0.0954030371738756
S_1244_S2_TEX_gap_004,GazeBase,1244,S_1244_S2_TEX,1,26.0,pchip,linear,0.0244047034033291,0.0244047034033291,0.0193117231861561,0.0,0.005092980217172999,False,0.22999508400225077,0.0731142050655293,0.18084177435137147,0.0372324215971708,0.14733824992295336,0.0193117231861561,0.1409240628549771,0.0244047034033291,0.22218069936966742,0.0449421786417793,0.21522575348473366,0.0699588392828888,0.19308925487102052,0.0447866593131365
S_1244_S2_TEX_gap_005,GazeBase,1244,S_1244_S2_TEX,2,51.0,pchip,local_natural_cubic_spline,0.1591054505558286,0.1591054505558286,0.1207688299891724,0.0,0.03833662056665618,False,0.27359810829409453,0.159121506246188,0.258852139941543,0.31319262988392,0.2023214579941342,0.2381943858913195,0.16238530629932768,0.1591054505558286,0.2198857439260422,0.1207688299891724,0.31032639808394585,0.3687481132726695,0.24994733441312494,0.3018314954926349
S_1244_S2_TEX_gap_006,GazeBase,1244,S_1244_S2_TEX,2,57.0,pchip,local_natural_cubic_spline,0.0363976518951595,0.0363976518951595,0.0287113575100672,0.0,0.007686294385092298,False,0.19173296799745493,0.0746297212719825,0.15897806258688768,0.0456504830189331,0.13108321771204026,0.0339123697667182,0.12475460022994779,0.0363976518951595,0.2485722047555792,0.0287113575100672,0.3982899569216475,0.2833398987180109,0.3219862386663707,0.2003307703952769
S_1244_S2_TEX_gap_007,GazeBase,1244,S_1244_S2_TEX,2,98.0,local_natural_cubic_spline,pchip,0.1929057070996556,0.1917508235516963,0.1917508235516963,-0.0011548835479593123,0.0011548835479593123,False,0.6694680694755522,0.7362753531308173,0.4210128163817056,0.2230160183411317,0.3309728393064206,0.2412837078098265,0.3101695635757416,0.1917508235516963,0.30810972183459406,0.1929057070996556,0.3514578304477307,0.2888403335827005,0.33283249305531265,0.2426562648035234
S_1244_S2_TEX_gap_008,GazeBase,1244,S_1244_S2_TEX,2,99.0,pchip,local_natural_cubic_spline,0.0228624457031882,0.0228624457031882,0.0126131690778971,0.0,0.0102492766252911,False,0.19244563717842683,0.1165131656496224,0.15075557397876646,0.0592689189101675,0.1278910379612995,0.0361208424469362,0.11919319592005237,0.0228624457031882,0.2378868117196218,0.0126131690778971,0.5066467789105641,0.6502336372148011,0.4269248154009557,0.3817297570333181
S_1244_S2_TEX_gap_009,GazeBase,1244,S_1244_S2_TEX,3,131.0,pchip,linear,0.5072659709731022,0.5072659709731022,0.4555524824258214,0.0,0.051713488547280806,False,0.5407830914615603,0.8820952113467724,0.3608694460927169,0.6003365313989086,0.291674192634453,0.4555524824258214,0.2761831916628953,0.5072659709731022,0.3299959650159074,0.6036156506102303,0.35214917006749774,0.4748151405269407,0.34497488071162385,0.6235554008668804
S_1244_S2_TEX_gap_010,GazeBase,1244,S_1244_S2_TEX,3,132.0,pchip,linear,0.4461607858032259,0.4461607858032259,0.4105773603976229,0.0,0.035583425405603,False,0.7110128623802144,0.8899586502601339,0.41180865730663835,0.5549434246816457,0.33278262800156627,0.4105773603976229,0.31802384093578007,0.4461607858032259,0.3265733804310105,0.4413167251498175,0.3818848205481929,0.506304781039225,0.3621300826828242,0.4839346996810146
S_1244_S2_TEX_gap_011,GazeBase,1244,S_1244_S2_TEX,3,110.0,pchip,pchip,0.2829641806396111,0.2829641806396111,0.2829641806396111,0.0,0.0,True,0.621615783975589,0.5273593106908524,0.381293557001831,0.3800774533336872,0.3073294792386371,0.2960403342120281,0.2762225558482232,0.2829641806396111,0.28934529434072287,0.2866175396091019,0.3483277948235263,0.3398541595419457,0.32329077880555873,0.3487470061433561
S_1244_S2_TEX_gap_012,GazeBase,1244,S_1244_S2_TEX,3,125.0,pchip,linear,0.0387894100720525,0.0387894100720525,0.0379369524758719,0.0,0.0008524575961805989,False,0.11730635290246229,0.038865687402591,0.11324067961488776,0.0385188232331515,0.09334133436496274,0.0379369524758719,0.0800594159975668,0.0387894100720525,0.3584978199331229,0.0674406082931683,0.3242034525668984,0.3482637241805604,0.19611628905473913,0.1797505126700866
S_1244_S2_TEX_gap_013,GazeBase,1244,S_1244_S2_TEX,4,162.0,pchip,local_natural_cubic_spline,0.2416323380312809,0.2416323380312809,0.2359904067158731,0.0,0.0056419313154078,False,0.6366062035071567,0.5991642935464159,0.39792239532635554,0.2752608508991186,0.3163079220454145,0.2699370490048319,0.28924868013977495,0.2416323380312809,0.29062492294001474,0.2359904067158731,0.3441240541689693,0.3035470805658758,0.32343797310166833,0.2696197022222079
S_1244_S2_TEX_gap_014,GazeBase,1244,S_1244_S2_TEX,4,176.0,pchip,template,0.4317247219625048,0.4317247219625048,0.422623020205739,0.0,0.009101701756765779,False,0.6233462042334369,0.6084092360226618,0.40799433431275434,0.4578142324589002,0.3233136725688919,0.4798343437482443,0.2971746529433088,0.4317247219625048,0.33291052315872455,0.4406251452167439,0.3599864907429544,0.5036091746066552,0.33788263118467043,0.422623020205739
S_1244_S2_TEX_gap_015,GazeBase,1244,S_1244_S2_TEX,4,182.0,pchip,linear,0.018157115150348,0.018157115150348,0.0178906481033562,0.0,0.00026646704699179874,False,0.10400871254687724,0.0292790243353745,0.09088914093639015,0.0241361513608093,0.07493151350283045,0.0178906481033562,0.06645366770816018,0.018157115150348,0.17655741785875118,0.1524696246981066,0.25686288688896547,0.0640550793585337,0.1961416230403217,0.1528886010689871
S_1244_S2_TEX_gap_016,GazeBase,1244,S_1244_S2_TEX,4,191.0,pchip,template,0.6254122815959718,0.6254122815959718,0.5985829830443595,0.0,0.026829298551612313,False,0.783979833312945,1.3658515295590514,0.47513601352651286,0.8073223497629144,0.3923261527550054,0.6016255478300454,0.37237743339045276,0.6254122815959718,0.4105981360888113,0.6198384304589311,0.43715116017651745,0.6304972713882171,0.4248893588534281,0.5985829830443595
S_1244_S2_TEX_gap_017,GazeBase,1244,S_1244_S2_TEX,5,245.0,pchip,pchip,0.4584126022568269,0.4584126022568269,0.4584126022568269,0.0,0.0,True,0.8713085278384569,1.042105513536115,0.509040659143188,0.5908104956783627,0.43102065444183973,0.5083691387570433,0.4091863346037784,0.4584126022568269,0.4502382631302573,0.4797684998875404,0.4992783747832839,0.6905219078974953,0.483203555899921,0.7449212370881503
S_1244_S2_TEX_gap_018,GazeBase,1244,S_1244_S2_TEX,5,244.0,pchip,linear,0.261342856718195,0.261342856718195,0.2144506411165569,0.0,0.046892215601638115,False,0.4062974579739141,0.3333129330351827,0.27536663049378346,0.2895150767781155,0.21971160490913355,0.2144506411165569,0.2019947332486382,0.261342856718195,0.2921028706697052,0.2713434830173869,0.32937007242834926,0.4088097844181153,0.2871102835255133,0.4722329122846881
S_1244_S2_TEX_gap_019,GazeBase,1244,S_1244_S2_TEX,5,203.0,pchip,pchip,0.3733935742171473,0.3733935742171473,0.3733935742171473,0.0,0.0,True,0.7167168972680952,0.8998574454759891,0.431908149571224,0.4784654741338585,0.35343210806171954,0.3813122910785345,0.3381056551489495,0.3733935742171473,0.3543734452971513,0.4688982273022075,0.40829144102818204,0.5272649772466437,0.3902821027843658,0.5310364505511562
S_1244_S2_TEX_gap_020,GazeBase,1244,S_1244_S2_TEX,5,237.0,pchip,template,0.0830119289086507,0.0830119289086507,0.0676467803618179,0.0,0.015365148546832796,False,0.2797017112802929,0.2498113383689284,0.18051125615042946,0.0707689270143058,0.14965932099282164,0.1013892304748982,0.13094621916672936,0.0830119289086507,0.16971791596713554,0.0810843357451828,0.21242911592555383,0.1028265876814926,0.16255593645555166,0.0676467803618179
S_1244_S1_TEX_gap_001,GazeBase,1244,S_1244_S1_TEX,1,26.0,pchip,local_natural_cubic_spline,0.095980993878427,0.095980993878427,0.0485712174198057,0.0,0.0474097764586213,False,0.3690893025422949,0.1362112164837525,0.32224486556455234,0.1088981531891884,0.2764794069228809,0.1067738449851655,0.2749238829218408,0.095980993878427,0.6326587949896365,0.0485712174198057,0.39934692562108937,0.1478498324011987,0.37506525163491816,0.135114558005145
S_1244_S1_TEX_gap_002,GazeBase,1244,S_1244_S1_TEX,1,48.0,linear,pchip,0.0527780794513372,0.0398032634171727,0.0398032634171727,-0.012974816034164505,0.012974816034164505,False,0.5342768275225971,0.0952659035822027,0.49844905223918123,0.0538939464826093,0.4275981432731534,0.0527780794513372,0.4320904076535019,0.0398032634171727,0.9066469538216144,0.0424951023842856,0.5352522386464422,0.084409369840196,0.5041665493675455,0.0665705584311449
S_1244_S1_TEX_gap_003,GazeBase,1244,S_1244_S1_TEX,1,36.0,pchip,local_natural_cubic_spline,0.1804395985231923,0.1804395985231923,0.1566954226792954,0.0,0.023744175843896903,False,0.32110548192617516,0.2340895920917778,0.2661747932403548,0.182642122881224,0.22459859898221105,0.1809433184940262,0.22160554106201322,0.1804395985231923,0.40210563434711166,0.1566954226792954,0.30086577967267014,0.2549447105024365,0.2772740025321363,0.203514263517935
S_1244_S1_TEX_gap_004,GazeBase,1244,S_1244_S1_TEX,1,26.0,linear,local_natural_cubic_spline,0.0198537717426572,0.0194847277276784,0.0171397271827611,-0.0003690440149787984,0.0027140445598961005,False,0.3808621589976658,0.0497440240047828,0.33623322440495584,0.0288029328648695,0.2838004474341787,0.0198537717426572,0.2845767298477601,0.0194847277276784,0.5999319480712513,0.0171397271827611,0.3731729466889186,0.0190346971760012,0.3436526976266064,0.0245439264428527
S_1244_S1_TEX_gap_005,GazeBase,1244,S_1244_S1_TEX,2,68.0,pchip,nearest_boundary,0.1634838224975763,0.1634838224975763,0.1304890841538784,0.0,0.0329947383436979,False,0.5172111858383781,0.6257858825532638,0.3093836727140513,0.1304890841538784,0.2479939222494066,0.2088505649908969,0.21882696410585287,0.1634838224975763,0.2243770774093886,0.1622839570294405,0.2782977223903297,0.2477508016342645,0.25700924213891213,0.2101492336343539
S_1244_S1_TEX_gap_006,GazeBase,1244,S_1244_S1_TEX,2,73.0,pchip,pchip,0.2211702424785625,0.2211702424785625,0.2211702424785625,0.0,0.0,True,0.5773566169941929,0.5205506854522305,0.40584485590949987,0.3442729179735235,0.31942533228884373,0.2693382495824754,0.28548525116876033,0.2211702424785625,0.2955803035349964,0.2257645091392404,0.3488342750712452,0.3037145818136961,0.3279654863203407,0.2718933428850622
S_1244_S1_TEX_gap_007,GazeBase,1244,S_1244_S1_TEX,2,69.0,pchip,pchip,0.0665459927669997,0.0665459927669997,0.0665459927669997,0.0,0.0,True,0.18088347542940542,0.2127080084455356,0.1348150465584086,0.1383660753285983,0.10438861509961768,0.1081690647545812,0.08087471572344346,0.0665459927669997,0.1557845572224008,0.1724714973058989,0.25498004954681663,0.3412178669503548,0.1723143483897499,0.2043272633878846
S_1244_S1_TEX_gap_008,GazeBase,1244,S_1244_S1_TEX,2,78.0,pchip,template,0.0660516509251463,0.0660516509251463,0.0511894091159469,0.0,0.014862241809199393,False,0.32720547454235877,0.1599316487982548,0.2372677819311353,0.0903742582249029,0.1804646064420689,0.063655697936438,0.1731147640001901,0.0660516509251463,0.2752212213530018,0.0684356430588585,0.2390193879826574,0.0723185085856628,0.2180389799879712,0.0511894091159469
S_1244_S1_TEX_gap_009,GazeBase,1244,S_1244_S1_TEX,3,119.0,pchip,forward_fill,0.4111917300596154,0.4111917300596154,0.2735181207271725,0.0,0.13767360933244288,False,0.5581457840628984,0.2735181207271725,0.3972272030308763,0.5727220735814973,0.3087635556121887,0.4458339098872314,0.2735950311748427,0.4111917300596154,0.2745962375365035,0.4057262443975365,0.338799776466659,0.4509647300532876,0.31744580889752283,0.4539443976846846
S_1244_S1_TEX_gap_010,GazeBase,1244,S_1244_S1_TEX,3,132.0,pchip,forward_fill,0.0178830361170808,0.0178830361170808,0.0150705887314683,0.0,0.002812447385612501,False,0.056549600947467436,0.0150705887314683,0.047004880363920656,0.0177773795128786,0.04023230754785063,0.0177196587484525,0.037920917104767464,0.0178830361170808,0.09583667008252911,0.0573402588850854,0.21210966910248977,0.2196145349195758,0.18759939754784485,0.0436090682533622
S_1244_S1_TEX_gap_011,GazeBase,1244,S_1244_S1_TEX,3,142.0,pchip,forward_fill,0.2749924029887089,0.2749924029887089,0.1483948047495483,0.0,0.1265975982391606,False,0.4843799875763481,0.1483948047495483,0.3832804261011188,0.4556755215440087,0.3100697584776443,0.3490970687534357,0.2869242908646628,0.2749924029887089,0.45046854654051366,0.2571927677269151,0.3974847258516636,0.3581154817289524,0.3515825220169703,0.2821240782325369
S_1244_S1_TEX_gap_012,GazeBase,1244,S_1244_S1_TEX,3,108.0,pchip,forward_fill,0.0795963673770833,0.0795963673770833,0.0639679337880275,0.0,0.0156284335890558,False,0.41130805713358376,0.0639679337880275,0.3698089605754713,0.1117224430862797,0.3199003445381067,0.0908580911014176,0.31989556699661953,0.0795963673770833,0.8489043547154611,0.2458039113837021,1.5127573124374163,0.427463925168221,1.4951838754745441,0.6279655145360393
S_1244_S1_TEX_gap_013,GazeBase,1244,S_1244_S1_TEX,4,191.0,pchip,polyfit_bic,0.4274112306982445,0.4274112306982445,0.370541645297524,0.0,0.05686958540072051,False,0.6040264633808006,0.4506008951347082,0.3482679249934641,0.5337726082377676,0.28414719216805173,0.3966224941000651,0.2559892244530792,0.4274112306982445,0.2563819752250139,0.4221673420261241,0.31016504338985756,0.370541645297524,0.2865703854311199,0.3857602556993321
S_1244_S1_TEX_gap_014,GazeBase,1244,S_1244_S1_TEX,4,159.0,pchip,polyfit_bic,0.2986453007803165,0.2986453007803165,0.220869121019707,0.0,0.07777617976060949,False,0.6244762420756749,0.48855677691087,0.48504972249660766,0.4581626708414817,0.4056781818434317,0.3324211719837326,0.39085682408579847,0.2986453007803165,0.6743328741627584,0.3088598721999421,0.5430688233421263,0.220869121019707,0.5075060308145488,0.3211880739745913
S_1244_S1_TEX_gap_015,GazeBase,1244,S_1244_S1_TEX,4,151.0,pchip,linear,0.3528251050416697,0.3528251050416697,0.279935404269073,0.0,0.07288970077259671,False,0.5540957064173287,0.7445001168584438,0.39243809038092187,0.4109453012393201,0.3375006934574595,0.279935404269073,0.3212453238864182,0.3528251050416697,0.6336273690919303,0.3935287418283328,0.9185794776305823,1.2270441525666864,0.8599107327724019,0.8191297434783077
S_1244_S1_TEX_gap_016,GazeBase,1244,S_1244_S1_TEX,4,190.0,pchip,local_natural_cubic_spline,0.0083470958804466,0.0083470958804466,0.0067865539930179,0.0,0.0015605418874286995,False,0.09621507075911918,0.0446505214657257,0.07575489465142962,0.0246331880053735,0.06106532736272748,0.0162610957851295,0.052542332530542406,0.0083470958804466,0.14495979328955053,0.0067865539930179,0.22580306279843737,0.1249503925843384,0.13964167061966676,0.0469260492600666
S_1244_S1_TEX_gap_017,GazeBase,1244,S_1244_S1_TEX,5,248.0,pchip,local_natural_cubic_spline,0.0799076528717667,0.0799076528717667,0.0676296128032296,0.0,0.012278040068537097,False,0.27032295128596373,0.2732191611598915,0.18921087775585074,0.0772716875478763,0.15172438099815053,0.0975156666627224,0.13360773169881543,0.0799076528717667,0.26451246057358835,0.0676296128032296,0.2992633899173457,0.1703713798287777,0.2357912513019278,0.2777518852833503
S_1244_S1_TEX_gap_018,GazeBase,1244,S_1244_S1_TEX,5,235.0,pchip,local_natural_cubic_spline,0.02219134770231,0.02219134770231,0.0175900351670615,0.0,0.004601312535248498,False,0.11866380232486577,0.0282880925068128,0.10766437150651846,0.0225884644299542,0.088132396465686,0.0223412671891393,0.07881718496023528,0.02219134770231,0.3150100938963577,0.0175900351670615,0.29136663174606625,0.2258406478260563,0.18177932735394906,0.0745637072073408
S_1244_S1_TEX_gap_019,GazeBase,1244,S_1244_S1_TEX,5,227.0,pchip,template,0.1676610469023042,0.1676610469023042,0.1476410751959436,0.0,0.020019971706360606,False,0.2783152119647198,0.2613853304902821,0.2135256908948145,0.222428519859439,0.17355527873482665,0.1705190907422727,0.14828059899294022,0.1676610469023042,0.27533765291548906,0.2040856153847762,0.2633316125675755,0.1851156508508576,0.19858129689613618,0.1476410751959436
S_1244_S1_TEX_gap_020,GazeBase,1244,S_1244_S1_TEX,5,210.0,pchip,nearest_boundary,0.1176646015459044,0.1176646015459044,0.0376446230649562,0.0,0.08001997848094819,False,0.2652501567480584,0.2939916346865789,0.18198434058723062,0.0376446230649562,0.1491547905431291,0.1099181815818174,0.13513675649120407,0.1176646015459044,0.20738951911550305,0.1275455611253831,0.2947670737209208,0.3800934634587302,0.257426294713422,0.2315749194507673
S_1245_S1_TEX_gap_001,GazeBase,1245,S_1245_S1_TEX,1,3.0,local_natural_cubic_spline,local_natural_cubic_spline,0.0131111925008858,0.0380629044957277,0.0131111925008858,0.024951711994841898,0.0,True,0.11741442042281493,0.4921527586842597,0.07859001584822438,0.337325754672623,0.04739228070314162,0.1174769500494724,0.036387224876826614,0.0380629044957277,0.034400268049708,0.0131111925008858,0.0640509777679648,0.0672630868741921,0.06543742691289639,0.1299782361359703
S_1245_S1_TEX_gap_002,GazeBase,1245,S_1245_S1_TEX,1,15.0,linear,pchip,0.0278023323878511,0.0270195885186042,0.0270195885186042,-0.0007827438692469026,0.0007827438692469026,False,0.5356009645595561,0.0364851898902827,0.4523179001140491,0.0351331682247863,0.39589165601476695,0.0278023323878511,0.39707601880440857,0.0270195885186042,1.1869440897564436,0.0312926529936448,0.9687825015370336,0.1411389585950822,0.8978533457475496,0.1420286900317803
S_1245_S1_TEX_gap_003,GazeBase,1245,S_1245_S1_TEX,1,15.0,pchip,pchip,0.029175874549808,0.029175874549808,0.029175874549808,0.0,0.0,True,0.20496658274001148,0.0698670639141111,0.1549175083366294,0.0398435550304726,0.12273032604172213,0.0339792639993111,0.11781636409169646,0.029175874549808,0.20232715617278088,0.0596581781400596,0.1696465534530465,0.0484822090174661,0.1491052877450284,0.0317197864917744
S_1245_S1_TEX_gap_004,GazeBase,1245,S_1245_S1_TEX,1,16.0,linear,polyfit_bic,0.0245005008371537,0.0389561703606307,0.016961987803013,0.014455669523476999,0.007538513034140697,False,0.4474612794473021,0.0794356188291345,0.3600166623974774,0.0567349653203751,0.28545240167769775,0.0245005008371537,0.28945573110761197,0.0389561703606307,0.569369532921578,0.0580000776838701,0.36222496730828035,0.016961987803013,0.33884341769842047,0.0204148435925624
S_1245_S1_TEX_gap_005,GazeBase,1245,S_1245_S1_TEX,2,74.0,pchip,nearest_boundary,0.2703413572792714,0.2703413572792714,0.1403915334323108,0.0,0.12994982384696058,False,0.6204254522848246,0.7330288663330445,0.3511739417959976,0.1403915334323108,0.28590811121042825,0.2982379962013603,0.25457433024494436,0.2703413572792714,0.25594459170706346,0.2664542240188015,0.3179043655955096,0.3346174499519528,0.29304381895418197,0.299696924436011
S_1245_S1_TEX_gap_006,GazeBase,1245,S_1245_S1_TEX,2,97.0,pchip,linear,0.0570627641319729,0.0570627641319729,0.0420645124287256,0.0,0.014998251703247298,False,0.25746934064488064,0.1482651203259672,0.21677775563442078,0.0856556758185157,0.18087921102317683,0.0420645124287256,0.1794419991658064,0.0570627641319729,0.37511781364060065,0.2322730865490831,1.1390966979986048,1.1956573418049377,0.9610043240617848,0.8192673908214282
S_1245_S1_TEX_gap_007,GazeBase,1245,S_1245_S1_TEX,2,78.0,pchip,pchip,0.002608454110462,0.002608454110462,0.002608454110462,0.0,0.0,True,0.09224497023759179,0.0090681284671919,0.08357244428114274,0.005778580066052,0.06741137230096783,0.004366018547445,0.05868445507427067,0.002608454110462,0.15350229472919433,0.0095413222476663,0.22332938017214082,0.0697165723541012,0.1726396122078266,0.1106142173653108
S_1245_S1_TEX_gap_008,GazeBase,1245,S_1245_S1_TEX,2,93.0,pchip,nearest_boundary,0.2425377159995005,0.2425377159995005,0.2219999025294144,0.0,0.020537813470086097,False,0.6530960215065528,0.677576187977775,0.4034742366380567,0.2219999025294144,0.32234039288951677,0.2901641784893498,0.29993497304388134,0.2425377159995005,0.3272343237436591,0.243073841091519,0.3466093375330967,0.3366700492893223,0.32775111880696756,0.2838967646956052
S_1245_S1_TEX_gap_009,GazeBase,1245,S_1245_S1_TEX,3,124.0,pchip,local_natural_cubic_spline,0.2711674015124633,0.2711674015124633,0.1475806356675864,0.0,0.12358676584487693,False,0.5353735498893126,0.1770990682056687,0.40979835785414687,0.4885201208261739,0.3175660425241347,0.378262078584912,0.2745710093209834,0.2711674015124633,0.30433037422881754,0.1475806356675864,0.36365329020928505,0.4708102895945731,0.3338897648506307,0.4225623990965504
S_1245_S1_TEX_gap_010,GazeBase,1245,S_1245_S1_TEX,3,128.0,pchip,pchip,0.0565485074417097,0.0565485074417097,0.0565485074417097,0.0,0.0,True,0.17233967761176974,0.188257993621159,0.12645384210122848,0.1238126623859322,0.09998541978609969,0.0971669364620267,0.08197676578431513,0.0565485074417097,0.15743678882950682,0.2823507407829271,0.22549863531186273,0.2931212805509275,0.15236208479143903,0.155795885884368
S_1245_S1_TEX_gap_011,GazeBase,1245,S_1245_S1_TEX,3,126.0,pchip,linear,0.0045483605960908,0.0045483605960908,0.0045433427973161,0.0,5.017798774700419e-06,False,0.06181190744384358,0.0052358284995712,0.04629244458959454,0.0047016007412895,0.03765198000173487,0.0045433427973161,0.03180602850685691,0.0045483605960908,0.08341591352306109,0.0963175030136227,0.19262885148933354,0.2119949523330382,0.14225840382937469,0.1300764561611334
S_1245_S1_TEX_gap_012,GazeBase,1245,S_1245_S1_TEX,3,102.0,pchip,polyfit_bic,0.4015004935767054,0.4015004935767054,0.3679184795430502,0.0,0.03358201403365524,False,0.6126379243709605,0.854042874118402,0.3731954490956833,0.5213088149560732,0.2934057640155274,0.376078215100364,0.2674865148598482,0.4015004935767054,0.28035284404606786,0.4058229333835793,0.3205240558184078,0.3679184795430502,0.2990885854904201,0.3732221183478784
S_1245_S1_TEX_gap_013,GazeBase,1245,S_1245_S1_TEX,4,167.0,pchip,nearest_boundary,0.1844604930259258,0.1844604930259258,0.09568135298587,0.0,0.0887791400400558,False,0.6239208682794323,0.6486964853116955,0.3841803948993398,0.09568135298587,0.3124134719384733,0.2328170317572475,0.2969169866227237,0.1844604930259258,0.32895961878914703,0.1844396815850155,0.3628386023876834,0.2972740111230484,0.33362699376185284,0.227318839873511
S_1245_S1_TEX_gap_014,GazeBase,1245,S_1245_S1_TEX,4,151.0,pchip,local_natural_cubic_spline,0.1456105009291096,0.1456105009291096,0.1132004931729338,0.0,0.03241000775617579,False,0.31890317357982034,0.4594106216038079,0.21027258762186174,0.2535429696994042,0.16189471923541734,0.1828492977911583,0.1328713792740995,0.1456105009291096,0.18668701508324553,0.1132004931729338,0.24268489493515433,0.2234576912816894,0.19218303714285168,0.1769435052539653
S_1245_S1_TEX_gap_015,GazeBase,1245,S_1245_S1_TEX,4,198.0,pchip,forward_fill,0.0903069135527489,0.0903069135527489,0.0690227433001191,0.0,0.02128417025262981,False,0.25780237706675957,0.0690227433001191,0.22865898718999514,0.2065507858264568,0.18132972839707917,0.1478015723239473,0.15681201085946672,0.0903069135527489,0.2908445219702508,1.1147831442748457,0.34522800925735875,0.5621950013765339,0.25946610785002033,0.3274582622807686
S_1245_S1_TEX_gap_016,GazeBase,1245,S_1245_S1_TEX,4,167.0,pchip,pchip,0.0818743452627457,0.0818743452627457,0.0818743452627457,0.0,0.0,True,0.21717951842277572,0.2354040229846426,0.17221125499128312,0.1597788771910209,0.1355828765516839,0.1221886891295864,0.11453862911597172,0.0818743452627457,0.28237072673677993,0.5258544088307494,0.32309400282246775,0.2004071669783722,0.22952103213622993,0.3017993425842755
S_1245_S1_TEX_gap_017,GazeBase,1245,S_1245_S1_TEX,5,202.0,pchip,linear,0.1274413813259834,0.1274413813259834,0.1032223384023334,0.0,0.02421904292365,False,0.23523418091743903,0.2160336011441712,0.17357191064461872,0.1350342152984192,0.14648636452331337,0.1032223384023334,0.13624508760164042,0.1274413813259834,0.2676461957431557,0.1499268332759945,0.4542840986626154,0.5000760944311949,0.3746619908821447,0.3112670539134541
S_1245_S1_TEX_gap_018,GazeBase,1245,S_1245_S1_TEX,5,242.0,pchip,linear,0.2075871931596756,0.2075871931596756,0.1687932142872354,0.0,0.03879397887244021,False,0.32721949778638304,0.3088694144932659,0.25776248398661766,0.211286253111824,0.22534224051305396,0.1687932142872354,0.21109117808272118,0.2075871931596756,0.4793103755244188,0.2927337305767698,0.6510403972400012,0.3900315698235604,0.562460622417494,0.5179185487133054
S_1245_S1_TEX_gap_019,GazeBase,1245,S_1245_S1_TEX,5,230.0,pchip,linear,0.0361414523604993,0.0361414523604993,0.0259462520152713,0.0,0.010195200345228,False,0.15115843975631343,0.0832906622787089,0.11319601935411874,0.0395968837791486,0.09087102077496018,0.0259462520152713,0.08023148769105724,0.0361414523604993,0.18305589665500627,0.0663148744536899,0.28881449582671936,0.2949682333739513,0.20781440159447556,0.1764401699563932
S_1245_S1_TEX_gap_020,GazeBase,1245,S_1245_S1_TEX,5,239.0,pchip,linear,0.0777656700680207,0.0777656700680207,0.0668689966754468,0.0,0.0108966733925739,False,0.2430243547192526,0.1295985312817859,0.1777831581347535,0.0941038267782686,0.1401240800450771,0.0668689966754468,0.11890048119840678,0.0777656700680207,0.311704486182772,0.0775390736253287,0.31777372865868053,0.1449575969328865,0.22160175836073098,0.1723523040746487
S_1245_S2_TEX_gap_001,GazeBase,1245,S_1245_S2_TEX,1,50.0,pchip,linear,0.0386208101678599,0.0386208101678599,0.0296815723276186,0.0,0.0089392378402413,False,0.2544405178069627,0.1336785749007573,0.21604737973566426,0.0834460366460816,0.1817190323936672,0.0296815723276186,0.18086785829554375,0.0386208101678599,0.3667245932409564,0.0715800266117916,0.8017497754287203,0.5779130242259916,0.6904499294878619,0.6719476303895693
S_1245_S2_TEX_gap_002,GazeBase,1245,S_1245_S2_TEX,1,19.0,linear,linear,0.0330013547481978,0.0330059975110509,0.0330013547481978,4.64276285309928e-06,0.0,True,0.3482688645262357,0.0361175876127791,0.31478066669481913,0.0335056689997251,0.276888197213831,0.0330013547481978,0.2781071633185569,0.0330059975110509,0.5427133622997057,0.0440029509864797,0.36861830080808844,0.0398110641168444,0.3406744079414328,0.0359266919279684
S_1245_S2_TEX_gap_003,GazeBase,1245,S_1245_S2_TEX,1,4.0,pchip,forward_fill,0.0158884903538859,0.0158884903538859,0.009369622513565,0.0,0.006518867840320901,False,0.12707173034005595,0.009369622513565,0.09562554504445293,0.0137152781834568,0.06841306875758393,0.0137154027045107,0.05498896494980255,0.0158884903538859,0.05574839193956041,0.0176357848634534,0.08898810877916347,0.0255941121073301,0.08756307995140589,0.017279149975338
S_1245_S2_TEX_gap_004,GazeBase,1245,S_1245_S2_TEX,1,44.0,pchip,linear,0.0695055570268108,0.0695055570268108,0.0557962364818228,0.0,0.013709320544987996,False,0.15911748099391415,0.0959841820010023,0.11780013177801514,0.0759624270393371,0.09497098409397414,0.0557962364818228,0.08291325591640714,0.0695055570268108,0.1738636361850595,0.0585960856072705,0.23673400330614122,0.0974006327029678,0.17953358927303445,0.0974701070202336
S_1245_S2_TEX_gap_005,GazeBase,1245,S_1245_S2_TEX,2,85.0,pchip,nearest_boundary,0.0126424412523493,0.0126424412523493,0.0120970096806411,0.0,0.0005454315717082006,False,0.08957985624897154,0.0180304638549594,0.07031992382565977,0.0120970096806411,0.05792588606588142,0.013164720969966,0.05171220452457288,0.0126424412523493,0.12335295927432545,0.1469278763364823,0.21892939181776724,0.0998308996736916,0.17773666029292368,0.1206540183666285
S_1245_S2_TEX_gap_006,GazeBase,1245,S_1245_S2_TEX,2,59.0,linear,linear,0.0155511843126967,0.0164810118215856,0.0155511843126967,0.0009298275088888992,0.0,True,0.407580822893265,0.022995652123453,0.38922293882295966,0.0174733721173664,0.3505301569193162,0.0155511843126967,0.35070277024487095,0.0164810118215856,0.7599176642540759,0.0399310467081933,0.43552385981034625,0.0323777156170403,0.4141026530096196,0.028273880460032
S_1245_S2_TEX_gap_007,GazeBase,1245,S_1245_S2_TEX,2,51.0,pchip,linear,0.0957740272351519,0.0957740272351519,0.0850238371317049,0.0,0.010750190103446994,False,0.21301574144018343,0.1561793224205684,0.17645539060102247,0.0988003279763114,0.1432728791176255,0.0850238371317049,0.13186311638142953,0.0957740272351519,0.3318966939691665,0.2931194604194588,0.26456340439023157,0.3413611904282705,0.20524263592731337,0.0983685454656831
S_1245_S2_TEX_gap_008,GazeBase,1245,S_1245_S2_TEX,2,100.0,pchip,local_natural_cubic_spline,0.2879424813739552,0.2879424813739552,0.2821882482261729,0.0,0.005754233147782284,False,0.5808257549921582,0.7868806938231829,0.39738200506407706,0.3982229929874844,0.3190557420378649,0.2970727751088311,0.28478692854252263,0.2879424813739552,0.28681312721497804,0.2821882482261729,0.3483314191116317,0.3308682475463254,0.32786676330584386,0.3049588403982983
S_1245_S2_TEX_gap_009,GazeBase,1245,S_1245_S2_TEX,3,111.0,pchip,pchip,0.0047193929014256,0.0047193929014256,0.0047193929014256,0.0,0.0,True,0.10216230055698476,0.0076014284706007,0.08365585757552271,0.0047461960100413,0.06778975569172604,0.0048747770385838,0.06075138281482004,0.0047193929014256,0.18317090359192195,0.0272397889078594,0.28047696950515383,0.4113764175171667,0.21105155885460575,0.1968379060431563
S_1245_S2_TEX_gap_010,GazeBase,1245,S_1245_S2_TEX,3,133.0,pchip,linear,0.0987044458333024,0.0987044458333024,0.094119628765558,0.0,0.004584817067744398,False,0.33918086199817277,0.1173252419396096,0.2833149974961108,0.1224338320925251,0.2391592516221638,0.094119628765558,0.2262750085948056,0.0987044458333024,0.4838733963376095,0.1804450095845684,1.1026839935883939,0.7709948915865584,0.9808576452846904,0.5208496335390482
S_1245_S2_TEX_gap_011,GazeBase,1245,S_1245_S2_TEX,3,107.0,pchip,polyfit_bic,0.1408393495832254,0.1408393495832254,0.1173737604875851,0.0,0.023465589095640282,False,0.25214238300922526,0.1478493450193156,0.21313846981450113,0.1406665676370443,0.18598008391336912,0.1335940988193472,0.18142249395188675,0.1408393495832254,0.445658034107709,0.1703913246542363,0.30358314922485957,0.1173737604875851,0.2761296228924896,0.1253876477790387
S_1245_S2_TEX_gap_012,GazeBase,1245,S_1245_S2_TEX,3,113.0,pchip,template,0.3701628728863808,0.3701628728863808,0.2924808833637557,0.0,0.07768198952262506,False,0.5978965385783013,0.8663943053913369,0.42908114209341447,0.4977728370155308,0.35556521126438445,0.3851519848149843,0.3370587956015428,0.3701628728863808,0.49932306449282143,0.3366247535466084,0.4880753726346687,0.4228736732563166,0.4674910549228076,0.2924808833637557
S_1245_S2_TEX_gap_013,GazeBase,1245,S_1245_S2_TEX,4,153.0,pchip,local_natural_cubic_spline,0.530485795203555,0.530485795203555,0.4453803738827171,0.0,0.08510542132083787,False,0.6086573361571719,1.0290296206168468,0.465320079417466,0.713180684104603,0.3980765834016859,0.5650053090324539,0.3880315249175279,0.530485795203555,0.6228468033290845,0.4453803738827171,1.180957959667032,2.8516253038968142,1.0201625858543681,0.5517796354893595
S_1245_S2_TEX_gap_014,GazeBase,1245,S_1245_S2_TEX,4,173.0,pchip,pchip,0.004396013487277,0.004396013487277,0.004396013487277,0.0,0.0,True,0.06315906826567466,0.0045579014007956,0.048724108330311815,0.0054997279944459,0.03981467639228167,0.0048176247733341,0.03492848395092092,0.004396013487277,0.08418433063319741,0.0191033728438052,0.18915313906839976,0.1017546868549956,0.125662540560164,0.0332043670452958
S_1245_S2_TEX_gap_015,GazeBase,1245,S_1245_S2_TEX,4,189.0,pchip,nearest_boundary,0.338537810320112,0.338537810320112,0.3309840365333002,0.0,0.007553773786811768,False,0.7811629638194377,1.214744196258115,0.5986254878307916,0.3309840365333002,0.4784522539902678,0.4156577945931259,0.45912241171910106,0.338537810320112,0.5096900349116236,0.3564176750044708,0.5390434815094728,0.5199440574607913,0.5183635912814538,0.4018001729516121
S_1245_S2_TEX_gap_016,GazeBase,1245,S_1245_S2_TEX,4,154.0,pchip,nearest_boundary,0.2028778593149074,0.2028778593149074,0.1575322037383403,0.0,0.04534565557656711,False,0.5621561734508707,0.6363569880786025,0.3757444428935952,0.1575322037383403,0.30692501435488656,0.1999531724592315,0.27732724442789114,0.2028778593149074,0.2829193332205705,0.2292025613977583,0.3375130959064863,0.2300071815793032,0.31779218943960563,0.2032272452288077
S_1245_S2_TEX_gap_017,GazeBase,1245,S_1245_S2_TEX,5,242.0,pchip,forward_fill,0.2225987643009171,0.2225987643009171,0.1711297489538894,0.0,0.05146901534702769,False,0.3301026001644529,0.1711297489538894,0.23396538295155433,0.2866924558789487,0.1796514599400907,0.2058627385193518,0.1571112870743418,0.2225987643009171,0.2877697282300174,0.2733212947244083,0.2973367256604872,0.8598085250858356,0.23934736726027586,0.4206875412356459
S_1245_S2_TEX_gap_018,GazeBase,1245,S_1245_S2_TEX,5,232.0,local_natural_cubic_spline,local_natural_cubic_spline,0.2299173885421948,0.2306075433961958,0.2299173885421948,0.0006901548540010072,0.0,True,0.6177195378941522,0.591737918330443,0.3466978347410688,0.2718119354841802,0.2796888617642164,0.2640883845622603,0.24877451896119898,0.2306075433961958,0.24772620102330106,0.2299173885421948,0.31059841558180923,0.2988665373418997,0.2822069906678149,0.2811949763290098
S_1245_S2_TEX_gap_019,GazeBase,1245,S_1245_S2_TEX,5,237.0,pchip,pchip,0.0099783900786912,0.0099783900786912,0.0099783900786912,0.0,0.0,True,0.07292730222510115,0.0181576678713446,0.05361316115411629,0.0123213373257561,0.04385798126599878,0.0117947713916344,0.03880704721314707,0.0099783900786912,0.08520631818455522,0.0339998511769036,0.18633594688965133,0.0933535093236161,0.133937722404899,0.1064659819232332
S_1245_S2_TEX_gap_020,GazeBase,1245,S_1245_S2_TEX,5,209.0,pchip,template,0.2697100567209125,0.2697100567209125,0.2470163453921362,0.0,0.022693711328776317,False,0.5871912752391549,0.7373680767318657,0.3776483098174797,0.3772611843522752,0.29975754862878623,0.2781246686843724,0.2713481007585765,0.2697100567209125,0.291518518929628,0.3065027991189937,0.3335346598030914,0.2901032755326375,0.3108421060430083,0.2470163453921362
S_1264_S1_TEX_gap_001,GazeBase,1264,S_1264_S1_TEX,1,24.0,pchip,local_natural_cubic_spline,0.0405277171257033,0.0405277171257033,0.0323644143667791,0.0,0.008163302758924199,False,0.4623482922688713,0.0344515857271899,0.38098694273681083,0.0429918043943903,0.3236549802260985,0.041176217153419,0.31111906253396443,0.0405277171257033,0.848974924663006,0.0323644143667791,1.7783782947487372,0.7438088732271718,1.4718663805237029,0.5984804221986938
S_1264_S1_TEX_gap_002,GazeBase,1264,S_1264_S1_TEX,1,11.0,pchip,local_natural_cubic_spline,0.1078491631571373,0.1078491631571373,0.0153359047327883,0.0,0.092513258424349,False,0.14381633911478667,0.2715216562836012,0.0919405473760655,0.1991743786779826,0.062212640328479986,0.154721209068838,0.04729968838729742,0.1078491631571373,0.06008729163392114,0.0153359047327883,0.09506809768067115,0.1398302556022141,0.08778618234344729,0.1504926072785632
S_1264_S1_TEX_gap_003,GazeBase,1264,S_1264_S1_TEX,1,22.0,pchip,polyfit_bic,0.0457958574843604,0.0457958574843604,0.0369879541517315,0.0,0.008807903332628902,False,0.27925290076577575,0.0410145984022805,0.24199733241994345,0.046198408176479,0.20314050561537753,0.0459750559308099,0.1980646351600597,0.0457958574843604,0.3763460046336421,0.0428810016221734,0.31533651511433725,0.0369879541517315,0.2799524276561145,0.0469787460169896
S_1264_S1_TEX_gap_004,GazeBase,1264,S_1264_S1_TEX,1,33.0,pchip,template,0.065635593522724,0.065635593522724,0.0443158936029269,0.0,0.021319699919797097,False,1.1910828810958265,0.1209402395367102,0.9770676796566009,0.0612200902946566,0.8407798689888576,0.0513554704788994,0.8161099573176362,0.065635593522724,1.3204304043659607,0.0583812908880717,1.130524145766118,0.0712771942405851,1.074349051773571,0.0443158936029269
S_1264_S1_TEX_gap_005,GazeBase,1264,S_1264_S1_TEX,2,54.0,pchip,pchip,0.0061315248776691,0.0061315248776691,0.0061315248776691,0.0,0.0,True,0.0690593336672142,0.0386298733405435,0.0646156217502369,0.0124363165206203,0.05128274065855619,0.0081680647769952,0.04199922496810637,0.0061315248776691,0.09713806970296598,0.021747607372567,0.17636752638485426,0.0806366283547844,0.15315090823628125,0.1017828004773268
S_1264_S1_TEX_gap_006,GazeBase,1264,S_1264_S1_TEX,2,76.0,pchip,forward_fill,0.013277262056666,0.013277262056666,0.013277262056666,0.0,0.0,False,0.12129125742864497,0.013277262056666,0.1104245255948128,0.013277262056666,0.09333978540730561,0.013277262056666,0.08418583234435313,0.013277262056666,0.21099568533466362,0.0562667473684036,0.26436940216449367,0.2263442014450336,0.20634436590235525,0.181704179153411
S_1264_S1_TEX_gap_007,GazeBase,1264,S_1264_S1_TEX,2,90.0,linear,linear,0.0918323133280813,0.1133251193943079,0.0918323133280813,0.021492806066226597,0.0,True,0.33539826485280927,0.1361879394701625,0.3165077854028356,0.1029701202982623,0.27225989509463117,0.0918323133280813,0.27585801078086797,0.1133251193943079,0.7977902118784581,0.192876827006707,1.3934201896045113,0.8951746042226632,1.2168606866715452,0.565105521462427
S_1264_S1_TEX_gap_008,GazeBase,1264,S_1264_S1_TEX,2,88.0,pchip,nearest_boundary,0.0492594431283286,0.0492594431283286,0.0451783175247935,0.0,0.004081125603535095,False,0.4324734597389006,0.0480387125187372,0.40310984056330523,0.0451783175247935,0.3678599113679467,0.0479316196336861,0.36672967806087536,0.0492594431283286,1.1478745479445076,0.1935435664788568,0.5838194935359357,0.0553629552790868,0.5665758732901587,0.0611206352175556
S_1264_S1_TEX_gap_009,GazeBase,1264,S_1264_S1_TEX,3,105.0,pchip,template,0.4033466645126172,0.4033466645126172,0.2954777987634988,0.0,0.10786886574911841,False,0.7020382480566887,0.5277335688561301,0.48874529717149506,0.3954908736792513,0.3987280409740163,0.3021926560195125,0.3898860080640688,0.4033466645126172,0.4745454747623611,0.4694866361279026,0.41739730788581214,0.3156846902381177,0.40741032238956165,0.2954777987634988
S_1264_S1_TEX_gap_010,GazeBase,1264,S_1264_S1_TEX,3,116.0,pchip,pchip,0.0272906033686316,0.0272906033686316,0.0272906033686316,0.0,0.0,True,0.1615633776107505,0.0274816627867772,0.142917615254897,0.0314117143675167,0.11806588380461865,0.0298929467383358,0.10338176236227258,0.0272906033686316,0.44983060744611764,0.3749526945282359,0.33959479090676603,0.4563895546071677,0.20570395949767944,0.184290685296572
S_1264_S1_TEX_gap_011,GazeBase,1264,S_1264_S1_TEX,3,105.0,pchip,local_natural_cubic_spline,0.2223034232335892,0.2223034232335892,0.0977116238543751,0.0,0.12459179937921411,False,0.5332217353545751,0.7015862299389688,0.37703480299379977,0.4654087596012807,0.2965466897829751,0.3553553480700722,0.24326417468658462,0.2223034232335892,0.3186793375776595,0.0977116238543751,0.36347577069778336,0.4562582712247929,0.30969041614368864,0.3906150719358474
S_1264_S1_TEX_gap_012,GazeBase,1264,S_1264_S1_TEX,3,130.0,pchip,linear,0.0579636241102686,0.0579636241102686,0.025015419327112,0.0,0.0329482047831566,False,0.6186218311124057,0.127380460444459,0.5152257149545846,0.0846089205510572,0.43569568503844336,0.025015419327112,0.42085369525392485,0.0579636241102686,1.0026308054406905,0.2367829353823551,1.7638758627110607,0.5660030620292489,1.3899242060745811,0.3681799461798063
S_1264_S1_TEX_gap_013,GazeBase,1264,S_1264_S1_TEX,4,182.0,pchip,local_natural_cubic_spline,0.243769490143918,0.243769490143918,0.2198258313108033,0.0,0.023943658833114695,False,0.6354293892443895,0.6201260131381129,0.3715848430640482,0.2991111144304668,0.30237101851550297,0.2811250223352584,0.27680508288008954,0.243769490143918,0.30165919560322313,0.2198258313108033,0.34613360671906723,0.399600949621986,0.3217150094778424,0.374121354391292
S_1264_S1_TEX_gap_014,GazeBase,1264,S_1264_S1_TEX,4,151.0,pchip,pchip,0.0608480143856377,0.0608480143856377,0.0608480143856377,0.0,0.0,True,0.20876806656053926,0.1077530506657099,0.18331132666816596,0.0647550775570582,0.15797464779701323,0.0622195732175319,0.1563581952380191,0.0608480143856377,0.3544188174671513,0.2074001129830479,0.8797879686310226,0.1723083964147042,0.7860182538417274,0.5832635536597235
S_1264_S1_TEX_gap_015,GazeBase,1264,S_1264_S1_TEX,4,191.0,pchip,linear,1.2856325737931762,1.2856325737931762,1.2619404967598349,0.0,0.023692077033341308,False,0.7084541955040877,2.106234568387678,0.5807998956699868,1.4274051600327553,0.5022009543504548,1.2619404967598349,0.48497987572059287,1.2856325737931762,1.1048923569306035,2.8370317614696714,1.260257905609068,3.5926466051823795,1.17855721539369,4.120657888790273
S_1264_S1_TEX_gap_016,GazeBase,1264,S_1264_S1_TEX,4,185.0,pchip,polyfit_bic,1.1336405472594868,1.1336405472594868,0.7557322806464126,0.0,0.3779082666130742,False,1.2809990983368178,2.3018847481303912,0.9860278894588207,1.6348178533827264,0.8811044622947832,1.2951082486857668,0.8363803040073614,1.1336405472594868,1.1221121186288636,1.0014460220680306,1.286234615793186,0.7557322806464126,1.2107593340752745,1.308311721160665
S_1264_S1_TEX_gap_017,GazeBase,1264,S_1264_S1_TEX,5,205.0,pchip,linear,0.020812786121174,0.020812786121174,0.0201384266064894,0.0,0.0006743595146845999,False,0.07469006312309076,0.0246716343543073,0.05966625265723234,0.0248564446629417,0.05032951865885895,0.0201384266064894,0.04427114998868568,0.020812786121174,0.14155683430333293,0.216248364250451,0.2179091073401413,0.0698612238802438,0.15013761598520955,0.1241100087518292
S_1264_S1_TEX_gap_018,GazeBase,1264,S_1264_S1_TEX,5,248.0,pchip,nearest_boundary,0.0669039691288992,0.0669039691288992,0.0644867039640868,0.0,0.0024172651648124016,False,0.5605252759069056,0.0664202569010555,0.48793363710615156,0.0644867039640868,0.4129055501529816,0.0679756315991011,0.40352606604982566,0.0669039691288992,0.9189625477867694,0.0890684509448069,2.1655918646698966,0.7665643262017304,1.6265950478842823,0.8450466776699957
S_1264_S1_TEX_gap_019,GazeBase,1264,S_1264_S1_TEX,5,205.0,pchip,template,0.2739281121667984,0.2739281121667984,0.1965118883035193,0.0,0.07741622386327912,False,0.35523810949870144,0.5445340499277685,0.2903536927971006,0.3398322699975165,0.2280517720140475,0.2495085359768292,0.18198825386563566,0.2739281121667984,0.20369526787872283,0.2724860417854957,0.31322185687287296,0.2160950998161259,0.25070917861482905,0.1965118883035193
S_1264_S1_TEX_gap_020,GazeBase,1264,S_1264_S1_TEX,5,237.0,pchip,linear,0.31774492540397,0.31774492540397,0.2381966326993389,0.0,0.07954829270463107,False,0.6233685976174349,0.3782875992022887,0.37478185908316264,0.4207708726085888,0.30174944102000434,0.2381966326993389,0.27671410463618623,0.31774492540397,0.3126635605958703,0.3968627294084098,0.3443983595336869,0.2849227611229084,0.3182929297488526,0.2988920003755034
S_1264_S2_TEX_gap_001,GazeBase,1264,S_1264_S2_TEX,1,43.0,pchip,local_natural_cubic_spline,0.1134003868487292,0.1134003868487292,0.1085197590101007,0.0,0.0048806278386284985,False,0.5498183088192407,0.6090934662401104,0.3696990220170591,0.1779695950995725,0.2848881114121638,0.1615940911803542,0.25411887531572286,0.1134003868487292,0.25616915310947247,0.1085197590101007,0.31969723050763965,0.2093298644809578,0.29691245866563887,0.1664156807111063
S_1264_S2_TEX_gap_002,GazeBase,1264,S_1264_S2_TEX,1,48.0,pchip,local_natural_cubic_spline,0.2466822116895172,0.2466822116895172,0.2352348904335627,0.0,0.011447321255954518,False,0.5776437591196255,0.3481321536122375,0.38981892088231535,0.430350670768987,0.3196036401578309,0.3162863620604394,0.3006813493501483,0.2466822116895172,0.36172317177184704,0.2352348904335627,0.3571082989761612,0.3481307358030555,0.33693104868968193,0.3434644661702767
S_1264_S2_TEX_gap_003,GazeBase,1264,S_1264_S2_TEX,1,14.0,pchip,pchip,0.0150668381503225,0.0150668381503225,0.0150668381503225,0.0,0.0,True,0.2259193891542904,0.0703438771444661,0.1605986106896932,0.0460570650683444,0.11413242085607964,0.0209972410311784,0.10859222163431426,0.0150668381503225,0.19116102159459702,0.0391110620903893,0.1557848607071491,0.0439824236309313,0.14007014979012167,0.0291763130109883
S_1264_S2_TEX_gap_004,GazeBase,1264,S_1264_S2_TEX,1,38.0,pchip,pchip,0.044187372921702,0.044187372921702,0.044187372921702,0.0,0.0,True,0.21007527266968154,0.0484361185938102,0.17651713728776486,0.0779442260244146,0.14422641069912998,0.0473782499367326,0.1369127904948398,0.044187372921702,0.24207976188156938,0.0557134300328166,0.2141728686820122,0.0651532407076635,0.18873752479187403,0.1095882410701073
S_1264_S2_TEX_gap_005,GazeBase,1264,S_1264_S2_TEX,2,98.0,pchip,local_natural_cubic_spline,0.3168902727621901,0.3168902727621901,0.2911032334297082,0.0,0.025787039332481942,False,0.5832164389507398,0.7904897173108216,0.43226012600999836,0.4024051893174485,0.3450696229082769,0.3403393778180635,0.31560317394669424,0.3168902727621901,0.3623994613575378,0.2911032334297082,0.3726593507137161,0.3576427462087139,0.3539261781788639,0.3428815082333937
S_1264_S2_TEX_gap_006,GazeBase,1264,S_1264_S2_TEX,2,80.0,pchip,forward_fill,0.2330004059711572,0.2330004059711572,0.1129390124515808,0.0,0.1200613935195764,False,0.3413369477401713,0.1129390124515808,0.3168339799479181,0.3698173431370473,0.2571488848295885,0.2842758980980808,0.22952651027171225,0.2330004059711572,0.5010192571589126,0.1862148163816991,0.3716088643387917,0.483233353463099,0.29823766875563257,0.3507781242666069
S_1264_S2_TEX_gap_007,GazeBase,1264,S_1264_S2_TEX,2,73.0,pchip,linear,0.0417154031350589,0.0417154031350589,0.0175764764281592,0.0,0.0241389267068997,False,0.34249234940261075,0.1850046166721674,0.2603197216884218,0.0959449480770966,0.22226561461721642,0.0175764764281592,0.21644534695975665,0.0417154031350589,0.41932644883598513,0.2351967163449879,0.9996455700194474,0.6480637886159787,0.8400032705700942,0.4360141036450748
S_1264_S2_TEX_gap_008,GazeBase,1264,S_1264_S2_TEX,2,95.0,pchip,pchip,0.0218945928385139,0.0218945928385139,0.0218945928385139,0.0,0.0,True,0.07078672942427655,0.0232053607879122,0.05402399043260437,0.027796891098432,0.04368555122431414,0.0276451842289356,0.03980484080303604,0.0218945928385139,0.10866982902475389,0.0229943507922974,0.20791502373555928,0.242458170539206,0.1838120676983789,0.2623641164521201
S_1264_S2_TEX_gap_009,GazeBase,1264,S_1264_S2_TEX,3,144.0,pchip,forward_fill,0.0608129925759139,0.0608129925759139,0.0526571643205953,0.0,0.008155828255318603,False,0.3753275206060829,0.0526571643205953,0.301672029252749,0.0769781322621228,0.26586717232181706,0.0748219834236222,0.25865400714535286,0.0608129925759139,0.6998569344942357,0.0834642475431267,0.958606945584252,1.2003761758993412,0.8495947424115892,1.2810682456944968
S_1264_S2_TEX_gap_010,GazeBase,1264,S_1264_S2_TEX,3,146.0,pchip,polyfit_bic,0.6138355062732993,0.6138355062732993,0.390759884323184,0.0,0.22307562195011532,False,0.6532098943704722,1.1830573780032514,0.4206124518292939,0.8007536942262257,0.3449304208181929,0.6298813719276989,0.3269333195463542,0.6138355062732993,0.3667957576745527,0.6070204365253761,0.3929167367840985,0.390759884323184,0.3720714210748862,0.4757446955151362
S_1264_S2_TEX_gap_011,GazeBase,1264,S_1264_S2_TEX,3,149.0,pchip,forward_fill,0.0558833977452136,0.0558833977452136,0.0432912442688432,0.0,0.012592153476370403,False,0.31298463304312685,0.0432912442688432,0.26461031700115917,0.0571741404190987,0.22928562342734995,0.055749665738337,0.2281861408238004,0.0558833977452136,0.6742875682135583,0.0637605769189607,0.7412602264827939,0.1032800222533239,0.6523872300726324,0.550163363252061
S_1264_S2_TEX_gap_012,GazeBase,1264,S_1264_S2_TEX,3,139.0,local_natural_cubic_spline,local_natural_cubic_spline,0.2621961634326923,0.2920553689959453,0.2621961634326923,0.029859205563253,0.0,True,0.5817050672680316,0.4933166279499539,0.4366421225332205,0.4287405514913772,0.34733737281943516,0.30921893324727,0.3187706596383291,0.2920553689959453,0.3172128419069397,0.2621961634326923,0.3696375763594042,0.3255321251788093,0.3528591107734813,0.3000481894429569
S_1264_S2_TEX_gap_013,GazeBase,1264,S_1264_S2_TEX,4,180.0,pchip,pchip,0.2897587584658722,0.2897587584658722,0.2897587584658722,0.0,0.0,True,0.6221271768805697,0.7648336390892113,0.4819890918963003,0.354681147933968,0.4034148984641602,0.3341055932787607,0.3787785585581575,0.2897587584658722,0.49631687420783094,0.2992645910998459,0.6936842757423959,0.7352482518088245,0.6499275922174758,0.3412642101845873
S_1264_S2_TEX_gap_014,GazeBase,1264,S_1264_S2_TEX,4,177.0,pchip,forward_fill,0.0148196827703002,0.0148196827703002,0.0096433126987654,0.0,0.0051763700715347985,False,0.06522983783265913,0.0096433126987654,0.04738119186431826,0.0125430706078785,0.03895935796240711,0.0127611448466061,0.03450821624516738,0.0148196827703002,0.08344614310573516,0.0391271394575206,0.18128740734251303,0.046308560242648,0.14410612537383463,0.127522524154727
S_1264_S2_TEX_gap_015,GazeBase,1264,S_1264_S2_TEX,4,171.0,pchip,template,0.3133453831628655,0.3133453831628655,0.2968248278658693,0.0,0.016520555296996198,False,0.6626939394307924,0.5611366601744735,0.418390097611667,0.3789941492069568,0.33572695672071745,0.2990879465577271,0.3130730444191913,0.3133453831628655,0.32029934675392374,0.3673279763136127,0.35895505770937275,0.3290579910589787,0.3433733563686593,0.2968248278658693
S_1264_S2_TEX_gap_016,GazeBase,1264,S_1264_S2_TEX,4,187.0,pchip,pchip,0.0043266433898438,0.0043266433898438,0.0043266433898438,0.0,0.0,True,0.09252278022669552,0.0054608359228909,0.0772920018695993,0.0047637793588113,0.06267733454208038,0.0044781569246999,0.0550924779496476,0.0043266433898438,0.13689019652719356,0.0111729635567594,0.2540252023416096,0.2296318973180274,0.17819975060688484,0.1612866713832541
S_1264_S2_TEX_gap_017,GazeBase,1264,S_1264_S2_TEX,5,227.0,pchip,template,0.4101632869661846,0.4101632869661846,0.3849843274403986,0.0,0.02517895952578597,False,0.6712605454967773,0.4229642862807846,0.3838028018059074,0.5220583870641429,0.30731225093177034,0.3978162582120949,0.28551010286621753,0.4101632869661846,0.29150400541476135,0.5829491438438208,0.33502723941581186,0.3894782092512121,0.31295927214266006,0.3849843274403986
S_1264_S2_TEX_gap_018,GazeBase,1264,S_1264_S2_TEX,5,247.0,pchip,forward_fill,0.4451169055240023,0.4451169055240023,0.1055577247372393,0.0,0.339559180786763,False,0.6413281156500774,0.1055577247372393,0.45134210784655615,0.7045094536881806,0.4064309016190601,0.5834351682184791,0.38716657804364096,0.4451169055240023,0.7686413491021717,2.3983250126069007,0.8362500100406233,0.7375899644668766,0.7495998932560165,0.6931904961498953
S_1264_S2_TEX_gap_019,GazeBase,1264,S_1264_S2_TEX,5,206.0,pchip,template,0.3454089627060834,0.3454089627060834,0.3429088995909276,0.0,0.002500063115155826,False,0.7169888087666876,0.5352006040814707,0.4329519708504393,0.4597367078870172,0.3356510803328911,0.3511875017210155,0.3194663911058114,0.3454089627060834,0.3282311217466594,0.3464623672155422,0.36181412034656657,0.3670591221122886,0.3423352693423313,0.3429088995909276
S_1264_S2_TEX_gap_020,GazeBase,1264,S_1264_S2_TEX,5,243.0,pchip,linear,0.3069023536593618,0.3069023536593618,0.2970311279813612,0.0,0.009871225678000584,False,0.4551225804505363,0.3125620667414844,0.3020225358321133,0.3912607017245746,0.238794557969792,0.2970311279813612,0.21649669796585383,0.3069023536593618,0.2742130002238602,0.3033672780893432,0.295652661185041,0.3688955607782214,0.25939309655318266,0.315200518320889
S_1268_S2_TEX_gap_001,GazeBase,1268,S_1268_S2_TEX,1,22.0,pchip,pchip,0.0060273889172944,0.0060273889172944,0.0060273889172944,0.0,0.0,True,0.30373702975042044,0.0257514469195446,0.26046915035377727,0.0105932615141179,0.22872224651074802,0.0095354264353434,0.2286770911358988,0.0060273889172944,0.37880733584346665,0.0291036016859075,0.31556412506398723,0.0279217256857645,0.30517940921693715,0.0201844099600337
S_1268_S2_TEX_gap_002,GazeBase,1268,S_1268_S2_TEX,1,46.0,pchip,pchip,0.0074815217337597,0.0074815217337597,0.0074815217337597,0.0,0.0,True,0.08482522842453522,0.0162079204237709,0.07898781710382802,0.0108412676207444,0.061927033166072946,0.0076918249897799,0.050289580456176555,0.0074815217337597,0.13139371727911542,0.0299235649052245,0.17451264397722105,0.1808034672280404,0.15150911378154686,0.1367407095797213
S_1268_S2_TEX_gap_003,GazeBase,1268,S_1268_S2_TEX,1,16.0,pchip,local_natural_cubic_spline,0.0737803318202938,0.0737803318202938,0.0093874987412951,0.0,0.06439283307899869,False,0.15066770874940358,0.0856896875692159,0.13977577158838506,0.1744870306209839,0.10174385945164031,0.1312058552070518,0.08037742152879757,0.0737803318202938,0.11033356569465726,0.0093874987412951,0.16912459696736298,0.1891014273482927,0.14524967232390382,0.1867449409366983
S_1268_S2_TEX_gap_004,GazeBase,1268,S_1268_S2_TEX,1,46.0,pchip,linear,0.1527760418653397,0.1527760418653397,0.1285265901642166,0.0,0.02424945170112308,False,0.2243230461632627,0.4391961426906153,0.17495613560172976,0.2555725215363869,0.14206513352629194,0.1285265901642166,0.13394517029778122,0.1527760418653397,0.2731295263354272,0.1615405743122108,0.6147061122686854,0.8280923206726326,0.5299089873282788,0.7587401641570555
S_1268_S2_TEX_gap_005,GazeBase,1268,S_1268_S2_TEX,2,98.0,pchip,nearest_boundary,0.2001727283432173,0.2001727283432173,0.1598878926874654,0.0,0.040284835655751916,False,0.6472487379293663,0.6250333903881922,0.4081074933942531,0.1598878926874654,0.32760978758635756,0.2350770625863509,0.30125006052267017,0.2001727283432173,0.30918955608772414,0.199773169811361,0.3562313545508389,0.2751795767791181,0.337165697986669,0.2333667314688183
S_1268_S2_TEX_gap_006,GazeBase,1268,S_1268_S2_TEX,2,69.0,pchip,local_natural_cubic_spline,0.1888653453568558,0.1888653453568558,0.1023300143564428,0.0,0.08653533100041301,False,0.3242326679559104,0.1288913049120384,0.30525704686732935,0.3827664764857894,0.24274688167503275,0.2950368409937451,0.2013013622228641,0.1888653453568558,0.392098208249169,0.1023300143564428,0.3674028488253699,0.439769989184351,0.28108772663394554,0.3383427628496951
S_1268_S2_TEX_gap_007,GazeBase,1268,S_1268_S2_TEX,2,72.0,pchip,linear,0.0800798164392237,0.0800798164392237,0.0671134937193033,0.0,0.012966322719920403,False,0.2793544143605937,0.1558247865655584,0.23290959987555024,0.0710793663249213,0.20098856999410233,0.0671134937193033,0.19936497096914826,0.0800798164392237,0.4287873519000586,0.2233448545845554,0.9530778207702827,0.9986267903644508,0.8592305722478997,0.6239135595466063
S_1268_S2_TEX_gap_008,GazeBase,1268,S_1268_S2_TEX,2,56.0,pchip,pchip,0.0888129319425209,0.0888129319425209,0.0888129319425209,0.0,0.0,True,0.23825127728563816,0.31136256536647,0.17120789093892405,0.2007455658713892,0.13014163753982882,0.143257221154558,0.10137360828240491,0.0888129319425209,0.1652750034305341,0.1306571636642243,0.25247145171658203,0.3278831364850881,0.18127165028969722,0.2100834694621292
S_1268_S2_TEX_gap_009,GazeBase,1268,S_1268_S2_TEX,3,118.0,pchip,nearest_boundary,0.0408780394449574,0.0408780394449574,0.037770686642961,0.0,0.0031073528019964006,False,0.364703548644625,0.0548842557136918,0.3428905300141736,0.037770686642961,0.28544542092984426,0.0415342624186841,0.2721903597416542,0.0408780394449574,0.5760315122534981,0.1198376210448422,2.281460289904795,1.4149274740313795,1.7798264405774729,0.9784173984618284
S_1268_S2_TEX_gap_010,GazeBase,1268,S_1268_S2_TEX,3,105.0,pchip,template,0.5342448132883926,0.5342448132883926,0.3618947593344094,0.0,0.17235005395398317,False,0.5801429046277083,1.0869086539196453,0.42258256314399395,0.6570894699018323,0.3443316304500049,0.5488687221481249,0.3373293260019281,0.5342448132883926,0.4849871994703814,0.4558808324420672,0.40596581999846576,0.5175475503269548,0.38592913150097563,0.3618947593344094
S_1268_S2_TEX_gap_011,GazeBase,1268,S_1268_S2_TEX,3,127.0,pchip,forward_fill,0.0217850179890188,0.0217850179890188,0.0149836418879387,0.0,0.0068013761010801005,False,0.13271418627219705,0.0149836418879387,0.10039281557647131,0.0226315297357657,0.08662483367766835,0.0216309420321237,0.08134219952043888,0.0217850179890188,0.14117304120317642,0.0485009630770002,0.4863385518394728,0.6943954797148189,0.40013682956589336,0.3199249299032066
S_1268_S2_TEX_gap_012,GazeBase,1268,S_1268_S2_TEX,3,112.0,pchip,local_natural_cubic_spline,0.1914059493148512,0.1914059493148512,0.1795931093086276,0.0,0.011812840006223596,False,0.6770332874453919,0.5813968854317465,0.3898279054195584,0.2724774821119646,0.3042960580852845,0.2500625656605038,0.28434174375976606,0.1914059493148512,0.2883764085767093,0.1795931093086276,0.32828689578015696,0.2896227937144376,0.30735019035390143,0.2513864253746886
S_1268_S2_TEX_gap_013,GazeBase,1268,S_1268_S2_TEX,4,164.0,pchip,linear,0.0082919543270123,0.0082919543270123,0.0081953796807345,0.0,9.657464627780069e-05,False,0.06049615173220998,0.0146848636870782,0.04529540957579193,0.0100523557609929,0.03779394136347074,0.0081953796807345,0.034030337851817034,0.0082919543270123,0.08884582411865366,0.0112806734719903,0.20442606916710127,0.1485643952819828,0.14634345898172943,0.0779520983452622
S_1268_S2_TEX_gap_014,GazeBase,1268,S_1268_S2_TEX,4,179.0,pchip,forward_fill,0.4642594320838003,0.4642594320838003,0.3184686701646768,0.0,0.14579076191912355,False,0.6366028193177359,0.3184686701646768,0.4702656541385214,0.5752021140554665,0.37092562012292374,0.4363476160654229,0.34491914031131415,0.4642594320838003,0.36218479757963046,0.5205641844249251,0.394532990480711,0.436301165669814,0.38126783082963306,0.4549148648606808
S_1268_S2_TEX_gap_015,GazeBase,1268,S_1268_S2_TEX,4,163.0,pchip,nearest_boundary,0.2574400254932343,0.2574400254932343,0.1312034920584561,0.0,0.1262365334347782,False,0.6100001836542868,0.6808976268421284,0.4242760200853855,0.1312034920584561,0.34139089816024437,0.2574828195452634,0.3176334252959854,0.2574400254932343,0.35961918116612523,0.294817377117346,0.37141945186094083,0.2933018250788141,0.3538870079891057,0.2497106684005016
S_1268_S2_TEX_gap_016,GazeBase,1268,S_1268_S2_TEX,4,153.0,pchip,template,0.3588194356825828,0.3588194356825828,0.3114254301352983,0.0,0.04739400554728451,False,0.6126457258232996,0.8448603707813398,0.36439027200914675,0.4275790443279256,0.29654826645514254,0.3516752900614358,0.2684642996461823,0.3588194356825828,0.2723857834020803,0.3572194915252617,0.3306435312189632,0.3375426321601124,0.30241069175893454,0.3114254301352983
S_1268_S2_TEX_gap_017,GazeBase,1268,S_1268_S2_TEX,5,226.0,pchip,nearest_boundary,0.2382307232192236,0.2382307232192236,0.1890714134378603,0.0,0.04915930978136329,False,0.5725771145072798,0.6674823543220928,0.3727523934621237,0.1890714134378603,0.3099480610741923,0.2649785858960545,0.28602056505083273,0.2382307232192236,0.3558391455720985,0.2627660000648825,0.3609563809871485,0.3568110858102163,0.34504716883505376,0.2640667318890457
S_1268_S2_TEX_gap_018,GazeBase,1268,S_1268_S2_TEX,5,241.0,pchip,template,0.1559716437107457,0.1559716437107457,0.1140131756204451,0.0,0.0419584680903006,False,0.2992332978879048,0.3671279695366184,0.2119019803812046,0.1832213357061461,0.1629838905444267,0.1409029477244436,0.14420178819575263,0.1559716437107457,0.21824756944911983,0.1635820429121224,0.23622558769897783,0.1144765693160038,0.18745142324143263,0.1140131756204451
S_1268_S2_TEX_gap_019,GazeBase,1268,S_1268_S2_TEX,5,207.0,pchip,template,0.3695065720290303,0.3695065720290303,0.1386488284996063,0.0,0.230857743529424,False,0.649501122853182,0.3970508851933052,0.4057645018721988,0.4684030269609691,0.3354068711892535,0.3439706353295274,0.31550728767097036,0.3695065720290303,0.3560839075961117,0.3964571326840028,0.3997756839012453,0.2497273026912856,0.37703286939332975,0.1386488284996063
S_1268_S2_TEX_gap_020,GazeBase,1268,S_1268_S2_TEX,5,245.0,pchip,local_natural_cubic_spline,0.1174810631044095,0.1174810631044095,0.1126731760942831,0.0,0.00480788701012641,False,0.2733592263365932,0.3339615853560762,0.19055751638955803,0.1536351109966303,0.15367175214540704,0.1304201866585352,0.141171594829135,0.1174810631044095,0.35764707881911373,0.1126731760942831,0.2642029438151847,0.2677044825842165,0.22287426572693636,0.1232364948125439
S_1268_S1_TEX_gap_001,GazeBase,1268,S_1268_S1_TEX,1,1.0,pchip,forward_fill,0.0,0.0,0.0,0.0,0.0,False,0.09583359386234988,0.0,0.06390382652057627,0.0,0.042676755084369716,0.0,0.0337684458611742,0.0,0.050795710174658816,0.0014601071322967,0.09114541277016244,0.001297873006478,0.07903983040603567,0.0
S_1268_S1_TEX_gap_002,GazeBase,1268,S_1268_S1_TEX,1,8.0,pchip,template,0.0505679787597422,0.0505679787597422,0.0319669142358392,0.0,0.018601064523902998,False,0.19702696482213894,0.167270083009549,0.13374571765159587,0.0881202343308605,0.08353649435487628,0.0358200620892804,0.07599471650868761,0.0505679787597422,0.08710445853982388,0.0513221901775871,0.11551462362435128,0.040074980564882,0.1054252351043374,0.0319669142358392
S_1268_S1_TEX_gap_003,GazeBase,1268,S_1268_S1_TEX,1,43.0,linear,forward_fill,0.0732980395542305,0.0732980395542305,0.0732980395542305,0.0,0.0,False,0.48299244815867254,0.0732980395542305,0.44349368027531283,0.0732980395542305,0.3989865360910112,0.0732980395542305,0.40183949928801965,0.0732980395542305,1.0505131836507426,0.1521185986942528,0.9773761137655599,0.0794353848000575,0.9733152914307641,0.1965135941698856
S_1268_S1_TEX_gap_004,GazeBase,1268,S_1268_S1_TEX,1,5.0,pchip,linear,0.0178994381914268,0.0178994381914268,0.0140815002843398,0.0,0.0038179379070870014,False,0.14555619419207375,0.0246426308473252,0.10958078441236596,0.0246426308473252,0.08319303667987007,0.0140815002843398,0.07555968867112046,0.0178994381914268,0.10141189817259574,0.0281854842927669,0.1296031879473615,0.0217767572090688,0.11680343992369492,0.0151927794470925
S_1268_S1_TEX_gap_005,GazeBase,1268,S_1268_S1_TEX,2,56.0,pchip,pchip,0.0514238633784695,0.0514238633784695,0.0514238633784695,0.0,0.0,True,0.4394988967371278,0.0543038410658079,0.3805675544398693,0.0528710719045709,0.32300478028998525,0.0536779927621612,0.31758356373646857,0.0514238633784695,1.065854553505067,0.141837954379192,1.9409770955828352,1.2723202339218709,1.3837191385533558,0.910853915370149
S_1268_S1_TEX_gap_006,GazeBase,1268,S_1268_S1_TEX,2,75.0,linear,polyfit_bic,0.0828358275490467,0.0686253844344096,0.0489619004676527,-0.014210443114637095,0.033873927081394,False,0.6305707288561486,0.1133396497292181,0.5846274037782532,0.0934044225099459,0.5169097034274981,0.0828358275490467,0.530936550638203,0.0686253844344096,1.8844686648486395,0.276380418609152,0.6603809471685967,0.0489619004676527,0.6170005346199319,0.0824848289337017
S_1268_S1_TEX_gap_007,GazeBase,1268,S_1268_S1_TEX,2,61.0,pchip,forward_fill,0.0337940310743749,0.0337940310743749,0.0301238280311514,0.0,0.003670203043223498,False,0.3177298817524644,0.0301238280311514,0.2639342373492457,0.0402006880621646,0.23810752403772764,0.038062970083629,0.23118542214671797,0.0337940310743749,0.5267058917701198,0.0350107846175861,0.7890778588121033,0.903970464747844,0.6803439427595218,0.5564413362117878
S_1268_S1_TEX_gap_008,GazeBase,1268,S_1268_S1_TEX,2,75.0,pchip,nearest_boundary,0.0255788976361539,0.0255788976361539,0.0234937970171479,0.0,0.0020851006190059987,False,0.09702489130732507,0.0248548452498818,0.07431444850699581,0.0234937970171479,0.06087856312317223,0.0247994133664107,0.05191668814372666,0.0255788976361539,0.12376522071817506,0.0869635614617007,0.22036243032151875,0.1608422196813704,0.1675253825803741,0.117855900944155
S_1268_S1_TEX_gap_009,GazeBase,1268,S_1268_S1_TEX,3,114.0,pchip,template,0.4114707941033191,0.4114707941033191,0.3857005212256293,0.0,0.025770272877689793,False,0.6514337930098134,0.8829372141904827,0.3953860632959554,0.5347531895257931,0.31579405369519503,0.3947421733829349,0.2913429079827618,0.4114707941033191,0.29446483836153986,0.413947352233073,0.3391220254789266,0.3906203039345534,0.31517946587491275,0.3857005212256293
S_1268_S1_TEX_gap_010,GazeBase,1268,S_1268_S1_TEX,3,123.0,pchip,forward_fill,0.1236030650313396,0.1236030650313396,0.0498153517527547,0.0,0.0737877132785849,False,0.2322232541068834,0.0498153517527547,0.20758920022931066,0.2371409550476093,0.1612150776336377,0.1918371656759767,0.13122112500346067,0.1236030650313396,0.3111279914873471,0.3327867713414582,0.2952667215980918,0.4380249081664051,0.2001555062449807,0.2663074739411675
S_1268_S1_TEX_gap_011,GazeBase,1268,S_1268_S1_TEX,3,121.0,pchip,pchip,0.0237894691171234,0.0237894691171234,0.0237894691171234,0.0,0.0,True,0.10662973545194598,0.0250360593571814,0.08654073105703537,0.0253068875656145,0.07089976097658343,0.0244261526083897,0.06573201405808832,0.0237894691171234,0.1886135950456279,0.0797614630511816,0.28044214013705093,0.3982975702645501,0.22946736143194507,0.3094474222073117
S_1268_S1_TEX_gap_012,GazeBase,1268,S_1268_S1_TEX,3,146.0,pchip,linear,0.4578885622807536,0.4578885622807536,0.4254754794214835,0.0,0.03241308285927008,False,0.6039461313506337,0.9120126741938954,0.338149048623028,0.5639684018876107,0.27557579518027764,0.4254754794214835,0.24073935762971202,0.4578885622807536,0.24722751921504355,0.4545683176135874,0.30677257100587957,0.4550813769122198,0.27525971572717156,0.4630940719001361
S_1268_S1_TEX_gap_013,GazeBase,1268,S_1268_S1_TEX,4,193.0,pchip,polyfit_bic,0.3652615805093575,0.3652615805093575,0.2498437802087565,0.0,0.11541780030060098,False,0.6144081885557187,0.3549002231142814,0.4884864983531906,0.5034860461345841,0.4117986025710168,0.3785708567440495,0.3937134261543733,0.3652615805093575,0.6482579380055549,0.3817213365873916,0.5891812280109965,0.2498437802087565,0.540673995517904,0.3963183006274688
S_1268_S1_TEX_gap_014,GazeBase,1268,S_1268_S1_TEX,4,200.0,pchip,pchip,0.0628559307555739,0.0628559307555739,0.0628559307555739,0.0,0.0,True,0.41087261193701435,0.0809630989499911,0.3932453725405585,0.0865622047724921,0.32257442621543153,0.0633519392280016,0.3076594320127648,0.0628559307555739,0.7010551385611543,0.0836383778976307,3.2412490018899582,2.617348514356363,2.2218965095854606,2.2778217630417736
S_1268_S1_TEX_gap_015,GazeBase,1268,S_1268_S1_TEX,4,176.0,pchip,template,0.2923394914130713,0.2923394914130713,0.2596165656101199,0.0,0.032722925802951386,False,0.6772798117841784,0.8002557571846177,0.41581075620992947,0.3797081233164984,0.33922799439146095,0.2938519193062267,0.31590059459825026,0.2923394914130713,0.33047252123012255,0.29340737384013,0.37179992224724046,0.3206294885937742,0.35183541122596496,0.2596165656101199
S_1268_S1_TEX_gap_016,GazeBase,1268,S_1268_S1_TEX,4,184.0,pchip,forward_fill,0.0886293442201089,0.0886293442201089,0.0522106987711232,0.0,0.0364186454489857,False,0.22491266346631822,0.0522106987711232,0.18762771081928623,0.1877767012068487,0.1459467856109047,0.141933279371496,0.11971680321169607,0.0886293442201089,0.2851663982450289,0.3406098854967169,0.277431001943094,0.175669426383464,0.18141456402630468,0.106854774143183
S_1268_S1_TEX_gap_017,GazeBase,1268,S_1268_S1_TEX,5,225.0,pchip,linear,0.1691108831041922,0.1691108831041922,0.1466391204114941,0.0,0.0224717626926981,False,0.17716325849780518,0.2602819060431032,0.11945756643595296,0.1838594921066836,0.09574751973515774,0.1466391204114941,0.08368324633611252,0.1691108831041922,0.15075993035217647,0.1745870202973446,0.20052043996391566,0.1514325060780671,0.15849739182540734,0.3077353716870962
S_1268_S1_TEX_gap_018,GazeBase,1268,S_1268_S1_TEX,5,235.0,pchip,forward_fill,0.1487143443947268,0.1487143443947268,0.1209884726745593,0.0,0.027725871720167508,False,0.2310218206029395,0.1209884726745593,0.15650492476057232,0.1743332872418225,0.12685659628363596,0.133707873517119,0.1142153313326426,0.1487143443947268,0.23762221385981214,0.156813778019537,0.24260698887602863,0.1393705554364368,0.20269223504672748,0.1597840791068521
S_1268_S1_TEX_gap_019,GazeBase,1268,S_1268_S1_TEX,5,225.0,pchip,linear,0.7868017994350841,0.7868017994350841,0.7390231408575003,0.0,0.04777865857758379,False,0.7830958400447162,1.4080142690736563,0.46020182853529645,0.9522995980499273,0.3858259271659529,0.7390231408575003,0.362230570221439,0.7868017994350841,0.38944687112786264,0.7846766785873567,0.4291295887117397,0.792758876739618,0.41773610989375315,0.802065458246848
S_1268_S1_TEX_gap_020,GazeBase,1268,S_1268_S1_TEX,5,226.0,pchip,pchip,0.0075734914560698,0.0075734914560698,0.0075734914560698,0.0,0.0,True,0.11605790492348456,0.0088531564823138,0.09895922772703118,0.0077400216303535,0.0818082548666515,0.0080413253148404,0.07286894416764364,0.0075734914560698,0.21199572972395916,0.0733082329923003,0.3208085281088301,0.20815773614036,0.23517661088076497,0.1892825351376733
S_1037_S1_4_TEX_gap_001,GazeBaseVR,1037,S_1037_S1_4_TEX,1,8.0,pchip,nearest_boundary,0.0072766203887151,0.0072766203887151,0.0052595155709342,0.0,0.0020171048177809,False,0.17648125634095138,0.0190274366390642,0.12810545602222215,0.0052595155709342,0.08078837365082345,0.0052902729719341,0.06726787664267295,0.0072766203887151,0.08111465589900753,0.0103235509888559,0.09171748181921266,0.0097004447539074,0.09169350319703491,0.0052902729719341
S_1037_S1_4_TEX_gap_002,GazeBaseVR,1037,S_1037_S1_4_TEX,1,12.0,linear,nearest_boundary,0.0061195094246682,0.0055406820244131,0.0047225134482622,-0.0005788274002551004,0.0013969959764060002,False,0.37795184444229335,0.0047225134482629,0.2847149094058073,0.0047225134482622,0.23764086632787645,0.0061195094246682,0.2417372811342976,0.0055406820244131,0.4683360934877632,0.0305492567067078,1.1041114412478452,0.0635993586846673,0.9889971884373878,0.0381630157406821
S_1037_S1_4_TEX_gap_003,GazeBaseVR,1037,S_1037_S1_4_TEX,1,32.0,pchip,pchip,0.0205290465121635,0.0205290465121635,0.0205290465121635,0.0,0.0,True,0.1174090725338838,0.0283097871846102,0.11250119793377532,0.0668679600867027,0.08508974993837169,0.0450457027890993,0.07074030419385484,0.0205290465121635,0.10911856707081471,0.0955687205559972,0.1703908206641297,0.167998606532357,0.1441766604153755,0.1578854363088095
S_1037_S1_4_TEX_gap_004,GazeBaseVR,1037,S_1037_S1_4_TEX,1,44.0,pchip,polyfit_bic,0.0357171547560141,0.0357171547560141,0.0264514852472597,0.0,0.0092656695087544,False,0.3031607835697996,0.1187880310336372,0.21245514639627097,0.0580836570925328,0.16638052418570962,0.0457086198820261,0.15285740886347646,0.0357171547560141,0.23166263370125278,0.0271763942677734,0.2461928305089359,0.0264514852472597,0.213068135699563,0.0460501852278936
S_1037_S1_4_TEX_gap_005,GazeBaseVR,1037,S_1037_S1_4_TEX,2,92.0,local_natural_cubic_spline,pchip,0.2805670978639067,0.278040597245579,0.278040597245579,-0.0025265006183277094,0.0025265006183277094,False,0.6322881411956734,0.4859334416402301,0.374307844189724,0.4113695226073115,0.30522106009385924,0.2875549000200614,0.27416763572795877,0.278040597245579,0.2700381798097292,0.2805670978639067,0.3351947005261931,0.3120314756923373,0.3099429032710411,0.2939228797524785
S_1037_S1_4_TEX_gap_006,GazeBaseVR,1037,S_1037_S1_4_TEX,2,72.0,pchip,local_natural_cubic_spline,0.12535256856311,0.12535256856311,0.1191315298197449,0.0,0.006221038743365104,False,0.689495650911619,0.5454731747179071,0.44527964200200487,0.1226077908933348,0.37721878716769075,0.1718720290656927,0.3550747270168548,0.12535256856311,0.41739702786218236,0.1191315298197449,0.3995880388372278,0.2215988821789946,0.3815417104029173,0.1638245218141703
S_1037_S1_4_TEX_gap_007,GazeBaseVR,1037,S_1037_S1_4_TEX,2,92.0,pchip,local_natural_cubic_spline,0.018551891316373,0.018551891316373,0.0093287288388993,0.0,0.009223162477473701,False,0.1671895979725889,0.0520239948166903,0.1518514424815177,0.0228736374079434,0.13116139649980757,0.0173682186157666,0.12463417870697034,0.018551891316373,0.4000083408249167,0.0093287288388993,0.3817180243984998,0.5647629109418391,0.3114417002499512,0.7633449604608222
S_1037_S1_4_TEX_gap_008,GazeBaseVR,1037,S_1037_S1_4_TEX,2,76.0,pchip,pchip,0.0012265509928574,0.0012265509928574,0.0012265509928574,0.0,0.0,True,0.1270942999715421,0.007242633020201,0.1165807424895903,0.0050044284458506,0.0934817931366122,0.0012772827818744,0.08273884959542084,0.0012265509928574,0.17189151102330777,0.0076528672649118,0.2371876419879609,0.0835990341002355,0.195521618169071,0.0698500653202674
S_1037_S1_4_TEX_gap_009,GazeBaseVR,1037,S_1037_S1_4_TEX,3,120.0,local_natural_cubic_spline,linear,0.4064647030404608,0.3959860885324486,0.389048285014677,-0.010478614508012185,0.01741641802578381,False,0.7165688387554455,0.890851811694171,0.4195129624802213,0.5201121483153753,0.33103284852695025,0.389048285014677,0.3091234553922966,0.3959860885324486,0.3023356546970409,0.4064647030404608,0.35563367162532344,0.4010284612349672,0.33504657328764176,0.3962323013775446
S_1037_S1_4_TEX_gap_010,GazeBaseVR,1037,S_1037_S1_4_TEX,3,120.0,pchip,local_natural_cubic_spline,0.2187757904835428,0.2187757904835428,0.2182773434172291,0.0,0.0004984470663136897,False,0.6369539590671383,0.7330310103618725,0.42748607106590497,0.309962384287763,0.34542393995207055,0.2533002048026336,0.331572712591066,0.2187757904835428,0.47142048464308006,0.2182773434172291,0.42867485802291533,0.424962698714402,0.4080769806550124,0.3363625145007178
S_1037_S1_4_TEX_gap_011,GazeBaseVR,1037,S_1037_S1_4_TEX,3,112.0,pchip,pchip,0.0058568669701327,0.0058568669701327,0.0058568669701327,0.0,0.0,True,0.053201034945326284,0.0072200388812022,0.039970062036912064,0.0062418443889336,0.0335162041683642,0.0068022322781978,0.029557673466023334,0.0058568669701327,0.0858907415086096,0.0071344291574703,0.1556699445072603,0.0846220913494981,0.11823233025600338,0.1269660356545
S_1037_S1_4_TEX_gap_012,GazeBaseVR,1037,S_1037_S1_4_TEX,3,104.0,local_natural_cubic_spline,template,0.3835839342176923,0.3851430680168669,0.3652040095520502,0.0015591337991745502,0.018379924665642144,False,0.7224355111266831,0.8600205636906862,0.421045236905809,0.5113296369388529,0.32954547237608756,0.3659027233802283,0.3094817682716198,0.3851430680168669,0.3078929895788254,0.3835839342176923,0.3512860440906693,0.3660935892410066,0.33267545915858643,0.3652040095520502
S_1037_S1_4_TEX_gap_013,GazeBaseVR,1037,S_1037_S1_4_TEX,4,172.0,pchip,pchip,0.0749681887447978,0.0749681887447978,0.0749681887447978,0.0,0.0,True,0.35673381041542024,0.3406969048873606,0.23497120817692255,0.0777527948505589,0.18592077680945832,0.103837270979562,0.15800472169944968,0.0749681887447978,0.17849033733786926,0.0769359602056056,0.25584760970522274,0.1249109794254066,0.20418384448772892,0.0895073916620688
S_1037_S1_4_TEX_gap_014,GazeBaseVR,1037,S_1037_S1_4_TEX,4,152.0,pchip,template,0.3384190984413109,0.3384190984413109,0.2047551478776235,0.0,0.1336639505636874,False,0.6869096070159023,0.9071152789309266,0.43524074987094813,0.4512710348471092,0.3634550257161676,0.3495542325271097,0.3491569022846719,0.3384190984413109,0.3916757145896536,0.3480698515310756,0.41133466431543314,0.32203682290011,0.39424859097274273,0.2047551478776235
S_1037_S1_4_TEX_gap_015,GazeBaseVR,1037,S_1037_S1_4_TEX,4,176.0,pchip,forward_fill,0.7312294614868755,0.7312294614868755,0.4662121852149847,0.0,0.2650172762718908,False,0.82770951167686,0.4662121852149847,0.5623184589978343,0.947930765825626,0.4535435072968632,0.7203042529146441,0.4485082196301371,0.7312294614868755,0.5378818704135854,0.7256753497961114,0.5210221248122767,0.6491281564966148,0.5122505198080421,0.610039505443468
S_1037_S1_4_TEX_gap_016,GazeBaseVR,1037,S_1037_S1_4_TEX,4,172.0,pchip,template,0.1946194881960284,0.1946194881960284,0.0861299958645736,0.0,0.1084894923314548,False,0.24764839604165328,0.1885494217163486,0.1958438220099901,0.2581105267561567,0.15655421916678638,0.1927063620116075,0.14279064807174857,0.1946194881960284,0.23364012902690726,0.1939976684164409,0.2816999454423728,0.1246454656717203,0.2144085022216579,0.0861299958645736
S_1037_S1_4_TEX_gap_017,GazeBaseVR,1037,S_1037_S1_4_TEX,5,216.0,pchip,local_natural_cubic_spline,0.4255809282691782,0.4255809282691782,0.4247461073264477,0.0,0.0008348209427305187,False,0.8590371534709718,1.2450011018826548,0.5320310008713448,0.553873702646705,0.43073819560833526,0.4668457355003458,0.4260923557577589,0.4255809282691782,0.4658561313458246,0.4247461073264477,0.4666287144807707,0.5997819005162381,0.46098615086835726,0.5847253170245968
S_1037_S1_4_TEX_gap_018,GazeBaseVR,1037,S_1037_S1_4_TEX,5,236.0,pchip,forward_fill,0.1707750192278272,0.1707750192278272,0.1196084973152119,0.0,0.051166521912615295,False,0.2157732081662785,0.1196084973152119,0.14792310621626986,0.2367910626019341,0.1247123094554579,0.1942324666471195,0.10991178067995244,0.1707750192278272,0.18401663393205706,0.1642934546445115,0.21368857618458692,0.2144250871153748,0.1564479038053653,0.1395946774820286
S_1037_S1_4_TEX_gap_019,GazeBaseVR,1037,S_1037_S1_4_TEX,5,232.0,pchip,pchip,0.0290891908284966,0.0290891908284966,0.0290891908284966,0.0,0.0,True,0.1319415074610988,0.0867209076660121,0.09811820577381995,0.0308072894138093,0.08051593673637825,0.0340563729884687,0.07531479296260113,0.0290891908284966,0.18835260639977022,0.0292218390082083,0.2252719484864219,0.0517200784646301,0.16895566908248372,0.130038363763709
S_1037_S1_4_TEX_gap_020,GazeBaseVR,1037,S_1037_S1_4_TEX,5,216.0,pchip,forward_fill,0.5773660254859162,0.5773660254859162,0.1912552575012684,0.0,0.38611076798464783,False,0.6988663148028796,0.1912552575012684,0.4586542575387071,1.0012132808016774,0.38755584807164106,0.8059455932942714,0.37062440991897655,0.5773660254859162,0.48027367869132415,0.3907760359365829,0.6085286054059036,0.4320968773420888,0.5556827552367075,0.7792980285800476
S_1037_S2_4_TEX_gap_001,GazeBaseVR,1037,S_1037_S2_4_TEX,1,12.0,pchip,local_natural_cubic_spline,0.0170622116713375,0.0170622116713375,0.0074539652819948,0.0,0.009608246389342701,False,0.23453876329205253,0.1264905131555024,0.15449223493115063,0.0859822206927937,0.10275007369832327,0.0388457133069087,0.08483927011334526,0.0170622116713375,0.10307989203669221,0.0074539652819948,0.13802496816042345,0.0317532222013773,0.12339675875771818,0.0438355479126533
S_1037_S2_4_TEX_gap_002,GazeBaseVR,1037,S_1037_S2_4_TEX,1,20.0,pchip,linear,0.008127414468573,0.008127414468573,0.0061500441053564,0.0,0.001977370363216599,False,0.2195745931141474,0.0127528124365107,0.1788398980754877,0.0063545165024043,0.14738808832060157,0.0061500441053564,0.13812100757255574,0.008127414468573,0.20797252935129648,0.0090671187544546,0.3042926831426182,0.0211317669827341,0.25797706606277965,0.0099845839496153
S_1037_S2_4_TEX_gap_003,GazeBaseVR,1037,S_1037_S2_4_TEX,1,12.0,pchip,pchip,0.0137867509229387,0.0137867509229387,0.0137867509229387,0.0,0.0,True,0.5183861176934098,0.1497130004831456,0.3263341771178446,0.0770448276891134,0.2663833447128103,0.0281917512057535,0.24971087747866963,0.0137867509229387,0.3122957689741319,0.0192242381858798,0.320036608332848,0.0286885393706085,0.2896984318341792,0.0297504127528705
S_1037_S2_4_TEX_gap_004,GazeBaseVR,1037,S_1037_S2_4_TEX,1,4.0,pchip,linear,0.003369364948458,0.003369364948458,0.0023894730437579,0.0,0.0009798919047001,False,0.14779880457077707,0.056285365030725,0.10053557462562758,0.056285365030725,0.05771439910410268,0.0023894730437579,0.04710765582340556,0.003369364948458,0.05851741275053734,0.0035842206773662,0.0659303800041034,0.0033938302841806,0.06469313820129823,0.0023894730437579
S_1037_S2_4_TEX_gap_005,GazeBaseVR,1037,S_1037_S2_4_TEX,2,72.0,local_natural_cubic_spline,local_natural_cubic_spline,0.2041197840564734,0.2073731642805505,0.2041197840564734,0.0032533802240770904,0.0,True,0.6399098435430894,0.7291266005580083,0.3598097372652224,0.2805869835448588,0.29671454373563133,0.2231846790364892,0.2663734276956646,0.2073731642805505,0.26382531055044267,0.2041197840564734,0.3259857617052669,0.2515791475764667,0.30008819919403,0.2208738817361883
S_1037_S2_4_TEX_gap_006,GazeBaseVR,1037,S_1037_S2_4_TEX,2,68.0,local_natural_cubic_spline,local_natural_cubic_spline,0.2114370655382686,0.258196333341936,0.2114370655382686,0.046759267803667376,0.0,True,0.5136398463329759,0.2764241073944118,0.42881813237046856,0.5093957164538405,0.33785060866757427,0.3585964388779932,0.29403187913608,0.258196333341936,0.28603979792505213,0.2114370655382686,0.3695580370203504,0.3993562135799529,0.3477991772454542,0.3791759664879026
S_1037_S2_4_TEX_gap_007,GazeBaseVR,1037,S_1037_S2_4_TEX,2,56.0,pchip,linear,0.0147256133371029,0.0147256133371029,0.0145408414135517,0.0,0.0001847719235511993,False,0.41237534112133434,0.0486103947541017,0.3227202662641771,0.0231327212172755,0.27026320227745726,0.0145408414135517,0.2580404776618613,0.0147256133371029,0.48674282412647274,0.0249911444742085,0.608367616601392,0.0649004174574523,0.5438184936107179,0.0472252059302129
S_1037_S2_4_TEX_gap_008,GazeBaseVR,1037,S_1037_S2_4_TEX,2,80.0,pchip,local_natural_cubic_spline,0.1025372433299091,0.1025372433299091,0.0868231213394271,0.0,0.015714121990482,False,0.47207230140365347,0.3292538873695958,0.33716848875975425,0.267474585310314,0.2699147445345335,0.190234750505175,0.22932617445686632,0.1025372433299091,0.23139208004855388,0.0868231213394271,0.32006974378277747,0.2377555684959631,0.28373323620290253,0.2231628221206334
S_1037_S2_4_TEX_gap_009,GazeBaseVR,1037,S_1037_S2_4_TEX,3,140.0,pchip,pchip,0.0738711652976401,0.0738711652976401,0.0738711652976401,0.0,0.0,True,0.20237051665751601,0.1942964643483089,0.1723506640175555,0.1404622899768295,0.13791415561423068,0.1120738760357013,0.12463351109687677,0.0738711652976401,0.31920553480171876,0.4746941893733478,0.32744662834855076,0.5191006292059582,0.23010883224146197,0.3191181247872759
S_1037_S2_4_TEX_gap_010,GazeBaseVR,1037,S_1037_S2_4_TEX,3,124.0,pchip,pchip,0.1233366319665463,0.1233366319665463,0.1233366319665463,0.0,0.0,True,0.2642254981125112,0.4386076317952423,0.2122837592757474,0.2830895230200171,0.17231368713975764,0.2225080435179079,0.16084399838549962,0.1233366319665463,0.4252466780921818,0.6389649493509637,0.39250500923622184,1.0881813747326936,0.3327543847328519,0.7634478747521785
S_1037_S2_4_TEX_gap_011,GazeBaseVR,1037,S_1037_S2_4_TEX,3,132.0,pchip,pchip,0.2378425904669441,0.2378425904669441,0.2378425904669441,0.0,0.0,True,0.6355954203371276,0.5460844302575455,0.4224597226733465,0.3245468461684567,0.35357987492584075,0.2577929331594163,0.3339444751698571,0.2378425904669441,0.6306937407602695,0.2452964891241485,0.681549333134722,0.7829800241557779,0.6365576146876163,1.0306263348719713
S_1037_S2_4_TEX_gap_012,GazeBaseVR,1037,S_1037_S2_4_TEX,3,112.0,pchip,pchip,0.0741538106026111,0.0741538106026111,0.0741538106026111,0.0,0.0,True,0.21461283297877734,0.2698566315016139,0.192780794353034,0.1748841564021854,0.15406101945353617,0.128178140262829,0.13363368684387728,0.0741538106026111,0.33413106657678165,0.8168986814440704,0.290570279230676,0.406625373048336,0.18530743233197455,0.2043292484431858
S_1037_S2_4_TEX_gap_013,GazeBaseVR,1037,S_1037_S2_4_TEX,4,172.0,pchip,forward_fill,1.7401686436026194,1.7401686436026194,0.8657851414353565,0.0,0.8743835021672629,False,1.0000019039126586,0.8657851414353565,0.7108503589844862,2.0134983042709984,0.5906540824354611,1.662245247520213,0.5722553775886405,1.7401686436026194,0.766495553418384,1.685112790289628,0.6725515185058046,2.2286423323561713,0.667035207062994,1.9609842381793512
S_1037_S2_4_TEX_gap_014,GazeBaseVR,1037,S_1037_S2_4_TEX,4,168.0,pchip,local_natural_cubic_spline,0.120446666371222,0.120446666371222,0.0542950640168374,0.0,0.06615160235438461,False,0.22591081152282289,0.3030271658358145,0.21111208439831294,0.1985036828974656,0.16669043501562586,0.1468765805366742,0.13379139118545338,0.120446666371222,0.34679423936640835,0.0542950640168374,0.31700001273044426,0.323413512706294,0.2070966474145557,0.2157177284829245
S_1037_S2_4_TEX_gap_015,GazeBaseVR,1037,S_1037_S2_4_TEX,4,188.0,pchip,forward_fill,0.0896400790233712,0.0896400790233712,0.0344222010274789,0.0,0.055217877995892305,False,0.16821987776597155,0.0344222010274789,0.1437126954480581,0.1653198943327236,0.11803084550433013,0.1264642889325455,0.10166049780466631,0.0896400790233712,0.17483102804998626,0.0726847083630788,0.2079918643674234,0.1606187731196982,0.13921761830451884,0.1007945815315272
S_1037_S2_4_TEX_gap_016,GazeBaseVR,1037,S_1037_S2_4_TEX,4,160.0,pchip,template,0.2991573153511332,0.2991573153511332,0.292710485910318,0.0,0.006446829440815205,False,0.676547246243073,0.8028850517705532,0.43387538610305676,0.3935816749078071,0.3405764794685217,0.3013759064486396,0.32296410474871023,0.2991573153511332,0.32519715940647154,0.3116576161063271,0.3631789260062848,0.3122642354510649,0.3470536901965248,0.292710485910318
S_1037_S2_4_TEX_gap_017,GazeBaseVR,1037,S_1037_S2_4_TEX,5,216.0,pchip,template,0.2072580059409746,0.2072580059409746,0.1152300567328484,0.0,0.0920279492081262,False,0.6397503212240503,0.5483146850830762,0.3801688464439831,0.3489303720733746,0.31805529241483743,0.1456551163971773,0.29371470429624175,0.2072580059409746,0.2998536343574704,0.2480860857443847,0.3581707881664903,0.1573471721669738,0.3311082372201476,0.1152300567328484
S_1037_S2_4_TEX_gap_018,GazeBaseVR,1037,S_1037_S2_4_TEX,5,212.0,pchip,nearest_boundary,0.1658102322292043,0.1658102322292043,0.1262923699165712,0.0,0.0395178623126331,False,0.7038507712949026,0.6366799018748756,0.383917088755816,0.1262923699165712,0.3261909978612315,0.2092950130257626,0.30830332443636077,0.1658102322292043,0.3195174863646869,0.1642436528405147,0.37973428489199834,0.3143064514646489,0.35634904909805115,0.2523508236847268
S_1037_S2_4_TEX_gap_019,GazeBaseVR,1037,S_1037_S2_4_TEX,5,228.0,pchip,nearest_boundary,0.1022531248211487,0.1022531248211487,0.0813330926193563,0.0,0.020920032201792407,False,0.28632207835883844,0.3298913972470887,0.1807535755019495,0.0813330926193563,0.1534893585407108,0.1201468141184326,0.13744749236736523,0.1022531248211487,0.16618597532256438,0.1020385565444585,0.2018000432007851,0.1130254941380117,0.15563903622296058,0.1394488371535931
S_1037_S2_4_TEX_gap_020,GazeBaseVR,1037,S_1037_S2_4_TEX,5,244.0,pchip,forward_fill,0.7463826033432336,0.7463826033432336,0.4755533503713235,0.0,0.2708292529719101,False,0.5331911668241998,0.4755533503713235,0.39339807627073137,0.9785841075972096,0.3436447616707386,0.8692594985055526,0.32190367896066724,0.7463826033432336,0.7137632224073793,0.5367025718328027,0.8273154411922137,1.557763492112222,0.6936090911005721,1.6802981247951845
S_1048_S1_4_TEX_gap_001,GazeBaseVR,1048,S_1048_S1_4_TEX,1,12.0,pchip,pchip,0.0066072554871318,0.0066072554871318,0.0066072554871318,0.0,0.0,True,0.17647378357937962,0.024179604271895,0.14371891802873735,0.0153437992085601,0.11707401739619348,0.0091810015268383,0.10939740509273413,0.0066072554871318,0.17661472254396518,0.0518846020675645,0.3580788010950476,0.1171103407508404,0.3145995655732758,0.0428059065904969
S_1048_S1_4_TEX_gap_002,GazeBaseVR,1048,S_1048_S1_4_TEX,1,16.0,pchip,pchip,0.0029168267346614,0.0029168267346614,0.0029168267346614,0.0,0.0,True,0.29697311073205784,0.0229337009192818,0.20293989850789396,0.0091009142222446,0.14771784170775595,0.004520705378789,0.13454323600112217,0.0029168267346614,0.1667445141398222,0.0034080065718936,0.2107594697945292,0.0072733260862889,0.18332916044008127,0.0062096206564426
S_1048_S1_4_TEX_gap_003,GazeBaseVR,1048,S_1048_S1_4_TEX,1,32.0,pchip,pchip,0.0061378769751611,0.0061378769751611,0.0061378769751611,0.0,0.0,True,0.410498558774897,0.0316279714332373,0.3098285665068882,0.018169479935794,0.25287783441210665,0.0113846405636627,0.2463356615900746,0.0061378769751611,0.4470914908483271,0.0065335990927038,0.4032083669468011,0.037241278358153,0.3511781435010413,0.0328673856153898
S_1048_S1_4_TEX_gap_004,GazeBaseVR,1048,S_1048_S1_4_TEX,1,8.0,pchip,linear,0.0493464617709183,0.0493464617709183,0.0268769240080261,0.0,0.022469537762892202,False,0.21827666589285027,0.4453109707700873,0.1499083841990659,0.3133855461354801,0.08631680784863502,0.0268769240080261,0.073337644330767,0.0493464617709183,0.08275371985846679,0.059984301718515,0.11538201534913743,0.0560992205762192,0.10097784507693636,0.0268769240080261
S_1048_S1_4_TEX_gap_005,GazeBaseVR,1048,S_1048_S1_4_TEX,2,84.0,pchip,forward_fill,0.2456463263313061,0.2456463263313061,0.1506681957710879,0.0,0.0949781305602182,False,0.5923463698180167,0.1506681957710879,0.4241892237402098,0.4470302455249444,0.35381406353086403,0.3274314839308032,0.3277406012341777,0.2456463263313061,0.4365587163359716,0.1768697886768118,0.4018233765874093,0.453030311790876,0.37296543631911333,0.3670989058033847
S_1048_S1_4_TEX_gap_006,GazeBaseVR,1048,S_1048_S1_4_TEX,2,88.0,local_natural_cubic_spline,pchip,0.1380085923199501,0.1377239962352563,0.1377239962352563,-0.0002845960846938056,0.0002845960846938056,False,0.6877554299559975,0.6804428470012329,0.3992010245396997,0.2265455834189587,0.31996129792001793,0.1776624223786713,0.2966246803560656,0.1377239962352563,0.2963045448072882,0.1380085923199501,0.3497629818243037,0.221221782639409,0.3266496536723676,0.1790227326722798
S_1048_S1_4_TEX_gap_007,GazeBaseVR,1048,S_1048_S1_4_TEX,2,80.0,pchip,linear,0.0163675320903884,0.0163675320903884,0.0127316107640407,0.0,0.003635921326347699,False,0.3994377644494158,0.1682138252520391,0.3095176937035846,0.0862883155148393,0.2576986369482578,0.0127316107640407,0.2538906738786103,0.0163675320903884,0.4814847421081835,0.0196108677643221,1.0075871733128503,0.6046265183877252,0.9118868949658259,0.4617659740716492
S_1048_S1_4_TEX_gap_008,GazeBaseVR,1048,S_1048_S1_4_TEX,2,80.0,pchip,pchip,0.0093653474734292,0.0093653474734292,0.0093653474734292,0.0,0.0,True,0.19484181843635118,0.0416331350107866,0.15220105767658196,0.0259476914084636,0.1301106963182514,0.0198201129512823,0.12262380210634495,0.0093653474734292,0.27329871331410766,0.1026046214763115,0.33387973186684655,0.0675813319234613,0.2726031320183453,0.0386272149215076
S_1048_S1_4_TEX_gap_009,GazeBaseVR,1048,S_1048_S1_4_TEX,3,100.0,pchip,pchip,0.0121753600728485,0.0121753600728485,0.0121753600728485,0.0,0.0,True,0.06742290245675685,0.0382283774725933,0.05348310383266864,0.0236570569744042,0.044662076325179656,0.0203210701740992,0.04107921307169917,0.0121753600728485,0.11235924243187466,0.0620723873176198,0.21603503125794707,0.1124402596855011,0.18453376475263653,0.1645066579362918
S_1048_S1_4_TEX_gap_010,GazeBaseVR,1048,S_1048_S1_4_TEX,3,116.0,pchip,pchip,0.0064816125015631,0.0064816125015631,0.0064816125015631,0.0,0.0,True,0.05864786275280285,0.0168417850821552,0.051133093564958695,0.0088396449682574,0.04277710824439787,0.0070565824991682,0.03694425228879231,0.0064816125015631,0.10217961304029927,0.0088657911191047,0.2125530319091591,0.1660075019108408,0.1511642012001625,0.1229232410492145
S_1048_S1_4_TEX_gap_011,GazeBaseVR,1048,S_1048_S1_4_TEX,3,124.0,pchip,template,0.3152815176472229,0.3152815176472229,0.310088211856776,0.0,0.0051933057904469115,False,0.687957641450314,0.8230483529607129,0.4053423834169492,0.4527627601703989,0.3196747430391942,0.3128084884366374,0.29869284027706244,0.3152815176472229,0.2996623782276187,0.3178145431511595,0.3421544747025035,0.3237733209929099,0.32344656898192,0.310088211856776
S_1048_S1_4_TEX_gap_012,GazeBaseVR,1048,S_1048_S1_4_TEX,3,104.0,local_natural_cubic_spline,local_natural_cubic_spline,0.1302904603456997,0.1318481561869778,0.1302904603456997,0.0015576958412781006,0.0,True,0.46702171389321956,0.4969594175481562,0.42024918274888134,0.1766628158602347,0.3355905143872652,0.1736664670788085,0.2913904699164055,0.1318481561869778,0.28291151084853844,0.1302904603456997,0.36524059174500073,0.2078795744442012,0.3423083808331887,0.1923044109572987
S_1048_S1_4_TEX_gap_013,GazeBaseVR,1048,S_1048_S1_4_TEX,4,196.0,pchip,polyfit_bic,0.4528592523080123,0.4528592523080123,0.2601322390899165,0.0,0.19272701321809577,False,0.5856849761456056,0.907095095058531,0.40131637574306184,0.5824656650238814,0.3191824616147189,0.4336424859708215,0.3049516253743286,0.4528592523080123,0.3447224561969773,0.4441287959967063,0.3671087439719482,0.2601322390899165,0.3653727133147358,0.3363788953236151
S_1048_S1_4_TEX_gap_014,GazeBaseVR,1048,S_1048_S1_4_TEX,4,152.0,pchip,local_natural_cubic_spline,0.0934281037372346,0.0934281037372346,0.0870677790407162,0.0,0.006360324696518399,False,0.6397566474369674,0.2439990760557652,0.3653208937073494,0.158662257194818,0.3168454718258496,0.0975993408553263,0.29632991438607553,0.0934281037372346,0.3357048733443282,0.0870677790407162,0.3526148186632103,0.120509362340573,0.33216970402160434,0.1208495874502339
S_1048_S1_4_TEX_gap_015,GazeBaseVR,1048,S_1048_S1_4_TEX,4,196.0,pchip,pchip,0.2622341348665351,0.2622341348665351,0.2622341348665351,0.0,0.0,True,0.5968209476992904,0.8015864161575008,0.4005154040862442,0.3279586841634637,0.33136649148351943,0.291169192605559,0.3157374702376742,0.2622341348665351,0.3292130322743717,0.2651322876701962,0.3561364197377832,0.326992182299067,0.3431568183000159,0.2977465384131152
S_1048_S1_4_TEX_gap_016,GazeBaseVR,1048,S_1048_S1_4_TEX,4,196.0,local_natural_cubic_spline,pchip,0.1558372660201936,0.1537833478598209,0.1537833478598209,-0.002053918160372703,0.002053918160372703,False,0.5751014460941,0.6323325066765492,0.37377349630615003,0.2407565922842208,0.3010516495538468,0.1804119910518879,0.2698029806750579,0.1537833478598209,0.2650724277807397,0.1558372660201936,0.3321796590384355,0.2075268302226972,0.30313935418623733,0.1648129915147333
S_1048_S1_4_TEX_gap_017,GazeBaseVR,1048,S_1048_S1_4_TEX,5,236.0,pchip,forward_fill,0.1714488573783588,0.1714488573783588,0.1256808778420587,0.0,0.0457679795363001,False,0.3913703053710742,0.1256808778420587,0.27480486400657445,0.3609013984351303,0.2208584434523814,0.2740528315640467,0.19233174319893948,0.1714488573783588,0.24236588361827824,0.1402899589687635,0.295344598538545,0.3806756754634931,0.23769944902322468,0.2911305261904929
S_1048_S1_4_TEX_gap_018,GazeBaseVR,1048,S_1048_S1_4_TEX,5,236.0,pchip,template,0.1098028628327183,0.1098028628327183,0.0825683383064386,0.0,0.027234524526279696,False,0.27568251216358347,0.3780033953072925,0.22282281174369373,0.1201909024504591,0.17668509213203432,0.1337968299679644,0.16513008773789262,0.1098028628327183,0.340024791198165,0.1059022734661144,0.31220902923950683,0.2233137805605987,0.23805844696365952,0.0825683383064386
S_1048_S1_4_TEX_gap_019,GazeBaseVR,1048,S_1048_S1_4_TEX,5,208.0,pchip,nearest_boundary,0.1663542268170226,0.1663542268170226,0.1077748079615537,0.0,0.05857941885546891,False,0.4687384248505228,0.5579320382230558,0.3086911161124265,0.1077748079615537,0.25711153458671493,0.1980123791512436,0.2412327605796451,0.1663542268170226,0.2734895253126567,0.1642122289380172,0.3096002636930476,0.3277177940911144,0.27745078235379816,0.2675667626670688
S_1048_S1_4_TEX_gap_020,GazeBaseVR,1048,S_1048_S1_4_TEX,5,204.0,pchip,pchip,0.1169280378056574,0.1169280378056574,0.1169280378056574,0.0,0.0,True,0.3019172275597203,0.3789595857154355,0.22463361766391632,0.1588766481104781,0.18313203940892012,0.1323252123266138,0.17203378004807415,0.1169280378056574,0.417884852796232,0.1257648836321447,0.373244986299966,0.2758111235900844,0.3227546491387075,0.5624269086448669
S_1048_S2_4_TEX_gap_001,GazeBaseVR,1048,S_1048_S2_4_TEX,1,16.0,pchip,pchip,0.004787817660667,0.004787817660667,0.004787817660667,0.0,0.0,True,0.19546273969170275,0.0053147546469802,0.15257084690704414,0.004862395646921,0.12575834134761885,0.0049217063062154,0.11795781613889311,0.004787817660667,0.19173397369887393,0.0048016067673848,0.2566744771593803,0.0050735711757125,0.20958466488127314,0.0065541306803208
S_1048_S2_4_TEX_gap_002,GazeBaseVR,1048,S_1048_S2_4_TEX,1,4.0,pchip,linear,0.0031371558115388,0.0031371558115388,0.002976190476188,0.0,0.00016096533535079997,False,0.22705141071141266,0.0105633802816893,0.1582906844664686,0.0105633802816893,0.09269727585976563,0.002976190476188,0.08097257010996327,0.0031371558115388,0.09662160050169406,0.0031435298777678,0.12145892771613218,0.0031261905605051,0.10679621920586191,0.002976190476188
S_1048_S2_4_TEX_gap_003,GazeBaseVR,1048,S_1048_S2_4_TEX,1,28.0,pchip,nearest_boundary,0.0170459560121182,0.0170459560121182,0.0142067184879056,0.0,0.0028392375242126,False,0.23117014692554252,0.0288944399800898,0.19038624430828843,0.0142067184879056,0.16030260863207743,0.0187756876179128,0.15097427550163933,0.0170459560121182,0.2910837897236637,0.0211307416161114,0.25680890964172426,0.0185095183917431,0.2289658338631727,0.0182104032922918
S_1048_S2_4_TEX_gap_004,GazeBaseVR,1048,S_1048_S2_4_TEX,1,32.0,pchip,linear,0.024381637122077,0.024381637122077,0.0208781541304205,0.0,0.0035034829916564987,False,0.6348932463318337,0.0694150847478001,0.48385503365971333,0.0295733665821148,0.41300732706708215,0.0208781541304205,0.3997133232072108,0.024381637122077,0.652040386155587,0.0237574729863574,1.657566471959951,0.3434766579260382,1.5475378523805454,0.264810111997364
S_1048_S2_4_TEX_gap_005,GazeBaseVR,1048,S_1048_S2_4_TEX,2,56.0,linear,local_natural_cubic_spline,0.0110200532754708,0.010629256767971,0.0088556572760837,-0.0003907965074998014,0.0021643959993871004,False,0.23069583299345373,0.0131310578526378,0.19288421461257838,0.010101905186643,0.1655489336873966,0.0110200532754708,0.17034947127053107,0.010629256767971,0.4327259301126631,0.0088556572760837,0.816751659450802,0.0492322875169264,0.7091138020081807,0.0395275413118826
S_1048_S2_4_TEX_gap_006,GazeBaseVR,1048,S_1048_S2_4_TEX,2,64.0,pchip,local_natural_cubic_spline,0.0138397365774692,0.0138397365774692,0.0087870783276472,0.0,0.005052658249822,False,0.9108030331232075,0.1063647536451514,0.664674818955762,0.0496158426549831,0.5628735915037335,0.0189215877350926,0.5306510931504385,0.0138397365774692,0.8272803017376593,0.0087870783276472,1.6613748708745937,0.2120372688439019,1.3367309832267182,0.239856314471199
S_1048_S2_4_TEX_gap_007,GazeBaseVR,1048,S_1048_S2_4_TEX,2,64.0,pchip,local_natural_cubic_spline,0.103138253805075,0.103138253805075,0.0605873257711768,0.0,0.042550928033898205,False,0.2995006729345466,0.4594114683793181,0.22673784604767822,0.2598088662009459,0.1792841574260698,0.1836898849122334,0.15092235680631433,0.103138253805075,0.21069260889430053,0.0605873257711768,0.28324856437580204,0.3189349916274804,0.21619092312207788,0.259393934208225
S_1048_S2_4_TEX_gap_008,GazeBaseVR,1048,S_1048_S2_4_TEX,2,88.0,linear,local_natural_cubic_spline,0.0952294890370024,0.0716141135298061,0.0380903252554203,-0.023615375507196307,0.057139163781582104,False,0.219462873540641,0.0636183460743144,0.18717979991137831,0.101099568976173,0.1584085753157286,0.0952294890370024,0.1595708135488942,0.0716141135298061,0.40760282562350963,0.0380903252554203,1.4204775440828508,0.710931809826488,1.1665655843738807,2.4858854230960397
S_1048_S2_4_TEX_gap_009,GazeBaseVR,1048,S_1048_S2_4_TEX,3,140.0,local_natural_cubic_spline,local_natural_cubic_spline,0.1481095858340665,0.3298351779343491,0.1481095858340665,0.18172559210028258,0.0,True,0.5738811301747133,0.8821531882075344,0.4479899076086962,0.6022542068917444,0.35085398034492,0.4670903335444411,0.31289455475601047,0.3298351779343491,0.3072065718843373,0.1481095858340665,0.37805909975482427,0.518703060000569,0.35703978810963927,0.4986120955887818
S_1048_S2_4_TEX_gap_010,GazeBaseVR,1048,S_1048_S2_4_TEX,3,104.0,pchip,local_natural_cubic_spline,0.133512166883055,0.133512166883055,0.1161347458998066,0.0,0.017377420983248404,False,0.37508480460046123,0.2598399734602832,0.292239010148286,0.1808127203838746,0.2613870787927646,0.1554843139014257,0.2551248332287417,0.133512166883055,0.7371956318329806,0.1161347458998066,0.8517398956397887,0.8169681687112716,0.7388508324805215,0.5110014795478302
S_1048_S2_4_TEX_gap_011,GazeBaseVR,1048,S_1048_S2_4_TEX,3,124.0,pchip,linear,0.0201940716932838,0.0201940716932838,0.0153413037251596,0.0,0.0048527679681242,False,0.12984235094255728,0.0294937477962698,0.10402964527544495,0.0250350592330183,0.08398746274950283,0.0153413037251596,0.07709403848564964,0.0201940716932838,0.16807416900193853,0.0233008877161727,0.28148135873018854,0.2250103541367997,0.23072215351099917,0.132710332102502
S_1048_S2_4_TEX_gap_012,GazeBaseVR,1048,S_1048_S2_4_TEX,3,136.0,pchip,nearest_boundary,0.0569080698186453,0.0569080698186453,0.0410705063586394,0.0,0.0158375634600059,False,0.22678269799959833,0.0880076825415303,0.1725863821687234,0.0410705063586394,0.15028219333945517,0.0474745872138812,0.14282739995906596,0.0569080698186453,0.31697204789285566,0.1206201484199568,0.6099993990036543,1.0014775907612,0.4895617149391713,0.6938700851475224
S_1048_S2_4_TEX_gap_013,GazeBaseVR,1048,S_1048_S2_4_TEX,4,196.0,pchip,local_natural_cubic_spline,0.0140156405860943,0.0140156405860943,0.0083442711121145,0.0,0.005671369473979799,False,0.1164759215453002,0.0301919399679041,0.09838998758452633,0.0204533604100066,0.08026211476148028,0.0172258337155424,0.07507101918904062,0.0140156405860943,0.2030550031214241,0.0083442711121145,0.33894016672096755,0.3880258241241667,0.26106542070854455,0.2248386157608799
S_1048_S2_4_TEX_gap_014,GazeBaseVR,1048,S_1048_S2_4_TEX,4,172.0,pchip,pchip,0.09532205141903,0.09532205141903,0.09532205141903,0.0,0.0,True,0.1821209684741266,0.2948741196252456,0.169199461992801,0.2005544150736048,0.13658198827403434,0.1549074368361641,0.11594889728133627,0.09532205141903,0.1965096103654814,0.141682876332937,0.23204159365328625,0.3159012702319617,0.1559772727516874,0.2187371297103965
S_1048_S2_4_TEX_gap_015,GazeBaseVR,1048,S_1048_S2_4_TEX,4,180.0,pchip,nearest_boundary,0.2059255490191365,0.2059255490191365,0.1203519663914441,0.0,0.08557358262769241,False,0.5898771353600619,0.6611576643569387,0.42647227707587554,0.1203519663914441,0.3365347481415805,0.2496171783449478,0.3180378724757942,0.2059255490191365,0.3284466825855526,0.2057770753074957,0.35626669578459186,0.2905600499940845,0.34142736046122935,0.2613224598637385
S_1048_S2_4_TEX_gap_016,GazeBaseVR,1048,S_1048_S2_4_TEX,4,196.0,pchip,local_natural_cubic_spline,0.1550989261951185,0.1550989261951185,0.1442584008353852,0.0,0.010840525359733316,False,0.6476385412315558,0.5787598738524509,0.4277607002605464,0.2246884319890024,0.3376973138692127,0.2049859113588399,0.32327060381540096,0.1550989261951185,0.34113290298522886,0.1442584008353852,0.36407844788877936,0.2489948228475088,0.34386207423377,0.1994581611206296
S_1048_S2_4_TEX_gap_017,GazeBaseVR,1048,S_1048_S2_4_TEX,5,232.0,pchip,linear,0.3544591629529378,0.3544591629529378,0.3441453635741632,0.0,0.01031379937877458,False,0.6819278120820015,0.8247395889903765,0.3790397378710332,0.4677835647771521,0.3220451756760145,0.3441453635741632,0.30296434694646807,0.3544591629529378,0.31714644837578426,0.3560003398229318,0.3716528123799223,0.4311691927218736,0.34487469688975514,0.3772649261569574
S_1048_S2_4_TEX_gap_018,GazeBaseVR,1048,S_1048_S2_4_TEX,5,212.0,pchip,linear,0.0387150414950295,0.0387150414950295,0.0380846020211814,0.0,0.0006304394738481031,False,0.09505489681668904,0.0667203860626383,0.06991026404675175,0.0432153000738827,0.05784527464196954,0.0380846020211814,0.05081331696267014,0.0387150414950295,0.11125539164221712,0.1810849544828697,0.21106005159174454,0.2984679510314253,0.1398314882619581,0.1886007250922018
S_1048_S2_4_TEX_gap_019,GazeBaseVR,1048,S_1048_S2_4_TEX,5,216.0,pchip,pchip,0.1528471001855435,0.1528471001855435,0.1528471001855435,0.0,0.0,True,0.23585168401555925,0.3161127147104545,0.22927953624004263,0.2250831883066477,0.1798994783445171,0.1758748276732075,0.15983465632439153,0.1528471001855435,0.4189138470988661,0.2740901698476273,0.32050178228391923,0.2686118224847608,0.2052322763889434,0.173208246961465
S_1048_S2_4_TEX_gap_020,GazeBaseVR,1048,S_1048_S2_4_TEX,5,212.0,pchip,polyfit_bic,0.3281708832314571,0.3281708832314571,0.2216984858119776,0.0,0.1064723974194795,False,0.4436307807646119,0.6573091173398116,0.31236170130894075,0.4099559268029938,0.26250357280089287,0.3090638224257128,0.2470853248484387,0.3281708832314571,0.42930548588040685,0.3366361311961733,0.47521166831946793,0.2216984858119776,0.40854493936041586,0.2643047043982089
S_1063_S1_4_TEX_gap_001,GazeBaseVR,1063,S_1063_S1_4_TEX,1,44.0,pchip,local_natural_cubic_spline,0.0385297142025414,0.0385297142025414,0.0198163052266681,0.0,0.0187134089758733,False,0.26514838397235285,0.1350077972084762,0.20032051453483793,0.0574919207785376,0.1648443398898663,0.056017841259431,0.1541311945826177,0.0385297142025414,0.283629582962784,0.0198163052266681,0.29686056269214545,0.0376957452662965,0.25085122087518746,0.0519952641817792
S_1063_S1_4_TEX_gap_002,GazeBaseVR,1063,S_1063_S1_4_TEX,1,4.0,pchip,pchip,0.0027766807199164,0.0027766807199164,0.0027766807199164,0.0,0.0,True,0.21457691484260866,0.0216273380986516,0.151173341954163,0.0216273380986516,0.0874765820536823,0.0028582385152404,0.07655327458681307,0.0027766807199164,0.09149373758949028,0.0027835144449769,0.1152870629572585,0.002787493508783,0.10011672448588621,0.0028582385152404
S_1063_S1_4_TEX_gap_003,GazeBaseVR,1063,S_1063_S1_4_TEX,1,8.0,pchip,local_natural_cubic_spline,0.0165822170404648,0.0165822170404648,0.0158539086744502,0.0,0.000728308366014601,False,0.21394389562226213,0.1339171483567433,0.14184521273127065,0.0733042266775448,0.08515309987682473,0.0280111891256072,0.07638125170746672,0.0165822170404648,0.08861469914175756,0.0158539086744502,0.10958437185907234,0.0166828806263373,0.09765925923331123,0.0280111891256072
S_1063_S1_4_TEX_gap_004,GazeBaseVR,1063,S_1063_S1_4_TEX,1,40.0,linear,linear,0.0054882117890224,0.006169730639703,0.0054882117890224,0.0006815188506805996,0.0,True,0.410766697433992,0.0104195570055563,0.34538182009359825,0.010545959857254,0.2826096936742319,0.0054882117890224,0.2873329298837467,0.006169730639703,0.5323069533724107,0.0147736762624409,0.35590838685618925,0.005940114836263,0.3302624117161998,0.0095126996396799
S_1063_S1_4_TEX_gap_005,GazeBaseVR,1063,S_1063_S1_4_TEX,2,80.0,linear,pchip,0.0530394112472679,0.0528158084296355,0.0528158084296355,-0.00022360281763240258,0.00022360281763240258,False,0.22685429739994695,0.0785971676317953,0.18406251249987637,0.0542021517992139,0.15351020881728483,0.0530394112472679,0.1538739445620856,0.0528158084296355,0.4270551172909429,0.0577683480758593,0.7735284152823961,0.2435314696035447,0.693590480339581,0.239519457709904
S_1063_S1_4_TEX_gap_006,GazeBaseVR,1063,S_1063_S1_4_TEX,2,76.0,pchip,pchip,0.0170977667669928,0.0170977667669928,0.0170977667669928,0.0,0.0,True,0.17897981494176143,0.0865519460018894,0.13628031827483106,0.0469111300765026,0.11357673749066384,0.0292299649237807,0.1060604735611042,0.0170977667669928,0.23082261067235949,0.0185193333978058,0.28280787877793084,0.1501226013300207,0.2278348145660431,0.0655986198874348
S_1063_S1_4_TEX_gap_007,GazeBaseVR,1063,S_1063_S1_4_TEX,2,76.0,pchip,local_natural_cubic_spline,0.0240345918900973,0.0240345918900973,0.015769980957725,0.0,0.0082646109323723,False,0.5269762646953564,0.0492529604296564,0.41423909008001764,0.0296688416638732,0.34162614194738267,0.0234373126182821,0.3345213192939728,0.0240345918900973,0.7385041271746701,0.015769980957725,0.4808089807704558,0.039494993502009,0.44628052237262655,0.0326172173221061
S_1063_S1_4_TEX_gap_008,GazeBaseVR,1063,S_1063_S1_4_TEX,2,96.0,local_natural_cubic_spline,local_natural_cubic_spline,0.1033990045410272,0.1034483927149267,0.1033990045410272,4.938817389950334e-05,0.0,True,0.7158938665828367,0.6283455681190941,0.396400955350744,0.1908333067935173,0.31415956613627,0.1536316709534005,0.2929899057006566,0.1034483927149267,0.2909435647489105,0.1033990045410272,0.3380252177543248,0.2006216705439678,0.3175780934724374,0.1551242934668865
S_1063_S1_4_TEX_gap_009,GazeBaseVR,1063,S_1063_S1_4_TEX,3,148.0,pchip,linear,0.0324188187924957,0.0324188187924957,0.0281355147552042,0.0,0.004283304037291501,False,0.30819339820159697,0.0576045594144693,0.2558190229081765,0.05402750888192,0.21613258057078646,0.0281355147552042,0.21494611004013411,0.0324188187924957,0.5137273276341675,0.1038955443076845,1.7193646413335282,1.34968821997037,1.4425337380249035,0.8410142494539398
S_1063_S1_4_TEX_gap_010,GazeBaseVR,1063,S_1063_S1_4_TEX,3,144.0,pchip,local_natural_cubic_spline,0.2851817415117686,0.2851817415117686,0.258413135837463,0.0,0.026768605674305612,False,0.5692636965444604,0.3370787071890961,0.4204487157938013,0.5022691025071215,0.339162239279472,0.367955194978567,0.3043152816631708,0.2851817415117686,0.30751723027423367,0.258413135837463,0.3666775361264037,0.3950599643987399,0.34593088339965783,0.3871231213316611
S_1063_S1_4_TEX_gap_011,GazeBaseVR,1063,S_1063_S1_4_TEX,3,112.0,pchip,pchip,0.1290727407468694,0.1290727407468694,0.1290727407468694,0.0,0.0,True,0.6024817131733018,0.583903555694893,0.38112788580200907,0.20280611580648,0.31110504593412247,0.1797652766593633,0.28681246527930665,0.1290727407468694,0.30215688447333133,0.1317617441068175,0.34417967762022317,0.2027603390354164,0.3172551254504422,0.1483641475027755
S_1063_S1_4_TEX_gap_012,GazeBaseVR,1063,S_1063_S1_4_TEX,3,120.0,pchip,pchip,0.113482786132593,0.113482786132593,0.113482786132593,0.0,0.0,True,0.30103903517718555,0.4804822642418465,0.2920474143575722,0.3067970022739288,0.2284183301767887,0.2290132100618725,0.1947805805700754,0.113482786132593,0.3945430936877148,0.8242138559506623,0.34812024286239607,0.426319622949404,0.24931592012945603,0.289797624036245
S_1063_S1_4_TEX_gap_013,GazeBaseVR,1063,S_1063_S1_4_TEX,4,172.0,pchip,pchip,0.2580484550567593,0.2580484550567593,0.2580484550567593,0.0,0.0,True,0.6717243556767133,0.3946000616067031,0.40371689358058754,0.4632927773463399,0.32543165371369814,0.3200132861118512,0.2996902345782644,0.2580484550567593,0.300269258339309,0.2621033066564687,0.3493431326250361,0.3419932829897757,0.3284013661192528,0.32564945346477
S_1063_S1_4_TEX_gap_014,GazeBaseVR,1063,S_1063_S1_4_TEX,4,184.0,pchip,local_natural_cubic_spline,0.121510144158558,0.121510144158558,0.1214231034600502,0.0,8.704069850780372e-05,False,0.5722335437589631,0.5439717502992101,0.4191750256900831,0.2429714300200556,0.329657499735133,0.1773728898969719,0.3117134326196703,0.121510144158558,0.33171276961123497,0.1214231034600502,0.347443754938388,0.1908089509251595,0.3319044416158307,0.1613561710677835
S_1063_S1_4_TEX_gap_015,GazeBaseVR,1063,S_1063_S1_4_TEX,4,192.0,pchip,local_natural_cubic_spline,0.1296179434588597,0.1296179434588597,0.0507273389257774,0.0,0.0788906045330823,False,0.357109099926765,0.4581410790740644,0.2387818215003615,0.2909931198225965,0.18947603862774354,0.2188788350932538,0.16801971305013366,0.1296179434588597,0.24020204823602154,0.0507273389257774,0.2685958356546249,0.2677254630163051,0.2037291860705935,0.1843474849373777
S_1063_S1_4_TEX_gap_016,GazeBaseVR,1063,S_1063_S1_4_TEX,4,184.0,pchip,pchip,0.1468597817105384,0.1468597817105384,0.1468597817105384,0.0,0.0,True,0.5939084414891493,0.5971727036455675,0.43734113681235603,0.2432263824079489,0.3436627477506371,0.1926562779576773,0.33346207356608604,0.1468597817105384,0.3415304508502761,0.1529128854899954,0.35626779893927896,0.2283975229758557,0.3436549849061484,0.1977507623639513
S_1063_S1_4_TEX_gap_017,GazeBaseVR,1063,S_1063_S1_4_TEX,5,232.0,pchip,local_natural_cubic_spline,0.2043127985099395,0.2043127985099395,0.1767580278537405,0.0,0.02755477065619899,False,0.3951288519570238,0.5514986551499211,0.2973598181488534,0.3643417379892432,0.24035205442499058,0.2822149029170241,0.22251038280873126,0.2043127985099395,0.5487703488239197,0.1767580278537405,0.39906174865624533,0.2892851914069692,0.35394323309560527,0.3100303245019026
S_1063_S1_4_TEX_gap_018,GazeBaseVR,1063,S_1063_S1_4_TEX,5,208.0,pchip,local_natural_cubic_spline,0.2407900472217008,0.2407900472217008,0.2403837403125079,0.0,0.00040630690919291057,False,0.7055598445130938,0.7866586254163339,0.45383639996144537,0.3362247271655766,0.34983106501995864,0.2665350422728674,0.34148209779210764,0.2407900472217008,0.38216926219959907,0.2403837403125079,0.3705742160880075,0.2984581710365481,0.35313287596937515,0.2614776614837085
S_1063_S1_4_TEX_gap_019,GazeBaseVR,1063,S_1063_S1_4_TEX,5,208.0,pchip,local_natural_cubic_spline,0.1808111975261829,0.1808111975261829,0.0621943052752099,0.0,0.11861689225097301,False,0.5938600387686734,0.714023749014701,0.4004196344877337,0.4273759440693881,0.31923229257155833,0.3139376336811025,0.284040809761003,0.1808111975261829,0.28487199888045145,0.0621943052752099,0.35306648075516817,0.4156488700874581,0.3225080673831085,0.3553382840055576
S_1063_S1_4_TEX_gap_020,GazeBaseVR,1063,S_1063_S1_4_TEX,5,200.0,pchip,linear,0.0317733996925508,0.0317733996925508,0.0214677356043548,0.0,0.010305664088196002,False,0.08966958163803347,0.0419228893532256,0.06307010239041405,0.0318839023683448,0.052729797485643555,0.0214677356043548,0.04804522690971282,0.0317733996925508,0.11219902279985669,0.0739229235970491,0.17875045937626527,0.1082871258535434,0.12930893423945966,0.0525928443339648
S_1063_S2_4_TEX_gap_001,GazeBaseVR,1063,S_1063_S2_4_TEX,1,28.0,pchip,local_natural_cubic_spline,0.0391723261779589,0.0391723261779589,0.0297437230328831,0.0,0.0094286031450758,False,0.24429594329026824,0.2953787140693582,0.1942004148054816,0.2592117593004053,0.14251806903600892,0.1288191422883634,0.11717726586179285,0.0391723261779589,0.15414143828001362,0.0297437230328831,0.21083328348652197,0.1084782447894996,0.18357648434633903,0.1282228153366931
S_1063_S2_4_TEX_gap_002,GazeBaseVR,1063,S_1063_S2_4_TEX,1,28.0,pchip,local_natural_cubic_spline,0.0404654244092926,0.0404654244092926,0.0174258423035765,0.0,0.0230395821057161,False,0.2297752572795658,0.1176084771662603,0.16793403874320734,0.0678386378204707,0.12851129632230981,0.0617326797910635,0.11291400187650553,0.0404654244092926,0.15115229065396305,0.0174258423035765,0.21279976687595986,0.0521804867452822,0.18305819956345246,0.0634374964959179
S_1063_S2_4_TEX_gap_003,GazeBaseVR,1063,S_1063_S2_4_TEX,1,48.0,pchip,pchip,0.0135178422412458,0.0135178422412458,0.0135178422412458,0.0,0.0,True,0.44078286763090047,0.0647823856463583,0.32077209788778616,0.0311337101521274,0.2631229830953881,0.0204072050065908,0.2421719304201576,0.0135178422412458,0.36008154905338813,0.0166567338767371,0.3412309716071102,0.0225359324808639,0.2967677062228804,0.0241865820296339
S_1063_S2_4_TEX_gap_004,GazeBaseVR,1063,S_1063_S2_4_TEX,1,36.0,pchip,local_natural_cubic_spline,0.0552046155364616,0.0552046155364616,0.0198402016454155,0.0,0.0353644138910461,False,0.22102068282730994,0.2911776389044918,0.15653909025792173,0.146412247504267,0.11704063016317673,0.0969101354575032,0.10164013094432457,0.0552046155364616,0.14896130872519106,0.0198402016454155,0.20585981039218385,0.1137348912796102,0.16800783488794443,0.1428405546898009
S_1063_S2_4_TEX_gap_005,GazeBaseVR,1063,S_1063_S2_4_TEX,2,84.0,pchip,pchip,0.029916731698562,0.029916731698562,0.029916731698562,0.0,0.0,True,0.401880387278582,0.071190090526929,0.3071085011429794,0.0516380018377882,0.26537674355866664,0.0315585552649347,0.2602765706291048,0.029916731698562,0.628549412758037,0.0464774965503159,0.7638730785695832,0.1305512345950857,0.6641983344404991,0.1999517547645638
S_1063_S2_4_TEX_gap_006,GazeBaseVR,1063,S_1063_S2_4_TEX,2,92.0,pchip,local_natural_cubic_spline,0.0310197549274385,0.0310197549274385,0.0231470183107115,0.0,0.007872736616727001,False,0.2982437088673683,0.1503984371762705,0.2439564605863535,0.0574302666102085,0.20709524891021797,0.0384128450490592,0.1979373833568208,0.0310197549274385,0.3952807378808788,0.0231470183107115,0.7632201110749649,0.4233951973644358,0.6719266158554404,0.329386857947184
S_1063_S2_4_TEX_gap_007,GazeBaseVR,1063,S_1063_S2_4_TEX,2,88.0,pchip,forward_fill,0.0568941336674291,0.0568941336674291,0.0465082435077843,0.0,0.0103858901596448,False,0.2457355286426565,0.0465082435077843,0.19677287823541398,0.0478211703629787,0.1696926204375204,0.051459979269992,0.16282727209609482,0.0568941336674291,0.30064723317712505,0.0717915877406752,0.5916488687112029,0.4465921953401968,0.49456844392409516,0.3176016519688434
S_1063_S2_4_TEX_gap_008,GazeBaseVR,1063,S_1063_S2_4_TEX,2,80.0,pchip,linear,0.0037801275292015,0.0037801275292015,0.0034992444047473,0.0,0.0002808831244542004,False,0.09120422143625491,0.0042840454433573,0.08193538709377333,0.0044758212497534,0.06868438867258597,0.0034992444047473,0.0625568697476219,0.0037801275292015,0.13450430813365655,0.0067801563542424,0.20785375132084025,0.0640546071127307,0.18276631127206713,0.094658479321546
S_1063_S2_4_TEX_gap_009,GazeBaseVR,1063,S_1063_S2_4_TEX,3,144.0,pchip,forward_fill,0.0374305832768369,0.0374305832768369,0.0117694394539985,0.0,0.0256611438228384,False,0.10634711769825107,0.0117694394539985,0.09376603576809238,0.0684404564124744,0.07626432981036539,0.057178731899543,0.06623313129762164,0.0374305832768369,0.26490900578710425,0.2414500378569,0.28103478841507856,0.3203682881580441,0.17074264741793285,0.1929087660928448
S_1063_S2_4_TEX_gap_010,GazeBaseVR,1063,S_1063_S2_4_TEX,3,124.0,pchip,template,0.2483274495979484,0.2483274495979484,0.2179069568047451,0.0,0.030420492793203302,False,0.6766913611413501,0.7833586801890169,0.38045316466976126,0.3489512154200799,0.31282175827114456,0.2601230887635684,0.286328238302845,0.2483274495979484,0.28634769773668806,0.2508449998326091,0.3402099647782273,0.2706873414795901,0.3161258541162963,0.2179069568047451
S_1063_S2_4_TEX_gap_011,GazeBaseVR,1063,S_1063_S2_4_TEX,3,124.0,local_natural_cubic_spline,pchip,0.2602021408411786,0.2591847437369833,0.2591847437369833,-0.0010173971041952945,0.0010173971041952945,False,0.5132986622653044,0.3584991917911369,0.45088709170853264,0.4483558547961579,0.35032194565715513,0.3129591049621855,0.30750637904825306,0.2591847437369833,0.29886261705530964,0.2602021408411786,0.3801117074550307,0.3428628159950619,0.3597518679778121,0.3265778644145679
S_1063_S2_4_TEX_gap_012,GazeBaseVR,1063,S_1063_S2_4_TEX,3,124.0,pchip,pchip,0.0968331961701224,0.0968331961701224,0.0968331961701224,0.0,0.0,True,0.22367706265271628,0.357878812783966,0.20030416348297517,0.2233893475939622,0.15918039038028714,0.1767804290147563,0.13669601483752622,0.0968331961701224,0.271068810853678,0.1480748161600201,0.28052489698017186,0.4057273678190036,0.1885891261515062,0.2617284980525318
S_1063_S2_4_TEX_gap_013,GazeBaseVR,1063,S_1063_S2_4_TEX,4,180.0,pchip,local_natural_cubic_spline,0.2047451964597177,0.2047451964597177,0.2022746594653028,0.0,0.002470536994414907,False,0.698004785914798,0.6220082673774467,0.43376511882547336,0.2331130638585538,0.3410102427931413,0.2502904423275519,0.32431647304748856,0.2047451964597177,0.32577572641541436,0.2022746594653028,0.36130956100416994,0.2905766601744488,0.3439923164750448,0.2431325973683433
S_1063_S2_4_TEX_gap_014,GazeBaseVR,1063,S_1063_S2_4_TEX,4,160.0,linear,pchip,0.0222462464420548,0.0196502132298689,0.0196502132298689,-0.0025960332121858984,0.0025960332121858984,False,0.3513052223432633,0.0208402706047014,0.2720068721134253,0.0323443611765528,0.23742511257872567,0.0222462464420548,0.23978782223564746,0.0196502132298689,0.5003279387753036,0.0985698239086792,1.1105870963563724,0.5470392251135799,1.0084566116433946,0.311751302619953
S_1063_S2_4_TEX_gap_015,GazeBaseVR,1063,S_1063_S2_4_TEX,4,188.0,pchip,forward_fill,0.4130863541380448,0.4130863541380448,0.1450673900522445,0.0,0.2680189640858003,False,0.6621133720731516,0.1450673900522445,0.3583499026899845,0.7018949563174931,0.3120261962800676,0.5664501074933459,0.2896833687231402,0.4130863541380448,0.30155624535475206,0.2005588966698081,0.35332274036955014,0.716258584376445,0.3282546590376117,0.6291543000136846
S_1063_S2_4_TEX_gap_016,GazeBaseVR,1063,S_1063_S2_4_TEX,4,192.0,pchip,template,0.2264757055171868,0.2264757055171868,0.1381404613046579,0.0,0.08833524421252889,False,0.24505142556053297,0.3736111545937925,0.20922821226227678,0.2555589526969225,0.1649880537722847,0.1994360930122746,0.1407411551014307,0.2264757055171868,0.27269107890803856,0.2373253051521896,0.2890206539979809,0.1682364927892152,0.19061722698605776,0.1381404613046579
S_1063_S2_4_TEX_gap_017,GazeBaseVR,1063,S_1063_S2_4_TEX,5,232.0,pchip,local_natural_cubic_spline,2.0519266904852427,2.0519266904852427,1.402221147794998,0.0,0.6497055426902447,False,1.4662487081319202,1.9479002242828896,1.1172434345713476,2.16070845051595,0.9450028742273007,2.1535046698184583,0.8909760300219682,2.0519266904852427,1.6787419019147252,1.402221147794998,2.378629486351764,2.1431706450530372,2.0752934196290913,1.517742026266736
S_1063_S2_4_TEX_gap_018,GazeBaseVR,1063,S_1063_S2_4_TEX,5,224.0,pchip,pchip,0.0067503641495174,0.0067503641495174,0.0067503641495174,0.0,0.0,True,0.06216243094768437,0.0208114290436534,0.044098635444062985,0.0077284236060407,0.03688290959258853,0.0075273693197658,0.0339071081920906,0.0067503641495174,0.08361456504420031,0.0245219804739024,0.15759069290754615,0.0999779307678107,0.12176546758752106,0.139495662489459
S_1063_S2_4_TEX_gap_019,GazeBaseVR,1063,S_1063_S2_4_TEX,5,200.0,pchip,pchip,0.0394879741883527,0.0394879741883527,0.0394879741883527,0.0,0.0,True,0.09703881906326185,0.1184521454439527,0.07008146714614306,0.0800867461699433,0.057509867205949625,0.0631004529651794,0.05141892366191328,0.0394879741883527,0.11634876019079975,0.0574164515790259,0.18479974092709306,0.2077004134756363,0.12784885686012493,0.1636206690415834
S_1063_S2_4_TEX_gap_020,GazeBaseVR,1063,S_1063_S2_4_TEX,5,212.0,pchip,forward_fill,1.9555172363024944,1.9555172363024944,1.4953039796263503,0.0,0.4602132566761441,False,1.4861541416892055,1.4953039796263503,1.0222559414584351,2.4395383572339773,0.8948010619473693,1.887197250648435,0.8436061353527354,1.9555172363024944,1.210171170098586,1.9516301385596413,1.1734132567548985,2.310324242031842,1.1113868497598325,2.2199783434223885
S_1273_S2_4_TEX_gap_001,GazeBaseVR,1273,S_1273_S2_4_TEX,1,20.0,pchip,pchip,0.0373720792832358,0.0373720792832358,0.0373720792832358,0.0,0.0,True,0.2694205512461058,0.4105281645237308,0.18236709998159456,0.2219713931599519,0.1367632761473283,0.0909823637281123,0.11238629587775405,0.0373720792832358,0.15918530006334686,0.0794473722444311,0.20618849285428786,0.1384732405945965,0.17014844673421436,0.1199860924955533
S_1273_S2_4_TEX_gap_002,GazeBaseVR,1273,S_1273_S2_4_TEX,1,12.0,pchip,pchip,0.0042120055481947,0.0042120055481947,0.0042120055481947,0.0,0.0,True,0.21842569331168118,0.0068557691085209,0.17090345709114182,0.0043479580464989,0.1305303722468164,0.0042884464267726,0.12198864632510935,0.0042120055481947,0.15191854940879249,0.0074535150910222,0.20256817722139478,0.0059053035439068,0.1753757344889227,0.0042604091931029
S_1273_S2_4_TEX_gap_003,GazeBaseVR,1273,S_1273_S2_4_TEX,1,32.0,pchip,pchip,0.0568800725998147,0.0568800725998147,0.0568800725998147,0.0,0.0,True,0.3228999708343974,0.396955320529498,0.23618041486930708,0.1990286783779126,0.1821852224447368,0.1207971398219598,0.1505906492900357,0.0568800725998147,0.16121492350488975,0.077625490028426,0.2298881963925119,0.1390145528570567,0.20564344509253618,0.135708237797279
S_1273_S2_4_TEX_gap_004,GazeBaseVR,1273,S_1273_S2_4_TEX,1,16.0,pchip,linear,0.0072782693201599,0.0072782693201599,0.0040551999460799,0.0,0.00322306937408,False,0.25951053342415337,0.0145410854429796,0.19593192469818488,0.0090204627132935,0.14852981344136776,0.0040551999460799,0.13384182678686854,0.0072782693201599,0.17088998036945188,0.0111481013364648,0.2183579116043897,0.0058079350990343,0.1891693233186385,0.0046002884092908
S_1273_S2_4_TEX_gap_005,GazeBaseVR,1273,S_1273_S2_4_TEX,2,64.0,pchip,local_natural_cubic_spline,0.0405761404886785,0.0405761404886785,0.0251728744160562,0.0,0.015403266072622296,False,0.1769433267205985,0.1769767863849152,0.14005523169302075,0.1052475527308197,0.11003847555840944,0.0805031159964359,0.0879410463624671,0.0405761404886785,0.174754914500039,0.0251728744160562,0.2564892675848258,0.2416782853922405,0.1736085309310008,0.199974850358204
S_1273_S2_4_TEX_gap_006,GazeBaseVR,1273,S_1273_S2_4_TEX,2,84.0,pchip,local_natural_cubic_spline,0.0599884821865485,0.0599884821865485,0.0448480379469078,0.0,0.015140444239640699,False,0.1667602567174471,0.0571318500516712,0.13195106645618385,0.0679235771243865,0.11204791909111281,0.0691160089525783,0.10517101714826418,0.0599884821865485,0.20909557035397447,0.0448480379469078,0.342644507076985,0.1845681611139574,0.27253354573006855,0.1913736932310883
S_1273_S2_4_TEX_gap_007,GazeBaseVR,1273,S_1273_S2_4_TEX,2,68.0,pchip,local_natural_cubic_spline,0.0503126144132931,0.0503126144132931,0.0397299632307449,0.0,0.010582651182548197,False,0.23838969028001603,0.1813129224410211,0.18765385190279485,0.1078567396597556,0.1594067818920767,0.0884831075289477,0.15045785127025252,0.0503126144132931,0.3635857300149625,0.0397299632307449,0.32619777235917075,0.0562080911486845,0.27435518219969846,0.0936365613479075
S_1273_S2_4_TEX_gap_008,GazeBaseVR,1273,S_1273_S2_4_TEX,2,84.0,pchip,linear,0.0279303772227517,0.0279303772227517,0.0213612514939516,0.0,0.006569125728800099,False,0.247489560785429,0.0625418243669365,0.1855425574381997,0.052808367026504,0.15161582509423022,0.0213612514939516,0.1469255396916461,0.0279303772227517,0.2837727308015879,0.0562550131810305,0.5014208498841928,0.1483902852013044,0.4320908810673255,0.145642147558674
S_1273_S2_4_TEX_gap_009,GazeBaseVR,1273,S_1273_S2_4_TEX,3,108.0,pchip,pchip,0.0246309497978149,0.0246309497978149,0.0246309497978149,0.0,0.0,True,0.10587168024203926,0.095149535191788,0.0845952232946722,0.0562138519183736,0.07212052478747155,0.0456876040020059,0.06715974990888463,0.0246309497978149,0.1842680921653895,0.0382849238508779,0.2149388788093862,0.2168150588278688,0.17803156881009727,0.1255612537160804
S_1273_S2_4_TEX_gap_010,GazeBaseVR,1273,S_1273_S2_4_TEX,3,124.0,pchip,pchip,0.00541814653599,0.00541814653599,0.00541814653599,0.0,0.0,True,0.16529203030432263,0.0280631131759512,0.12293815405833987,0.016116767579662,0.10282051347465758,0.00643499357229,0.09737798344590423,0.00541814653599,0.2348787454299825,0.0092409686385788,0.41298338074937296,0.6684141407065154,0.3438011046366711,0.5035007421866516
S_1273_S2_4_TEX_gap_011,GazeBaseVR,1273,S_1273_S2_4_TEX,3,108.0,linear,local_natural_cubic_spline,0.0330333188676336,0.0235455585617552,0.0126721421043133,-0.009487760305878404,0.020361176763320304,False,0.29079674411322737,0.0152995703734857,0.23736697006059126,0.0413489911998233,0.2039685988295991,0.0330333188676336,0.20673099145926468,0.0235455585617552,0.5005753240763798,0.0126721421043133,1.1375191657404764,0.4859374209502276,1.003470926030685,0.5272627796430133
S_1273_S2_4_TEX_gap_012,GazeBaseVR,1273,S_1273_S2_4_TEX,3,116.0,pchip,pchip,0.2042947920379235,0.2042947920379235,0.2042947920379235,0.0,0.0,True,0.5562549407358106,0.418147860687746,0.34568147299029695,0.3301342415944917,0.2891796443321628,0.2526075036468198,0.25603369624972855,0.2042947920379235,0.26045206247274,0.2084507013190111,0.3261528171501209,0.2656721120271555,0.2935582135512649,0.2608313791181859
S_1273_S2_4_TEX_gap_013,GazeBaseVR,1273,S_1273_S2_4_TEX,4,200.0,pchip,forward_fill,0.0258238820786286,0.0258238820786286,0.0229246800283375,0.0,0.002899202050291101,False,0.14059753377755502,0.0229246800283375,0.12566286577612254,0.0525010403603127,0.1015363900143632,0.0353245015463834,0.08852263970626857,0.0258238820786286,0.3281729330511655,0.3572835396633264,0.2903448910785351,0.2061040387887356,0.16122826222150294,0.0674659026473427
S_1273_S2_4_TEX_gap_014,GazeBaseVR,1273,S_1273_S2_4_TEX,4,156.0,local_natural_cubic_spline,pchip,0.3366787615389774,0.3266985637636696,0.3266985637636696,-0.009980197775307786,0.009980197775307786,False,0.610618171001609,0.3752941050607464,0.3834599731416261,0.4564504674319384,0.31249231172195985,0.3380191740630124,0.28265574835372914,0.3266985637636696,0.2803316057129084,0.3366787615389774,0.3414517664011673,0.3766499668269892,0.315284494595316,0.3820741048395195
S_1273_S2_4_TEX_gap_015,GazeBaseVR,1273,S_1273_S2_4_TEX,4,152.0,pchip,pchip,0.2520938889481295,0.2520938889481295,0.2520938889481295,0.0,0.0,True,0.6369406042495279,0.515639758818665,0.37501607245056534,0.3504324766562183,0.30882538232497064,0.2688210307490278,0.28576370835232856,0.2520938889481295,0.2868822943637249,0.2575293812380047,0.33890444039001766,0.3067163718428602,0.3147190560564184,0.2873645220709924
S_1273_S2_4_TEX_gap_016,GazeBaseVR,1273,S_1273_S2_4_TEX,4,188.0,pchip,template,0.157787211353391,0.157787211353391,0.1352565540435292,0.0,0.022530657309861785,False,0.4532825488322054,0.5049457776665369,0.2938812671629094,0.2315489263896331,0.23309421063694902,0.165453115353594,0.20148893605043378,0.157787211353391,0.22742660259306038,0.1593231293047828,0.29750739661487113,0.1887089020832555,0.23508237217961,0.1352565540435292
S_1273_S2_4_TEX_gap_017,GazeBaseVR,1273,S_1273_S2_4_TEX,5,208.0,pchip,local_natural_cubic_spline,0.1400370033069641,0.1400370033069641,0.0714309517234012,0.0,0.06860605158356288,False,0.2561192134460951,0.3483366131639386,0.22528093578844072,0.222898815096337,0.17820588651750005,0.1606128819072054,0.14785052225641301,0.1400370033069641,0.3415118403526096,0.0714309517234012,0.30945716168138615,0.295147814928057,0.20991144055358457,0.2203142252016188
S_1273_S2_4_TEX_gap_018,GazeBaseVR,1273,S_1273_S2_4_TEX,5,240.0,pchip,forward_fill,0.0947220755557934,0.0947220755557934,0.0674499883190862,0.0,0.027272087236707196,False,0.1701906231941958,0.0674499883190862,0.13783329748341988,0.1092816483006947,0.11287897980012737,0.0715080095769437,0.0974268360624133,0.0947220755557934,0.22024039239331653,0.1465651563584113,0.22348009570539812,0.1308138040483896,0.14998320863497583,0.0740283901812571
S_1273_S2_4_TEX_gap_019,GazeBaseVR,1273,S_1273_S2_4_TEX,5,204.0,pchip,pchip,0.0444366311170235,0.0444366311170235,0.0444366311170235,0.0,0.0,True,0.20238081327264223,0.2320031710796545,0.18238050252357035,0.1515330764907281,0.1470942500858598,0.0705778516593325,0.12399398016540114,0.0444366311170235,0.2990256830202087,0.1383881991317977,0.26598059922444,0.1853208122011917,0.17885177913403477,0.1361153240714963
S_1273_S2_4_TEX_gap_020,GazeBaseVR,1273,S_1273_S2_4_TEX,5,244.0,pchip,pchip,0.4482361242943042,0.4482361242943042,0.4482361242943042,0.0,0.0,True,0.6974714323352589,0.917707289440586,0.39987617073358245,0.6071392721767317,0.3310783588702624,0.4562215967662519,0.3174105733036511,0.4482361242943042,0.3347952412853183,0.4514396842810495,0.3793528504577376,0.529582561096062,0.3586264315833775,0.5260053872184639
S_1273_S1_4_TEX_gap_001,GazeBaseVR,1273,S_1273_S1_4_TEX,1,24.0,pchip,linear,0.0109475885601607,0.0109475885601607,0.0061389285828257,0.0,0.004808659977335,False,0.2638356645462162,0.0437499956523865,0.19829804118891295,0.0303573644518221,0.16587006884799177,0.0061389285828257,0.16243564964862822,0.0109475885601607,0.33609713706336386,0.0078293572643493,0.47267914300039043,0.0931560856860834,0.42883798517274585,0.0818173022610468
S_1273_S1_4_TEX_gap_002,GazeBaseVR,1273,S_1273_S1_4_TEX,1,32.0,pchip,linear,0.0332506709109973,0.0332506709109973,0.0206719574721248,0.0,0.012578713438872503,False,0.19929742015369595,0.027683861478123,0.14180145616580753,0.0331056651638434,0.10879666149174827,0.0206719574721248,0.09400229200832012,0.0332506709109973,0.14225222232982607,0.0334653369076994,0.19011227010995174,0.0432780632151702,0.15596476489930602,0.0234431327930394
S_1273_S1_4_TEX_gap_003,GazeBaseVR,1273,S_1273_S1_4_TEX,1,24.0,pchip,local_natural_cubic_spline,0.1093571529451227,0.1093571529451227,0.0691327485963211,0.0,0.040224404348801604,False,0.18744994110462596,0.1577593068946608,0.16970101354025083,0.2738961540951041,0.12591650313305258,0.1930245721788781,0.09790262231864393,0.1093571529451227,0.10628520204248286,0.0691327485963211,0.18554714207242332,0.2133716504708881,0.16321015252310297,0.2268045025043038
S_1273_S1_4_TEX_gap_004,GazeBaseVR,1273,S_1273_S1_4_TEX,1,4.0,pchip,forward_fill,0.0047660399498482,0.0047660399498482,0.0005034967851736,0.0,0.0042625431646746,False,0.12600848654286342,0.0005034967851736,0.08912482669267581,0.0005034967851736,0.054424918125043284,0.0037258762102806,0.04212491495815911,0.0047660399498482,0.06399622707745968,0.0059335377791764,0.07782864839643162,0.0056939760209948,0.06979560475002095,0.0037258762102806
S_1273_S1_4_TEX_gap_005,GazeBaseVR,1273,S_1273_S1_4_TEX,2,72.0,pchip,template,0.0375203694796454,0.0375203694796454,0.0235021765098888,0.0,0.014018192969756597,False,0.41279624901112966,0.0566140159608292,0.2946693976155994,0.0480679238216902,0.2433008318666898,0.0253652720318158,0.23466582553819015,0.0375203694796454,0.3529937973569879,0.0718273865077854,0.31504475037607366,0.0266914059533174,0.28021356862615926,0.0235021765098888
S_1273_S1_4_TEX_gap_006,GazeBaseVR,1273,S_1273_S1_4_TEX,2,64.0,pchip,polyfit_bic,0.0278711475605464,0.0278711475605464,0.0086492537031587,0.0,0.0192218938573877,False,0.21071540465010066,0.0628072188160529,0.16061905610620872,0.0309324353295931,0.1279987683043564,0.0157922010825037,0.11677136084160766,0.0278711475605464,0.2336591052211898,0.0524775146396979,0.23392229551224528,0.0086492537031587,0.19133834142427403,0.0092361763327976
S_1273_S1_4_TEX_gap_007,GazeBaseVR,1273,S_1273_S1_4_TEX,2,60.0,pchip,forward_fill,0.0943001534347351,0.0943001534347351,0.0844638061565406,0.0,0.009836347278194504,False,0.5403697105623592,0.0844638061565406,0.42062041732388017,0.089798704102781,0.3623861023927333,0.089163453913944,0.3517617036253078,0.0943001534347351,0.6433079474835489,0.3615232807276144,1.6170572815584947,1.464188300565892,1.5037214228234708,1.0152103248647932
S_1273_S1_4_TEX_gap_008,GazeBaseVR,1273,S_1273_S1_4_TEX,2,56.0,pchip,local_natural_cubic_spline,0.0578962775251712,0.0578962775251712,0.0168201628514599,0.0,0.041076114673711306,False,0.1538047977287287,0.1846434386166919,0.11031438749692583,0.1175968517605593,0.08863809068682044,0.0835469897036182,0.08075523990633277,0.0578962775251712,0.15733813638642877,0.0168201628514599,0.2888697984392325,0.2360412833746327,0.22480075775650996,0.1506487604484192
S_1273_S1_4_TEX_gap_009,GazeBaseVR,1273,S_1273_S1_4_TEX,3,132.0,pchip,local_natural_cubic_spline,0.0379985154591138,0.0379985154591138,0.0135115975444425,0.0,0.0244869179146713,False,0.09961634796428846,0.091756078604763,0.08878552897080205,0.0592748833535193,0.0714351917313398,0.050127203105422,0.06106195673465714,0.0379985154591138,0.2185092861998028,0.0135115975444425,0.2593889098636115,0.2480122350550203,0.15672816977991005,0.1749111412578331
S_1273_S1_4_TEX_gap_010,GazeBaseVR,1273,S_1273_S1_4_TEX,3,132.0,pchip,linear,0.0053793733212774,0.0053793733212774,0.0053655529879801,0.0,1.3820333297300674e-05,False,0.0839542801873853,0.0116166900810971,0.0663464545356525,0.0074551313877403,0.054301623992114835,0.0053655529879801,0.05130875038525506,0.0053793733212774,0.1316053352365359,0.0273686773387609,0.28527339351830355,0.317604576178486,0.2157721148170864,0.2164865218497591
S_1273_S1_4_TEX_gap_011,GazeBaseVR,1273,S_1273_S1_4_TEX,3,124.0,pchip,local_natural_cubic_spline,0.2159979955543947,0.2159979955543947,0.0992849890240505,0.0,0.1167130065303442,False,0.33974697507439183,0.1292609615808921,0.26656994165311937,0.4254190146170841,0.21403567356513833,0.319914239342016,0.19584851367857567,0.2159979955543947,0.3405384903994333,0.0992849890240505,0.35634502855228967,0.5403145590768849,0.3119359618284996,0.5179144643301589
S_1273_S1_4_TEX_gap_012,GazeBaseVR,1273,S_1273_S1_4_TEX,3,108.0,pchip,linear,0.168348930371841,0.168348930371841,0.1108039521536531,0.0,0.05754497821818791,False,0.7439861536242737,0.3191653695767569,0.5747442882208152,0.17626755737691,0.484300258548815,0.1108039521536531,0.4642458850902083,0.168348930371841,0.925440088452289,0.2937939224093765,1.6292948749655434,0.7472965026327879,1.3013466325196184,0.4436721122194328
S_1273_S1_4_TEX_gap_013,GazeBaseVR,1273,S_1273_S1_4_TEX,4,200.0,pchip,linear,0.3940148427497137,0.3940148427497137,0.3583658730869194,0.0,0.035648969662794294,False,0.6575892073338739,0.8762782141482639,0.43403351939170876,0.4972347748716694,0.35285056816119126,0.3583658730869194,0.33667800214224464,0.3940148427497137,0.3463640873199582,0.4669267033938604,0.37838581238512004,0.3831110606210426,0.36025765158265854,0.3586257372889783
S_1273_S1_4_TEX_gap_014,GazeBaseVR,1273,S_1273_S1_4_TEX,4,184.0,pchip,pchip,0.0115901235530638,0.0115901235530638,0.0115901235530638,0.0,0.0,True,0.1035415006131567,0.0260083407542706,0.07946273929389319,0.0155183477458672,0.06623733644008521,0.0117718720548767,0.06372419072405915,0.0115901235530638,0.1553722849974235,0.0230223814434472,0.2812310640447315,0.4054092729743184,0.24285196197726278,0.3517587524514625
S_1273_S1_4_TEX_gap_015,GazeBaseVR,1273,S_1273_S1_4_TEX,4,180.0,pchip,template,0.0676249684877865,0.0676249684877865,0.0387725857118627,0.0,0.0288523827759238,False,0.3134749817990518,0.0562563969389588,0.2656707500035681,0.0686111824018718,0.23434790585060714,0.0680617815306768,0.22709173664755744,0.0676249684877865,0.6086690698648206,0.0991635756617573,0.6604236074496095,0.0642779496235391,0.5747596986682934,0.0387725857118627
S_1273_S1_4_TEX_gap_016,GazeBaseVR,1273,S_1273_S1_4_TEX,4,160.0,pchip,pchip,0.0241497058121672,0.0241497058121672,0.0241497058121672,0.0,0.0,True,0.31845610028773175,0.0293339866261126,0.2562819177498967,0.0286203264816178,0.22676903067237134,0.0261500832822347,0.22100016483378504,0.0241497058121672,0.5711568680511732,0.0492983377786452,0.9266942151783815,0.5056752926639313,0.7480828738375008,0.3057976373751981
S_1273_S1_4_TEX_gap_017,GazeBaseVR,1273,S_1273_S1_4_TEX,5,224.0,pchip,pchip,0.2319360103589605,0.2319360103589605,0.2319360103589605,0.0,0.0,True,0.706431424461297,0.7604890479818133,0.3987202723240073,0.3177574748410448,0.33381978898925696,0.2565578479045277,0.31874936062498493,0.2319360103589605,0.3359902922259566,0.232227040591403,0.38632540853371766,0.3703382635716316,0.36423822547706064,0.3047001845709294
S_1273_S1_4_TEX_gap_018,GazeBaseVR,1273,S_1273_S1_4_TEX,5,216.0,pchip,local_natural_cubic_spline,0.3006245406818285,0.3006245406818285,0.1182577650360311,0.0,0.1823667756457974,False,0.7248659315721178,0.3119239145175961,0.4751903628226603,0.623712568103379,0.389789560448959,0.4806209617618722,0.3768954344559773,0.3006245406818285,0.4221545300171164,0.1182577650360311,0.43909572691761206,0.5667717716042677,0.42645710437744383,0.5136740259494137
S_1273_S1_4_TEX_gap_019,GazeBaseVR,1273,S_1273_S1_4_TEX,5,220.0,pchip,pchip,0.0152164703782155,0.0152164703782155,0.0152164703782155,0.0,0.0,True,0.1200695108490676,0.040475001960358,0.08778985041118915,0.0273380213816463,0.07440994524194061,0.0160137614001209,0.07097449459693216,0.0152164703782155,0.15872441967943413,0.0664000386233116,0.2801518924739112,0.208174427593901,0.24101245543335612,0.1565821315862111
S_1273_S1_4_TEX_gap_020,GazeBaseVR,1273,S_1273_S1_4_TEX,5,220.0,pchip,local_natural_cubic_spline,0.0131506511102146,0.0131506511102146,0.0114982725933988,0.0,0.0016523785168158014,False,0.10935836250008356,0.0260140092590855,0.08043733323958717,0.0179030608362217,0.06648078204000306,0.0133651158973719,0.06233470717614029,0.0131506511102146,0.13198866880372662,0.0114982725933988,0.255172810319599,0.1026580861355402,0.1931544291741735,0.2011027113385089
S_1274_S1_4_TEX_gap_001,GazeBaseVR,1274,S_1274_S1_4_TEX,1,4.0,pchip,linear,0.0648836101851984,0.0648836101851984,0.0602400126322436,0.0,0.004643597552954806,False,0.17550807931313311,0.5056845097110368,0.11509212185275813,0.3852044844465495,0.0693776645465812,0.0602400126322436,0.06111663189386479,0.0648836101851984,0.07926238729744405,0.063814260413883,0.08375406679250158,0.0633313955200088,0.07651633475179753,0.0602400126322436
S_1274_S1_4_TEX_gap_002,GazeBaseVR,1274,S_1274_S1_4_TEX,1,32.0,pchip,local_natural_cubic_spline,0.0069900285014391,0.0069900285014391,0.0052966262625744,0.0,0.0016934022388646998,False,0.2832680364791049,0.0118781873149914,0.21954408873913156,0.0108749857220713,0.17514745512107643,0.0075227833757295,0.17258998488158156,0.0069900285014391,0.3121121572568573,0.0052966262625744,0.23661151252310042,0.0064331734187091,0.21296898717379523,0.0067703488521907
S_1274_S1_4_TEX_gap_003,GazeBaseVR,1274,S_1274_S1_4_TEX,1,20.0,pchip,template,0.0108053800151084,0.0108053800151084,0.0094096542810622,0.0,0.001395725734046201,False,0.33205914197732417,0.0180775442647147,0.2583714399631771,0.0111789649507981,0.20292571917279223,0.0105487950752591,0.19754615406806997,0.0108053800151084,0.2568359323608866,0.0121409628328282,0.28093290398895554,0.0149505486885423,0.2451678524278636,0.0094096542810622
S_1274_S1_4_TEX_gap_004,GazeBaseVR,1274,S_1274_S1_4_TEX,1,44.0,pchip,local_natural_cubic_spline,0.0198303054451908,0.0198303054451908,0.0129633357763274,0.0,0.006866969668863401,False,0.33900590473209147,0.0191425564358254,0.2954975981885753,0.0201029358451201,0.2616503818848581,0.021508518977882,0.2581547932645461,0.0198303054451908,0.6029470876642565,0.0129633357763274,0.3918518937700482,0.0266113315044181,0.35452854840890796,0.0264562931685441
S_1274_S1_4_TEX_gap_005,GazeBaseVR,1274,S_1274_S1_4_TEX,2,68.0,pchip,pchip,0.0475141491635544,0.0475141491635544,0.0475141491635544,0.0,0.0,True,0.6031165699718215,0.144535907195095,0.443129150401784,0.0791281137411417,0.35163259384755596,0.0614604765076558,0.34801022046392793,0.0475141491635544,0.5656516201156847,0.0538647801698648,0.4320693778660783,0.0817128495484077,0.4009604774831994,0.0729788485603562
S_1274_S1_4_TEX_gap_006,GazeBaseVR,1274,S_1274_S1_4_TEX,2,76.0,pchip,linear,0.0310250616185461,0.0310250616185461,0.0176932160557841,0.0,0.013331845562761999,False,0.45740276464817725,0.0755680446320132,0.3493018308585684,0.0402592600786975,0.2949239629086539,0.0176932160557841,0.28570776900008465,0.0310250616185461,0.6388915849527257,0.0742016749880246,0.5706610957270005,0.1015035372057363,0.5239865987711174,0.1202642120171303
S_1274_S1_4_TEX_gap_007,GazeBaseVR,1274,S_1274_S1_4_TEX,2,52.0,pchip,local_natural_cubic_spline,0.0086083795805102,0.0086083795805102,0.005246886569396,0.0,0.0033614930111142,False,0.26947753420953807,0.044629177931964,0.21686276286602557,0.022357588183206,0.1873900146389457,0.017695785398198,0.18285915352824436,0.0086083795805102,0.424067261673949,0.005246886569396,0.6070327180536395,0.6066050069999184,0.5305720462965338,0.3314857027968054
S_1274_S1_4_TEX_gap_008,GazeBaseVR,1274,S_1274_S1_4_TEX,2,68.0,pchip,pchip,0.0128795085667806,0.0128795085667806,0.0128795085667806,0.0,0.0,True,0.49629093501301014,0.0330720593857526,0.3950614163537345,0.0139097061154139,0.3381717767011046,0.0170712587602217,0.3305742531446933,0.0128795085667806,0.6548684216482404,0.0203552055709564,1.4571204613157578,0.0660487723683684,1.3942841108223099,0.0769744533609365
S_1274_S1_4_TEX_gap_009,GazeBaseVR,1274,S_1274_S1_4_TEX,3,124.0,pchip,linear,0.0215844682487128,0.0215844682487128,0.0084995775131107,0.0,0.0130848907356021,False,0.19929135219918048,0.0922399858623489,0.17285339729202218,0.0447894004210853,0.14749527630404694,0.0084995775131107,0.13701399664290137,0.0215844682487128,0.3304223047193757,0.0559433465301977,0.4085900760033869,0.2378324678601913,0.3244322486921374,0.1983069756486142
S_1274_S1_4_TEX_gap_010,GazeBaseVR,1274,S_1274_S1_4_TEX,3,136.0,local_natural_cubic_spline,forward_fill,0.2511902368755444,0.3320191302981355,0.2100009699777472,0.08082889342259109,0.04118926689779723,False,0.5018140157579646,0.2100009699777472,0.41594775092164826,0.5439481750371826,0.332064830393695,0.4174204218816183,0.28104317331946277,0.3320191302981355,0.28074142292377696,0.2511902368755444,0.3778383775989726,0.4631297726603091,0.34073361471312347,0.4394137416796642
S_1274_S1_4_TEX_gap_011,GazeBaseVR,1274,S_1274_S1_4_TEX,3,124.0,pchip,nearest_boundary,0.0488658853017711,0.0488658853017711,0.0468168639911794,0.0,0.0020490213105916963,False,0.2144267645629069,0.0511583252330175,0.19044310193427788,0.0468168639911794,0.16634142274631927,0.0487895134511084,0.16366730096272064,0.0488658853017711,0.7051472629313682,0.1225265233480417,0.3311136130273234,0.0605725043328519,0.24686276783510383,0.0749293840806156
S_1274_S1_4_TEX_gap_012,GazeBaseVR,1274,S_1274_S1_4_TEX,3,104.0,pchip,linear,0.1402559777191516,0.1402559777191516,0.1309041397881337,0.0,0.009351837931017903,False,0.24340918450829044,0.1654921907357537,0.20208141426837525,0.1385165705342647,0.17099014621858197,0.1309041397881337,0.16284101358731884,0.1402559777191516,0.611196896355358,0.146341708973695,0.32305336336081025,0.2099779380732533,0.24638404794592206,0.1875585246579915
S_1274_S1_4_TEX_gap_013,GazeBaseVR,1274,S_1274_S1_4_TEX,4,188.0,pchip,forward_fill,0.4241641001838831,0.4241641001838831,0.2177495322934385,0.0,0.20641456789044463,False,0.5685422366176924,0.2177495322934385,0.4156285828343828,0.7050562969970442,0.3402457745418225,0.5428968224480248,0.3239403055021324,0.4241641001838831,0.34454095918280514,0.3449245044152187,0.3655786478734088,0.4841721328839664,0.35045769181893044,0.5218686357822306
S_1274_S1_4_TEX_gap_014,GazeBaseVR,1274,S_1274_S1_4_TEX,4,176.0,pchip,pchip,0.1396213269065889,0.1396213269065889,0.1396213269065889,0.0,0.0,True,0.3524789160026387,0.4520041508256714,0.24062336319036828,0.2914740842214072,0.18872869019092486,0.2209048419225245,0.16047163458339672,0.1396213269065889,0.20879362105828353,0.2431928122909069,0.28144941216182884,0.2575325037690608,0.21030237054555465,0.2078625978614195
S_1274_S1_4_TEX_gap_015,GazeBaseVR,1274,S_1274_S1_4_TEX,4,176.0,pchip,template,0.2890755851977494,0.2890755851977494,0.273146667654121,0.0,0.015928917543628407,False,0.6832549767985551,0.7885416782751277,0.420715864529459,0.3799957165561301,0.33726376899540583,0.2800913463923315,0.3173110669219437,0.2890755851977494,0.32129244111964034,0.2902379208853918,0.3599374148519804,0.2999541620915523,0.3408382106326484,0.273146667654121
S_1274_S1_4_TEX_gap_016,GazeBaseVR,1274,S_1274_S1_4_TEX,4,176.0,pchip,pchip,0.2217529966138991,0.2217529966138991,0.2217529966138991,0.0,0.0,True,0.5015310835929829,0.7033111825347766,0.39376213228761897,0.4713566006407983,0.3127641379076536,0.3626190112369934,0.2741945397212257,0.2217529966138991,0.31562451474082637,0.3682047838536426,0.365557479685735,0.4779626938430634,0.32204661200979173,0.4467964817170497
S_1274_S1_4_TEX_gap_017,GazeBaseVR,1274,S_1274_S1_4_TEX,5,208.0,pchip,linear,0.3606739706786769,0.3606739706786769,0.3144798473146138,0.0,0.04619412336406309,False,0.7183376422297659,0.7997212905322622,0.4341819049622449,0.3880444404427922,0.354827899831753,0.3144798473146138,0.34097825872055876,0.3606739706786769,0.40056259776419495,0.3448889036244856,0.41645128449912105,0.4494775198266198,0.3963940431651,0.4170887578725379
S_1274_S1_4_TEX_gap_018,GazeBaseVR,1274,S_1274_S1_4_TEX,5,228.0,pchip,template,0.1719760756588066,0.1719760756588066,0.1230213951439769,0.0,0.04895468051482969,False,0.3006306707079613,0.2376639937411565,0.1852397011756556,0.2347062974741835,0.16021671227217726,0.1710024776429475,0.14347243206268862,0.1719760756588066,0.16976056022329822,0.1844622288874727,0.20615449776295086,0.1682376972241921,0.16683901147816058,0.1230213951439769
S_1274_S1_4_TEX_gap_019,GazeBaseVR,1274,S_1274_S1_4_TEX,5,220.0,pchip,local_natural_cubic_spline,0.2406162075783542,0.2406162075783542,0.2273354634239916,0.0,0.01328074415436259,False,0.6375744821728562,0.7863833725936273,0.44072392519056786,0.2804633925636101,0.36216848573908433,0.2994428552317311,0.34769163864762115,0.2406162075783542,0.37146689399706595,0.2273354634239916,0.3853279683893161,0.3361242091602585,0.36890533964253747,0.2831760556592567
S_1274_S1_4_TEX_gap_020,GazeBaseVR,1274,S_1274_S1_4_TEX,5,204.0,pchip,pchip,0.0729047117805875,0.0729047117805875,0.0729047117805875,0.0,0.0,True,0.9448660651044588,0.2859131484258893,0.6619934459433482,0.137032583196685,0.5802547794225285,0.0744588785233037,0.559232478936752,0.0729047117805875,0.9795818181272693,0.1704835942479485,1.3646184138612765,0.5075372024188715,1.2100607499419476,0.2790011282584252
S_1274_S2_4_TEX_gap_001,GazeBaseVR,1274,S_1274_S2_4_TEX,1,44.0,pchip,forward_fill,0.0349018251318981,0.0349018251318981,0.0162743618634968,0.0,0.0186274632684013,False,0.09553334902785143,0.0162743618634968,0.0988721519515532,0.0479001415750297,0.07817215102823917,0.0439362545439115,0.06585062960140296,0.0349018251318981,0.11814215961024505,0.18519634531853,0.19746623580776068,0.1779337864702007,0.16450612658651095,0.1302084196051187
S_1274_S2_4_TEX_gap_002,GazeBaseVR,1274,S_1274_S2_4_TEX,1,44.0,pchip,pchip,0.015045724154644,0.015045724154644,0.015045724154644,0.0,0.0,True,0.3356704081712342,0.0441067621766469,0.23904745693009713,0.0152981720170144,0.1822687943225581,0.0195836816150791,0.17678490375814715,0.015045724154644,0.2692620387242538,0.0173056233493023,0.23619072682101996,0.0300480989438124,0.21088481319460123,0.0310049310190442
S_1274_S2_4_TEX_gap_003,GazeBaseVR,1274,S_1274_S2_4_TEX,1,32.0,pchip,linear,0.0228397108931879,0.0228397108931879,0.0212005006552494,0.0,0.0016392102379385008,False,0.19757525913677912,0.0375604209471854,0.1373442235156598,0.0362594791441968,0.10636409398416495,0.0212005006552494,0.0949247591737318,0.0228397108931879,0.14224781855209975,0.0280675316549944,0.1849372624934269,0.0412827908864444,0.15374820307930048,0.0327613384369948
S_1274_S2_4_TEX_gap_004,GazeBaseVR,1274,S_1274_S2_4_TEX,1,8.0,local_natural_cubic_spline,linear,0.0104984342216014,0.0059820218652148,0.0038575352370863,-0.0045164123563866,0.0066408989845151,False,0.14628398629679673,0.0119812481511433,0.10291874496719217,0.004035691347648,0.06193237068544363,0.0038575352370863,0.04729484465153341,0.0059820218652148,0.04646042229254153,0.0104984342216014,0.06806327736668955,0.0099299708272888,0.07181767481089685,0.0038575352370863
S_1274_S2_4_TEX_gap_005,GazeBaseVR,1274,S_1274_S2_4_TEX,2,84.0,pchip,pchip,0.1518110608749278,0.1518110608749278,0.1518110608749278,0.0,0.0,True,0.6470890923753414,0.5983494648704522,0.44386389138241206,0.1809967064438532,0.3496654682619741,0.2158356055026933,0.3389300618465332,0.1518110608749278,0.3471985127931811,0.151877568452652,0.3683640538016075,0.2583551884510881,0.35370733619143196,0.2136997522263359
S_1274_S2_4_TEX_gap_006,GazeBaseVR,1274,S_1274_S2_4_TEX,2,64.0,pchip,linear,0.0961056956925883,0.0961056956925883,0.0831333478617929,0.0,0.0129723478307954,False,0.5361017508953724,0.1677270062095227,0.4603854704510051,0.1159380109204405,0.4021273039494197,0.0831333478617929,0.39361670234769996,0.0961056956925883,1.0001555890173883,0.0926846142136557,0.7087363018462116,0.1520678266796799,0.6533818327309495,0.2253645697413761
S_1274_S2_4_TEX_gap_007,GazeBaseVR,1274,S_1274_S2_4_TEX,2,60.0,pchip,local_natural_cubic_spline,0.1942076764080022,0.1942076764080022,0.1810406014288118,0.0,0.013167074979190424,False,0.5586982217155607,0.765718513911878,0.3939314507799495,0.4059380096213703,0.32012929016566427,0.2413884846661965,0.30875996346656587,0.1942076764080022,0.41903031132913293,0.1810406014288118,0.3865495900833889,0.2532413118405703,0.3586884841604502,0.2848254354682563
S_1274_S2_4_TEX_gap_008,GazeBaseVR,1274,S_1274_S2_4_TEX,2,80.0,pchip,pchip,0.0967860419919862,0.0967860419919862,0.0967860419919862,0.0,0.0,True,0.34085904830455555,0.1120665824216335,0.3080282757678398,0.1001523679244072,0.2789835200887056,0.1016440221195054,0.2761646657795127,0.0967860419919862,0.7768254992675482,0.1006216864903943,0.43655351790760366,0.2947879345629557,0.4138894752802215,0.2307400030884143
S_1274_S2_4_TEX_gap_009,GazeBaseVR,1274,S_1274_S2_4_TEX,3,136.0,pchip,local_natural_cubic_spline,0.2384950897402473,0.2384950897402473,0.2299738862150578,0.0,0.008521203525189508,False,0.6155494685004456,0.4945468428047642,0.4136574859576572,0.3831399366004512,0.3390909382462501,0.2591643504246276,0.3231971256396933,0.2384950897402473,0.4226354002771723,0.2299738862150578,0.3932541940535914,0.3175230744782983,0.39085926428473877,0.2591054873417179
S_1274_S2_4_TEX_gap_010,GazeBaseVR,1274,S_1274_S2_4_TEX,3,132.0,pchip,local_natural_cubic_spline,0.5271359510555674,0.5271359510555674,0.2997455710103227,0.0,0.22739038004524476,False,0.23924629913449272,0.4576739233245318,0.2117623591000093,0.638531317710882,0.17418152386362895,0.602450236958446,0.1604234128158916,0.5271359510555674,0.40400937034756546,0.2997455710103227,0.3206482764482482,1.0459999904280493,0.2542750095061688,0.8250996018336352
S_1274_S2_4_TEX_gap_011,GazeBaseVR,1274,S_1274_S2_4_TEX,3,120.0,pchip,forward_fill,0.6621667542747828,0.6621667542747828,0.3187723536642127,0.0,0.3433944006105701,False,0.8934315776298213,0.3187723536642127,0.678809049185813,1.2452679150445145,0.5715381414652143,0.9192828336073812,0.5514978626545095,0.6621667542747828,0.9563820768608395,1.0785421863560467,1.9886587233965554,2.929178241815871,1.648068364149391,2.817788628708225
S_1274_S2_4_TEX_gap_012,GazeBaseVR,1274,S_1274_S2_4_TEX,3,132.0,pchip,local_natural_cubic_spline,0.0651814734967801,0.0651814734967801,0.0642548190507592,0.0,0.0009266544460209136,False,0.6681040768914056,0.640006814096573,0.4194573028995591,0.2233783692969926,0.32903284075265354,0.1251081774794971,0.30583224766318007,0.0651814734967801,0.3197035452037025,0.0642548190507592,0.3563677744390313,0.1737326825613258,0.33416063980993166,0.1252632038289722
S_1274_S2_4_TEX_gap_013,GazeBaseVR,1274,S_1274_S2_4_TEX,4,172.0,pchip,local_natural_cubic_spline,0.1634812115139544,0.1634812115139544,0.0842962041655366,0.0,0.0791850073484178,False,0.5530523371935373,0.6857762856044561,0.4031222218684602,0.3868965277673103,0.32114095796957864,0.2730947082413922,0.2824450413708373,0.1634812115139544,0.3005409306744081,0.0842962041655366,0.3639890626216931,0.2889614432211326,0.3296285604262944,0.2579159414168545
S_1274_S2_4_TEX_gap_014,GazeBaseVR,1274,S_1274_S2_4_TEX,4,192.0,pchip,local_natural_cubic_spline,0.174557472201323,0.174557472201323,0.1740440380775807,0.0,0.0005134341237423012,False,0.580963512459156,0.721566141050582,0.41683991216519095,0.2716177124547548,0.33235446089072235,0.2035131958843069,0.3070619852874124,0.174557472201323,0.3198367128471918,0.1740440380775807,0.35431276687503976,0.2344577914988431,0.3369439336237779,0.2063506919163046
S_1274_S2_4_TEX_gap_015,GazeBaseVR,1274,S_1274_S2_4_TEX,4,192.0,pchip,nearest_boundary,0.265652113883795,0.265652113883795,0.2388545920816177,0.0,0.026797521802177315,False,0.5274448971003802,0.6814477795893344,0.4354995258420214,0.2388545920816177,0.3560133962339628,0.3136841190223955,0.33342025936472075,0.265652113883795,0.5299659883527653,0.278920768954867,0.48969193090928337,0.5084843244743119,0.44949316051417826,0.3731711913738942
S_1274_S2_4_TEX_gap_016,GazeBaseVR,1274,S_1274_S2_4_TEX,4,180.0,pchip,pchip,0.0904173483379357,0.0904173483379357,0.0904173483379357,0.0,0.0,True,0.10821038801213001,0.1142184041452736,0.09037099403850923,0.1147489323987202,0.07565388317481009,0.0928221249431745,0.06989512667899013,0.0904173483379357,0.25827026708443046,0.7035524420404802,0.24439130031863276,0.2070436136149559,0.17428105895981535,0.1354662042979438
S_1274_S2_4_TEX_gap_017,GazeBaseVR,1274,S_1274_S2_4_TEX,5,248.0,pchip,linear,0.3768921570575482,0.3768921570575482,0.355185076096981,0.0,0.02170708096056717,False,0.5514782565378566,0.7268204224828021,0.3347321535327978,0.466361611963615,0.2783517849206234,0.355185076096981,0.25486266830434284,0.3768921570575482,0.26322436337270005,0.4130327913307178,0.31545073039604266,0.4438442033178367,0.2838794357277399,0.3932283021182776
S_1274_S2_4_TEX_gap_018,GazeBaseVR,1274,S_1274_S2_4_TEX,5,224.0,pchip,local_natural_cubic_spline,0.1717991607226645,0.1717991607226645,0.1316507224545428,0.0,0.0401484382681217,False,0.5452700305807454,0.1912919003051412,0.4346258550282422,0.3371077629340942,0.3758945874898302,0.2361024246005912,0.37085690787387826,0.1717991607226645,0.8506232318419403,0.1316507224545428,1.719966451594569,2.873329756758561,1.5846024722157965,2.774200366114867
S_1274_S2_4_TEX_gap_019,GazeBaseVR,1274,S_1274_S2_4_TEX,5,220.0,pchip,forward_fill,0.3444619011685241,0.3444619011685241,0.0964421211001799,0.0,0.2480197800683442,False,0.3080994347723638,0.0964421211001799,0.23256579041230208,0.3927992161173962,0.19678229396530714,0.3279161404041528,0.18345889011251884,0.3444619011685241,0.4813908278501472,5.918022265886206,0.41444631417271616,0.2821154545388062,0.3636866146926121,0.4698496761778591
S_1274_S2_4_TEX_gap_020,GazeBaseVR,1274,S_1274_S2_4_TEX,5,208.0,pchip,nearest_boundary,0.1805096722924796,0.1805096722924796,0.1648268425590789,0.0,0.01568282973340071,False,0.6111389463382527,0.6690496561041628,0.4093717993997413,0.1648268425590789,0.33449435588711846,0.2262426117049046,0.3212889843374998,0.1805096722924796,0.3612064776291797,0.1803841900126478,0.37727294890441043,0.3046287772815197,0.36236961310197896,0.2443787111732255
S_1305_S2_4_TEX_gap_001,GazeBaseVR,1305,S_1305_S2_4_TEX,1,44.0,local_natural_cubic_spline,pchip,0.1371660228250631,0.1312664526101275,0.1312664526101275,-0.00589957021493559,0.00589957021493559,False,0.5479628761877108,0.5823747062053816,0.32343500500115036,0.2270564973067114,0.2655877901734361,0.185383772955465,0.23668147523305857,0.1312664526101275,0.23647984326179564,0.1371660228250631,0.29372982111258744,0.2183364199581411,0.27072517677879276,0.1862506907613832
S_1305_S2_4_TEX_gap_002,GazeBaseVR,1305,S_1305_S2_4_TEX,1,44.0,pchip,local_natural_cubic_spline,0.1328557662852845,0.1328557662852845,0.1301930578384251,0.0,0.0026627084468593964,False,0.5837641595262042,0.6807148533260375,0.3180790330155034,0.3083440153154444,0.2632944164726689,0.1511248397537764,0.23551315531356687,0.1328557662852845,0.23792606904821056,0.1301930578384251,0.2947268894350649,0.1770407433173248,0.26957804850030714,0.1487833335777913
S_1305_S2_4_TEX_gap_003,GazeBaseVR,1305,S_1305_S2_4_TEX,1,12.0,pchip,local_natural_cubic_spline,0.0286215536914276,0.0286215536914276,0.0187750714344153,0.0,0.0098464822570123,False,0.16860901654226126,0.0642953693645593,0.11084761892558072,0.0795967153089507,0.06871882360515526,0.0304251012372007,0.0532006124309753,0.0286215536914276,0.06555764019345883,0.0187750714344153,0.08887874361335472,0.0478252287287634,0.08550878353124557,0.0398959751871673
S_1305_S2_4_TEX_gap_004,GazeBaseVR,1305,S_1305_S2_4_TEX,1,40.0,local_natural_cubic_spline,local_natural_cubic_spline,0.038467909005799,0.0408866039692373,0.038467909005799,0.0024186949634383004,0.0,True,0.4738242943878994,0.576564682222261,0.30428451190102684,0.2218325415515635,0.24888841011540527,0.0812152755224007,0.21734753098805945,0.0408866039692373,0.21625448123543564,0.038467909005799,0.2801667689806983,0.1142149668301947,0.2583855407426532,0.0807775845647772
S_1305_S2_4_TEX_gap_005,GazeBaseVR,1305,S_1305_S2_4_TEX,2,68.0,pchip,forward_fill,0.1428971449264899,0.1428971449264899,0.1197585480691358,0.0,0.023138596857354088,False,0.20020855268843646,0.1197585480691358,0.16653055858393062,0.2283874511106557,0.1325752502470432,0.162253259770206,0.10842217684905217,0.1428971449264899,0.222524715975574,0.1687783181984649,0.24938103822140242,0.2002756924465424,0.1909407978342044,0.2218251352557588
S_1305_S2_4_TEX_gap_006,GazeBaseVR,1305,S_1305_S2_4_TEX,2,72.0,pchip,pchip,0.1176093323703254,0.1176093323703254,0.1176093323703254,0.0,0.0,True,0.6071891425537095,0.5281696632606295,0.39160430466486756,0.18591396323799,0.31619660563525914,0.156923855919519,0.28298757796012824,0.1176093323703254,0.28882785590340815,0.1195590605338004,0.34985103485426694,0.1832037086012781,0.3245154755735307,0.1558439966158097
S_1305_S2_4_TEX_gap_007,GazeBaseVR,1305,S_1305_S2_4_TEX,2,96.0,pchip,pchip,0.0152090008304104,0.0152090008304104,0.0152090008304104,0.0,0.0,True,0.20318598693933776,0.0305250828811354,0.17515744971438438,0.0185557546088732,0.1471723212322009,0.0181906057870329,0.14699055756414933,0.0152090008304104,0.3907679078598943,0.0290957749346821,1.6413901231401404,0.6343752837430809,1.2529345202137396,0.765308144609829
S_1305_S2_4_TEX_gap_008,GazeBaseVR,1305,S_1305_S2_4_TEX,2,64.0,pchip,local_natural_cubic_spline,0.0198059493697529,0.0198059493697529,0.0164521136660785,0.0,0.003353835703674403,False,0.5223064972518003,0.0333110117778734,0.4458587249270681,0.0261256290943313,0.39697449596772805,0.0204615646847525,0.37916613262142107,0.0198059493697529,0.5641718123742288,0.0164521136660785,2.711593656991935,2.1343789697644273,2.4986140407478517,1.5660715697306289
S_1305_S2_4_TEX_gap_009,GazeBaseVR,1305,S_1305_S2_4_TEX,3,128.0,pchip,local_natural_cubic_spline,0.428400558083048,0.428400558083048,0.42575635496978,0.0,0.0026442031132680177,False,0.7003587959456031,0.924512179374131,0.39564450815406255,0.6000090473122803,0.3287358442613428,0.4596019736855721,0.3086250380343748,0.428400558083048,0.3140633509917756,0.42575635496978,0.37745109628515794,0.5002906003298963,0.3558179868274775,0.4859655495331996
S_1305_S2_4_TEX_gap_010,GazeBaseVR,1305,S_1305_S2_4_TEX,3,144.0,pchip,linear,0.4480882343346802,0.4480882343346802,0.4234917219372188,0.0,0.024596512397461412,False,0.7267109007042072,0.9060868061166584,0.4135180515599525,0.5676337633890823,0.341814407043602,0.4234917219372188,0.32493572662512415,0.4480882343346802,0.3316065129815097,0.4459007206154411,0.39801949783070023,0.4990823376557888,0.37590241239912514,0.4648985291973899
S_1305_S2_4_TEX_gap_011,GazeBaseVR,1305,S_1305_S2_4_TEX,3,124.0,pchip,forward_fill,0.0150849701058853,0.0150849701058853,0.0150849701058853,0.0,0.0,False,0.06533343443102656,0.0150849701058853,0.0586878752322372,0.0150849701058853,0.04835505178284613,0.0150849701058853,0.04087782981889777,0.0150849701058853,0.1312021779470801,0.042521598487757,0.22640502713373553,0.2078974740404309,0.14617358408672848,0.1483751512683859
S_1305_S2_4_TEX_gap_012,GazeBaseVR,1305,S_1305_S2_4_TEX,3,116.0,pchip,linear,0.2246426190490311,0.2246426190490311,0.2029307098491803,0.0,0.021711909199850804,False,0.616672443552765,0.6139368809422601,0.408359378847202,0.3016373867592192,0.346178896360253,0.2029307098491803,0.34254099704434304,0.2246426190490311,0.4555505816867002,0.2491524523743392,0.3900598903989041,0.2049020241449517,0.36067288181320556,0.2377994915108013
S_1305_S2_4_TEX_gap_013,GazeBaseVR,1305,S_1305_S2_4_TEX,4,164.0,pchip,linear,0.0078218452548589,0.0078218452548589,0.0045999821940103,0.0,0.0032218630608486006,False,0.07027392517735122,0.0321330832994209,0.0579428101496558,0.0134013025887711,0.04885045918913666,0.0045999821940103,0.04458908394582824,0.0078218452548589,0.12540203012133255,0.0543237978796124,0.20789548826195317,0.0567887706181848,0.15786500162528663,0.238729791664084
S_1305_S2_4_TEX_gap_014,GazeBaseVR,1305,S_1305_S2_4_TEX,4,180.0,pchip,local_natural_cubic_spline,0.1760670443165294,0.1760670443165294,0.1127923092155455,0.0,0.06327473510098389,False,0.3395660176853027,0.4644147125296567,0.23326825069418436,0.3220209878850506,0.18371847226797355,0.2515334989233383,0.155925424645324,0.1760670443165294,0.23358949121859113,0.1127923092155455,0.2776161226992932,0.2718638546350673,0.19966460238351177,0.2282640766464559
S_1305_S2_4_TEX_gap_015,GazeBaseVR,1305,S_1305_S2_4_TEX,4,196.0,pchip,nearest_boundary,0.0990308588682458,0.0990308588682458,0.0868042972348585,0.0,0.012226561633387298,False,0.24491629316658028,0.2845426594702813,0.16950742673305288,0.0868042972348585,0.13680569323229164,0.1207202344114954,0.12670615213882214,0.0990308588682458,0.2275590709927494,0.0967063688461576,0.31677912217069415,0.5238505017201375,0.263889053353561,0.4068035153328017
S_1305_S2_4_TEX_gap_016,GazeBaseVR,1305,S_1305_S2_4_TEX,4,196.0,pchip,nearest_boundary,0.1955658015038007,0.1955658015038007,0.1585855568397583,0.0,0.0369802446640424,False,0.5583082412236481,0.7042781684763144,0.42110354562875685,0.1585855568397583,0.3350106339995579,0.2405199333529164,0.31757069045065245,0.1955658015038007,0.383190995968415,0.1965422221033442,0.40316593192853667,0.4021650403705113,0.39295990684770593,0.3481268676678373
S_1305_S2_4_TEX_gap_017,GazeBaseVR,1305,S_1305_S2_4_TEX,5,228.0,pchip,nearest_boundary,0.0212013191324249,0.0212013191324249,0.0146108878226326,0.0,0.0065904313097923,False,0.09425216892313727,0.0680713071659663,0.06689011931413141,0.0146108878226326,0.05511332480614502,0.0205401786444064,0.04943711817392894,0.0212013191324249,0.1334187900259834,0.0405901996896682,0.2082583168984258,0.2360201153642089,0.1413562834780627,0.175754274842454
S_1305_S2_4_TEX_gap_018,GazeBaseVR,1305,S_1305_S2_4_TEX,5,220.0,pchip,polyfit_bic,0.4176403318177227,0.4176403318177227,0.2388493943359098,0.0,0.1787909374818129,False,0.6607245912989065,0.9019724434303152,0.3898966214567619,0.5638739333859722,0.3224517284467212,0.4195428548267487,0.30813668082923007,0.4176403318177227,0.34519480134168484,0.4162427332909394,0.38234190518267913,0.2388493943359098,0.36603573047010984,0.3503446022936419
S_1305_S2_4_TEX_gap_019,GazeBaseVR,1305,S_1305_S2_4_TEX,5,248.0,pchip,template,0.1616510502118776,0.1616510502118776,0.121289484247444,0.0,0.04036156596443359,False,0.42109524995961095,0.4710083947012095,0.2597856827470133,0.210472635226015,0.21151548950194513,0.1770931546161589,0.18699099902052244,0.1616510502118776,0.20154890733407618,0.1621209268896565,0.2606209001173927,0.1924624901364353,0.2126424808475211,0.121289484247444
S_1305_S2_4_TEX_gap_020,GazeBaseVR,1305,S_1305_S2_4_TEX,5,236.0,pchip,polyfit_bic,1.8038665848497055,1.8038665848497055,1.5551652500635544,0.0,0.24870133478615108,False,2.3343578912623064,2.173904948268511,1.6111998236912022,2.3951942575368736,1.4130542077962942,1.7496969030412082,1.3306387503600294,1.8038665848497055,1.7702068329065819,2.5064708699355913,2.254117238290868,1.5551652500635544,2.0680421135821465,2.231641599066304
S_1305_S1_4_TEX_gap_001,GazeBaseVR,1305,S_1305_S1_4_TEX,1,48.0,linear,local_natural_cubic_spline,0.0863701380437865,0.0706017448980779,0.031168268305384,-0.015768393145708604,0.055201869738402506,False,0.16655862939197622,0.1192466871983521,0.128800503562752,0.0993568354857003,0.1063471592510742,0.0863701380437865,0.10851635401333161,0.0706017448980779,0.22084873775089875,0.031168268305384,1.1616297747561815,0.6575207266210624,0.9291939713273756,0.517557475577557
S_1305_S1_4_TEX_gap_002,GazeBaseVR,1305,S_1305_S1_4_TEX,1,8.0,local_natural_cubic_spline,pchip,0.000876420821548,0.0002412101024034,0.0002412101024034,-0.0006352107191446,0.0006352107191446,False,0.43151648979014146,0.0143856809779429,0.23558656900075708,0.0065473129727966,0.18438204918381104,0.002109889142857,0.1642309613526669,0.0002412101024034,0.16313400697894337,0.000876420821548,0.20829292752447248,0.001161433951312,0.1910521202982123,0.002109889142857
S_1305_S1_4_TEX_gap_003,GazeBaseVR,1305,S_1305_S1_4_TEX,1,12.0,pchip,local_natural_cubic_spline,0.1003346832752245,0.1003346832752245,0.0156300924243703,0.0,0.0847045908508542,False,0.23027194873726903,0.4708415668470151,0.1609768766616995,0.2034329439019336,0.10089285413935249,0.1637552552337141,0.08346825101376014,0.1003346832752245,0.10087993848312571,0.0156300924243703,0.15052776566475853,0.1094227366786802,0.1325601163453423,0.1809647258720137
S_1305_S1_4_TEX_gap_004,GazeBaseVR,1305,S_1305_S1_4_TEX,1,4.0,pchip,polyfit_bic,0.0012170854033322,0.0012170854033322,1.9242149496897015e-05,0.0,0.001197843253835303,False,0.12294678331866933,0.012979830472127,0.08879274024450026,0.019300443571598,0.0576023137475473,0.0031603065497354,0.04948782354222756,0.0012170854033322,0.058412505063124225,0.0004337574883252,0.0801372508678304,1.9242149496897015e-05,0.07272427979110552,0.0031603065497354
S_1305_S1_4_TEX_gap_005,GazeBaseVR,1305,S_1305_S1_4_TEX,2,92.0,pchip,local_natural_cubic_spline,0.0566487496218222,0.0566487496218222,0.0247704638395126,0.0,0.0318782857823096,False,0.19416867365059587,0.0899999156782336,0.1644763875419453,0.0663076438558001,0.14502385187730302,0.0646177824855623,0.1392212919415111,0.0566487496218222,0.320427474226862,0.0247704638395126,0.2859027167118167,0.2345362144271692,0.2543808308896155,0.080363962272476
S_1305_S1_4_TEX_gap_006,GazeBaseVR,1305,S_1305_S1_4_TEX,2,64.0,pchip,pchip,0.1406430427856251,0.1406430427856251,0.1406430427856251,0.0,0.0,True,0.35402856936383725,0.5316567855580622,0.2672899760447111,0.2083560067755219,0.21388940363424286,0.1697539649037341,0.20482918822682072,0.1406430427856251,0.3834040376794533,0.147111630840848,0.29577326101502455,0.1942798794045392,0.2601151465692279,0.1822658480572346
S_1305_S1_4_TEX_gap_007,GazeBaseVR,1305,S_1305_S1_4_TEX,2,72.0,pchip,local_natural_cubic_spline,0.050162661409783,0.050162661409783,0.025363788827835,0.0,0.024798872581948003,False,0.38302459348212,0.0539627567932924,0.33036378683399603,0.0520627249019141,0.2956515508488096,0.0517535345683076,0.291806418126298,0.050162661409783,0.7011089118440396,0.025363788827835,0.48608676541094165,0.0639845973891026,0.4513075315576326,0.0582941603554936
S_1305_S1_4_TEX_gap_008,GazeBaseVR,1305,S_1305_S1_4_TEX,2,84.0,pchip,local_natural_cubic_spline,0.0378703519716064,0.0378703519716064,0.0308713583121032,0.0,0.006998993659503204,False,0.9173568049358961,0.2757776833470398,0.7042190171340446,0.1118540208854327,0.6164555600385622,0.0386320459892908,0.5833206405461123,0.0378703519716064,1.033965636643662,0.0308713583121032,0.9564822129777905,0.1844845665135401,0.9087707918012622,0.1376514990978063
S_1305_S1_4_TEX_gap_009,GazeBaseVR,1305,S_1305_S1_4_TEX,3,136.0,pchip,forward_fill,0.0057079176613967,0.0057079176613967,0.0050520665588171,0.0,0.0006558511025796,False,0.054324033505572335,0.0050520665588171,0.04210490250801504,0.0065155379488677,0.0353869380828381,0.0055136719040107,0.031091252864610012,0.0057079176613967,0.08423703285378298,0.0412939141420118,0.1799463326281038,0.1560133976598931,0.11161781771613931,0.030697874232088
S_1305_S1_4_TEX_gap_010,GazeBaseVR,1305,S_1305_S1_4_TEX,3,124.0,pchip,local_natural_cubic_spline,0.1327026098504129,0.1327026098504129,0.0881415767098259,0.0,0.044561033140587,False,0.36350865314962577,0.1781041226503882,0.2789847261122888,0.1582109399897257,0.24491462031168093,0.1488428921903814,0.23802477338377734,0.1327026098504129,0.6655988103776587,0.0881415767098259,0.7601070458531983,0.531561691478989,0.6686414815099253,0.9077373334196236
S_1305_S1_4_TEX_gap_011,GazeBaseVR,1305,S_1305_S1_4_TEX,3,120.0,pchip,local_natural_cubic_spline,0.1903524129120743,0.1903524129120743,0.1848986768201172,0.0,0.005453736091957095,False,0.2342148150138183,0.1856099037830297,0.20148055972631634,0.2859425435675097,0.15801873455225862,0.2537024340617274,0.14294448847799576,0.1903524129120743,0.43241447564367486,0.1848986768201172,0.32109575108432364,0.4348160294301195,0.22859962714792137,0.4580001451557882
S_1305_S1_4_TEX_gap_012,GazeBaseVR,1305,S_1305_S1_4_TEX,3,144.0,pchip,pchip,0.4366134373353342,0.4366134373353342,0.4366134373353342,0.0,0.0,True,0.21978765944794987,0.4426677850822146,0.19512031177675473,0.4380537610130611,0.16957281617236514,0.4374179788569025,0.16696058540799932,0.4366134373353342,0.5766282167192884,0.4787408814839345,0.3604886576353441,0.9331689073537826,0.30477922001566626,0.7651152031813391
S_1305_S1_4_TEX_gap_013,GazeBaseVR,1305,S_1305_S1_4_TEX,4,168.0,pchip,forward_fill,0.0063847605118647,0.0063847605118647,0.0036704650500409,0.0,0.0027142954618237995,False,0.04932067320407433,0.0036704650500409,0.045578631038825514,0.0082031676292938,0.03677719914631053,0.0059849304799347,0.031191780887180852,0.0063847605118647,0.08930811464084806,0.0128175436990323,0.2294662308881183,0.2183297681108985,0.14608087400272893,0.1453272788695485
S_1305_S1_4_TEX_gap_014,GazeBaseVR,1305,S_1305_S1_4_TEX,4,156.0,pchip,linear,0.0181993180837469,0.0181993180837469,0.0170434815742649,0.0,0.001155836509482002,False,0.0955130245729864,0.0226998341110734,0.07292984510944017,0.0170925572356585,0.0615038473876147,0.0170434815742649,0.05962330215724305,0.0181993180837469,0.11573892706100257,0.0370017244935454,0.24435835438703346,0.4033783114061891,0.21655563973704373,0.2351717261258403
S_1305_S1_4_TEX_gap_015,GazeBaseVR,1305,S_1305_S1_4_TEX,4,152.0,pchip,pchip,0.1496613482159716,0.1496613482159716,0.1496613482159716,0.0,0.0,True,0.677391706007933,0.6152577788128282,0.4461333832205699,0.1947160100720743,0.36279829119376616,0.1981745048727834,0.3490574685905658,0.1496613482159716,0.48518671578697864,0.1554354933204611,0.4466021815061139,0.3180121708713707,0.43089973878336224,0.2093816233107104
S_1305_S1_4_TEX_gap_016,GazeBaseVR,1305,S_1305_S1_4_TEX,4,188.0,pchip,pchip,0.282526898427999,0.282526898427999,0.282526898427999,0.0,0.0,True,0.6201118795237947,0.7934775592488423,0.37988054341314137,0.3724320453839868,0.3090222568743566,0.2939673536438662,0.2896963227041922,0.282526898427999,0.29540603961129525,0.2894392985602109,0.33382370829196256,0.3481373943232749,0.31102463348088333,0.3391029876530701
S_1305_S1_4_TEX_gap_017,GazeBaseVR,1305,S_1305_S1_4_TEX,5,232.0,pchip,forward_fill,0.2176727473589822,0.2176727473589822,0.0649738527688971,0.0,0.15269889459008512,False,0.3018801389032718,0.0649738527688971,0.30297361871723644,0.4032060932472874,0.2413986570343573,0.3255136188468917,0.2056886452699191,0.2176727473589822,0.340356323636577,0.4645880665952243,0.33806828787479554,0.5125869611792334,0.25912259037801527,0.3728146748065828
S_1305_S1_4_TEX_gap_018,GazeBaseVR,1305,S_1305_S1_4_TEX,5,224.0,pchip,forward_fill,0.4745387037158722,0.4745387037158722,0.4737304061922153,0.0,0.000808297523656909,False,0.5869228674517636,0.4737304061922153,0.46170474214739765,0.6763780476477453,0.3712995768324256,0.5073075124776536,0.3568629959899034,0.4745387037158722,0.5846833548122519,0.4773865624676792,0.45406782333643264,0.6633979952701304,0.4417781814771037,0.526219236047993
S_1305_S1_4_TEX_gap_019,GazeBaseVR,1305,S_1305_S1_4_TEX,5,224.0,pchip,pchip,0.3115728115548881,0.3115728115548881,0.3115728115548881,0.0,0.0,True,0.4396888604509791,0.6813474217716113,0.3327535544575692,0.5131818148147458,0.2746888586767041,0.4158785476039922,0.26509426283281834,0.3115728115548881,0.5882704129427236,1.439302770108561,0.392029976220884,0.5950544873537976,0.33349039399434377,0.4761312234716699
S_1305_S1_4_TEX_gap_020,GazeBaseVR,1305,S_1305_S1_4_TEX,5,244.0,pchip,pchip,0.1746681910647804,0.1746681910647804,0.1746681910647804,0.0,0.0,True,0.24651386550426996,0.4295830379679267,0.22434754830185205,0.2939393166583245,0.17749321027998313,0.2400774887036062,0.1566287226430529,0.1746681910647804,0.31592516432922524,1.0237762243962971,0.28748116166986226,0.2932748308644129,0.1979000060023363,0.2418827676208718
S_1323_S1_4_TEX_gap_001,GazeBaseVR,1323,S_1323_S1_4_TEX,1,4.0,local_natural_cubic_spline,nearest_boundary,0.0112336492162276,0.0151546949928258,0.0001177145715922,0.0039210457765982,0.0111159346446354,False,0.16351332529527543,0.0407292417710169,0.10786966513308528,0.0001177145715922,0.06411793843600944,0.0203057635997123,0.04453476276450005,0.0151546949928258,0.042194103104204045,0.0112336492162276,0.07297294210104122,0.0122467743292027,0.07761730443595426,0.0203057635997123
S_1323_S1_4_TEX_gap_002,GazeBaseVR,1323,S_1323_S1_4_TEX,1,20.0,pchip,forward_fill,0.2245598805196386,0.2245598805196386,0.1212931501257906,0.0,0.103266730393848,False,0.22374119307076817,0.1212931501257906,0.17181619280581617,0.4589003477471209,0.12304128886001758,0.2973927932593292,0.10055802110274488,0.2245598805196386,0.12526746398020613,0.2147102814738564,0.18108986229869686,0.2284615912587758,0.15783487533016957,0.293124390286281
S_1323_S1_4_TEX_gap_003,GazeBaseVR,1323,S_1323_S1_4_TEX,1,8.0,pchip,linear,0.0191387656398938,0.0191387656398938,0.013612084965662,0.0,0.0055266806742318,False,0.18661308190324302,0.0379372939764373,0.13119705872910065,0.0368662145326922,0.07486774865681262,0.013612084965662,0.06380603477089125,0.0191387656398938,0.07003728450431955,0.0217711358794343,0.10352929322824432,0.021128615757995,0.09185204828722993,0.013612084965662
S_1323_S1_4_TEX_gap_004,GazeBaseVR,1323,S_1323_S1_4_TEX,1,8.0,pchip,linear,0.0064369194885178,0.0064369194885178,0.0038487671325504,0.0,0.0025881523559674003,False,0.16979117848291828,0.0436287930685261,0.11903865391899761,0.0317447317555498,0.07528631420903258,0.0038487671325504,0.06721348587621584,0.0064369194885178,0.07602718068217447,0.0111010553291252,0.10559746100525029,0.0094370915123006,0.09205639311547602,0.0038487671325504
S_1323_S1_4_TEX_gap_005,GazeBaseVR,1323,S_1323_S1_4_TEX,2,88.0,pchip,nearest_boundary,0.0073357212756533,0.0073357212756533,0.0059182737003741,0.0,0.0014174475752791998,False,0.16772340229385294,0.0113561416782864,0.1334991708107736,0.0059182737003741,0.11265634033063235,0.0079951157790094,0.10654953718384176,0.0073357212756533,0.27006782772788757,0.046632760270929,0.36520784820063446,0.051340245008846,0.29969387337192044,0.1920875305793943
S_1323_S1_4_TEX_gap_006,GazeBaseVR,1323,S_1323_S1_4_TEX,2,76.0,pchip,forward_fill,0.2394724635564098,0.2394724635564098,0.1444044302364036,0.0,0.09506803332000621,False,0.32955210872997803,0.1444044302364036,0.2562664251053238,0.3638432762265725,0.2016495022764625,0.287875644151343,0.16510494905728393,0.2394724635564098,0.21514456307049096,0.2698882928995774,0.29625522995161135,0.3664060112181918,0.23805051240287559,0.329487407572291
S_1323_S1_4_TEX_gap_007,GazeBaseVR,1323,S_1323_S1_4_TEX,2,56.0,pchip,pchip,0.0218332199997584,0.0218332199997584,0.0218332199997584,0.0,0.0,True,0.16110493705492104,0.1400545133920576,0.11783873192317905,0.0938370257442892,0.09481879147830424,0.0450942440130123,0.08730990330038839,0.0218332199997584,0.16158636627717857,0.0294014078315986,0.28174885468118693,0.4050514835834355,0.21692096258705734,0.1869194530647427
S_1323_S1_4_TEX_gap_008,GazeBaseVR,1323,S_1323_S1_4_TEX,2,52.0,pchip,local_natural_cubic_spline,0.206349017305649,0.206349017305649,0.2060541601633487,0.0,0.00029485714230029214,False,0.659967601633175,0.7319878550474327,0.43356796189053504,0.2108723950872936,0.33759599520252515,0.2496342989365622,0.32179706605544345,0.206349017305649,0.326474093044458,0.2060541601633487,0.3586264887067646,0.278643315689606,0.34330574803251535,0.2555964379372093
S_1323_S1_4_TEX_gap_009,GazeBaseVR,1323,S_1323_S1_4_TEX,3,140.0,local_natural_cubic_spline,local_natural_cubic_spline,0.2296449957586707,0.2327601738862661,0.2296449957586707,0.0031151781275954027,0.0,True,0.5953424242946209,0.4750677540812234,0.42206436344627646,0.3858208815627284,0.3384985160494934,0.2743550524112302,0.2984587524624299,0.2327601738862661,0.2905175833551933,0.2296449957586707,0.36989531217524996,0.2872659299136634,0.34438164356267165,0.2722471753510715
S_1323_S1_4_TEX_gap_010,GazeBaseVR,1323,S_1323_S1_4_TEX,3,104.0,pchip,pchip,0.0073583425150741,0.0073583425150741,0.0073583425150741,0.0,0.0,True,0.046494376688038797,0.015385060834438,0.039344856343522576,0.0081980380902131,0.03289940433499317,0.0074156250251781,0.030713282851795372,0.0073583425150741,0.09256157894447287,0.0095309717167638,0.18156387099708393,0.1318076664889143,0.1403670606652637,0.1500375913122988
S_1323_S1_4_TEX_gap_011,GazeBaseVR,1323,S_1323_S1_4_TEX,3,120.0,pchip,pchip,0.0928146326981003,0.0928146326981003,0.0928146326981003,0.0,0.0,True,0.22593953978412507,0.3366798886050133,0.21042434196280116,0.2180486728185489,0.16647162690356918,0.1676852328431318,0.1449221016455757,0.0928146326981003,0.32703834905893275,0.6456884928686936,0.2925125265628868,0.4275908362023963,0.1919087612113649,0.2452725841972513
S_1323_S1_4_TEX_gap_012,GazeBaseVR,1323,S_1323_S1_4_TEX,3,144.0,pchip,pchip,0.0360456818322706,0.0360456818322706,0.0360456818322706,0.0,0.0,True,0.08985761127965457,0.0947278566214189,0.06950775126498616,0.0617369947009203,0.05697598235241522,0.0458762064844618,0.050446989868924305,0.0360456818322706,0.12298132565043421,0.0942756416705725,0.19318374870140226,0.1509252376455344,0.13020106495419248,0.1162258177376272
S_1323_S1_4_TEX_gap_013,GazeBaseVR,1323,S_1323_S1_4_TEX,4,156.0,pchip,nearest_boundary,0.172765707386704,0.172765707386704,0.1401156831925764,0.0,0.0326500241941276,False,0.632635902007221,0.6508125935441189,0.39111557450042567,0.1401156831925764,0.3231608143893007,0.2137843471382173,0.2991488672582229,0.172765707386704,0.3065889279715998,0.1728450670348067,0.3639035708952026,0.2777838542235526,0.34497364482604626,0.2643199609131013
S_1323_S1_4_TEX_gap_014,GazeBaseVR,1323,S_1323_S1_4_TEX,4,180.0,pchip,pchip,0.1491097273260422,0.1491097273260422,0.1491097273260422,0.0,0.0,True,0.5761985388195179,0.5692432343537299,0.39774101282164265,0.2397367795155427,0.3256701390512714,0.1984153951628474,0.3094701334559335,0.1491097273260422,0.32663674785718405,0.1531698166583924,0.35218361621096145,0.211435307954815,0.3346556328880548,0.1785559216271848
S_1323_S1_4_TEX_gap_015,GazeBaseVR,1323,S_1323_S1_4_TEX,4,152.0,pchip,template,0.4603232784803434,0.4603232784803434,0.2826321010479339,0.0,0.17769117743240948,False,0.6424584758480353,0.9069545734197676,0.4258672308136232,0.5750308680259506,0.35202918368392333,0.4338642292934722,0.3363900871774972,0.4603232784803434,0.3767000503598851,0.4540265317246358,0.387809325217343,0.356510151109378,0.3740310978758914,0.2826321010479339
S_1323_S1_4_TEX_gap_016,GazeBaseVR,1323,S_1323_S1_4_TEX,4,164.0,pchip,pchip,0.1951344493327973,0.1951344493327973,0.1951344493327973,0.0,0.0,True,0.6157235818608306,0.5677067342589558,0.36982524135897904,0.2337073244023255,0.30635910395838856,0.2368998581785233,0.2755713188519936,0.1951344493327973,0.2778516463889739,0.1956706960490816,0.3372713594304953,0.2668705803113985,0.31201119723224385,0.2361360106515513
S_1323_S1_4_TEX_gap_017,GazeBaseVR,1323,S_1323_S1_4_TEX,5,212.0,pchip,pchip,0.1251981135637486,0.1251981135637486,0.1251981135637486,0.0,0.0,True,0.6011757755011929,0.6853082005786854,0.38757618044649406,0.3992172702110805,0.3229816044142141,0.1691166848261047,0.3042013424048585,0.1251981135637486,0.3367797427047147,0.1611642036233396,0.3702430253491098,0.1347217808526822,0.36025529648179666,0.1651869457060859
S_1323_S1_4_TEX_gap_018,GazeBaseVR,1323,S_1323_S1_4_TEX,5,224.0,pchip,linear,0.0507635223452742,0.0507635223452742,0.0468131598863997,0.0,0.0039503624588745,False,0.14433591494627596,0.0595212529211902,0.11587757110640413,0.0497566496525748,0.09491604344602758,0.0468131598863997,0.08678219439872988,0.0507635223452742,0.3584796587461049,0.13851745776977,0.2818319720551543,0.3120590581106776,0.20190156038017762,0.0748747146072333
S_1323_S1_4_TEX_gap_019,GazeBaseVR,1323,S_1323_S1_4_TEX,5,232.0,pchip,local_natural_cubic_spline,0.3233541689723176,0.3233541689723176,0.3174917106614758,0.0,0.005862458310841812,False,0.5214334738202697,0.4176528236801649,0.38520295059688714,0.4333699654209919,0.32690644962987714,0.328657108991773,0.3047162183821516,0.3233541689723176,0.4995762095643132,0.3174917106614758,0.5392103706726248,0.5111805201832278,0.4648806564910584,0.4150295217447327
S_1323_S1_4_TEX_gap_020,GazeBaseVR,1323,S_1323_S1_4_TEX,5,248.0,pchip,local_natural_cubic_spline,0.1497534714806634,0.1497534714806634,0.1135932880125918,0.0,0.036160183468071594,False,0.41319381661796606,0.3952122653838731,0.2842759896267076,0.2131346456604176,0.22995297617743893,0.1676495299770422,0.2206364804621203,0.1497534714806634,0.39149373607059684,0.1135932880125918,0.4305539461520531,0.356735143266179,0.38846526873936527,0.3744635846548179
S_1323_S2_4_TEX_gap_001,GazeBaseVR,1323,S_1323_S2_4_TEX,1,4.0,pchip,local_natural_cubic_spline,0.0219815895702217,0.0219815895702217,0.0178264481830555,0.0,0.0041551413871661995,False,0.1648244182192155,0.0907111211233754,0.11235024205914111,0.0907111211233754,0.06845816425453259,0.0375459938424575,0.05331031156070072,0.0219815895702217,0.0600397707669106,0.0178264481830555,0.07837646266221775,0.0200187528939684,0.08177470634332318,0.0375459938424575
S_1323_S2_4_TEX_gap_002,GazeBaseVR,1323,S_1323_S2_4_TEX,1,12.0,pchip,forward_fill,0.0047190953172835,0.0047190953172835,0.0,0.0,0.0047190953172835,False,0.202970977654101,0.0,0.15855576088961504,0.0047687668657171,0.1143621179608634,0.0044607729422279,0.10147141280129723,0.0047190953172835,0.1581927090998784,0.00977842452809,0.1561818860682912,0.0033089559244304,0.1372657085746402,0.0037700412315026
S_1323_S2_4_TEX_gap_003,GazeBaseVR,1323,S_1323_S2_4_TEX,1,8.0,pchip,linear,0.0487452838146916,0.0487452838146916,0.0477471797117488,0.0,0.0009981041029427998,False,0.13878090531567372,0.0728265036351742,0.09428387491331712,0.0610427331374093,0.05628539287113799,0.0477471797117488,0.046276444825834845,0.0487452838146916,0.05708971233253379,0.0483548507399291,0.06666939818993703,0.0479234948111036,0.0633429558434724,0.0477471797117488
S_1323_S2_4_TEX_gap_004,GazeBaseVR,1323,S_1323_S2_4_TEX,1,28.0,pchip,pchip,0.0181824533619159,0.0181824533619159,0.0181824533619159,0.0,0.0,True,0.32764244135695153,0.0954319792118605,0.22722613879670386,0.0552830840030124,0.1706980747325653,0.0221760895103322,0.1584160673125561,0.0181824533619159,0.22105812954865514,0.0183981059508629,0.23162130238748221,0.0185694025740367,0.1995716623651756,0.0228825822774163
S_1323_S2_4_TEX_gap_005,GazeBaseVR,1323,S_1323_S2_4_TEX,2,72.0,pchip,polyfit_bic,0.3613931641087275,0.3613931641087275,0.2315572142240937,0.0,0.12983594988463382,False,0.6607967574266906,0.8315031431050032,0.3586382406104535,0.4304057692535621,0.3131598858746569,0.2909270337244525,0.29056325037341285,0.3613931641087275,0.3132201119642381,0.3752200959106333,0.35830092576027217,0.2315572142240937,0.33685667872768976,0.2717726494478827
S_1323_S2_4_TEX_gap_006,GazeBaseVR,1323,S_1323_S2_4_TEX,2,96.0,pchip,forward_fill,0.0225328754264919,0.0225328754264919,0.0181585672548641,0.0,0.004374308171627803,False,0.1770592303883305,0.0181585672548641,0.14150313310249804,0.0440142315449096,0.11936189858076687,0.0323574377943483,0.1128333861541874,0.0225328754264919,0.3263898430848032,0.2832299566159863,0.3510403258476094,0.4323575871404794,0.29271857917723326,0.365823654802589
S_1323_S2_4_TEX_gap_007,GazeBaseVR,1323,S_1323_S2_4_TEX,2,80.0,linear,pchip,0.0308812711893399,0.0264057598548837,0.0264057598548837,-0.0044755113344562,0.0044755113344562,False,0.26212821937116426,0.0424254506676102,0.20425313180443638,0.0311817299418216,0.17133577076196715,0.0308812711893399,0.17512676111987013,0.0264057598548837,0.4030451122412876,0.0289124937928709,1.152803909268797,0.6474935509093447,1.0189393565164007,0.9280954340572124
S_1323_S2_4_TEX_gap_008,GazeBaseVR,1323,S_1323_S2_4_TEX,2,68.0,pchip,local_natural_cubic_spline,0.0293783309275992,0.0293783309275992,0.0074360265774692,0.0,0.02194230435013,False,0.10994280894329149,0.0452898263447382,0.08878745820061659,0.0368236484845375,0.07551759724482043,0.033070607159555,0.07034536026023695,0.0293783309275992,0.14903322155227416,0.0074360265774692,0.2169733404057984,0.3524747996572539,0.18570093824827516,0.2634084082962013
S_1323_S2_4_TEX_gap_009,GazeBaseVR,1323,S_1323_S2_4_TEX,3,116.0,pchip,forward_fill,0.0750567780280166,0.0750567780280166,0.0351768266720191,0.0,0.03987995135599749,False,0.17507842167034998,0.0351768266720191,0.14430557989255557,0.1469783375758718,0.11616665543415422,0.1173876488722191,0.09649022503702537,0.0750567780280166,0.20334441633453804,0.0961570382939238,0.240768272855217,0.2407302539102784,0.17674977252334764,0.1920074395421208
S_1323_S2_4_TEX_gap_010,GazeBaseVR,1323,S_1323_S2_4_TEX,3,112.0,pchip,pchip,0.2839442370055676,0.2839442370055676,0.2839442370055676,0.0,0.0,True,0.6362678002491274,0.47975693239269,0.4239712723223677,0.4779860231778691,0.3427410259785057,0.3375184976795119,0.3290988422525335,0.2839442370055676,0.3525842377656464,0.2875823215926335,0.3650228570364496,0.3746159825563752,0.34861585546788165,0.3685769384344409
S_1323_S2_4_TEX_gap_011,GazeBaseVR,1323,S_1323_S2_4_TEX,3,136.0,pchip,polyfit_bic,0.167890872677362,0.167890872677362,0.1100391149837126,0.0,0.05785175769364939,False,0.2786483853860291,0.2669618247190087,0.22331396480932444,0.2010997952809574,0.18998307213967391,0.1592165995677606,0.18574997216176733,0.167890872677362,0.469078081606563,0.2441941353244526,0.6264483809278333,0.1100391149837126,0.5254507862155847,0.1719935553440365
S_1323_S2_4_TEX_gap_012,GazeBaseVR,1323,S_1323_S2_4_TEX,3,104.0,pchip,local_natural_cubic_spline,0.2309025874485526,0.2309025874485526,0.1639309144037723,0.0,0.0669716730447803,False,0.4624874798889968,0.7087286265579039,0.3707229846844141,0.4690487996419454,0.29474111992005153,0.3585195882628978,0.25126558469925586,0.2309025874485526,0.26893236193384756,0.1639309144037723,0.3491528273938373,0.4259192714664513,0.3064898550072466,0.3580318354970538
S_1323_S2_4_TEX_gap_013,GazeBaseVR,1323,S_1323_S2_4_TEX,4,156.0,pchip,template,0.2055581666576318,0.2055581666576318,0.2041137627373556,0.0,0.0014444039202761993,False,0.5610669609302839,0.7106466755000876,0.41229982186716385,0.2703958072600275,0.32871329888774325,0.238344654374199,0.30935778262715063,0.2055581666576318,0.37168899840285535,0.2083584658129367,0.37399697406265553,0.2633413870491185,0.3557380047689332,0.2041137627373556
S_1323_S2_4_TEX_gap_014,GazeBaseVR,1323,S_1323_S2_4_TEX,4,184.0,pchip,template,0.3925635793353903,0.3925635793353903,0.2035588434789806,0.0,0.18900473585640973,False,0.6407290190219888,0.8677388633058544,0.4015306425960321,0.512612073936577,0.33859688299656077,0.3781535624081749,0.3219257848130929,0.3925635793353903,0.3704645659536075,0.3898322901333853,0.3889228496676278,0.2889048830725185,0.37014292175699554,0.2035588434789806
S_1323_S2_4_TEX_gap_015,GazeBaseVR,1323,S_1323_S2_4_TEX,4,192.0,pchip,template,0.0931808304271341,0.0931808304271341,0.0870614776905597,0.0,0.006119352736574393,False,0.2528346462404772,0.3248572969238373,0.17875995764731598,0.125266663284975,0.14289677817127264,0.1121103059372225,0.12502087746827828,0.0931808304271341,0.19523602669637263,0.0937404588892907,0.24810769988245376,0.1097120536419236,0.18364071418679231,0.0870614776905597
S_1323_S2_4_TEX_gap_016,GazeBaseVR,1323,S_1323_S2_4_TEX,4,196.0,pchip,local_natural_cubic_spline,0.5136311398679577,0.5136311398679577,0.5104588512179404,0.0,0.0031722886500172853,False,0.8634492313877566,0.7077637720909628,0.5372390392049048,0.7165302242605773,0.4338970047890658,0.5222889783012176,0.4253210621561716,0.5136311398679577,0.46455512658178416,0.5104588512179404,0.47046152426292515,0.5682901312882619,0.4612878111644401,0.572511875532383
S_1323_S2_4_TEX_gap_017,GazeBaseVR,1323,S_1323_S2_4_TEX,5,212.0,pchip,pchip,0.2265431283880828,0.2265431283880828,0.2265431283880828,0.0,0.0,True,0.5749409735831278,0.4731235310169115,0.3890752354677561,0.3302345117772648,0.3151692673652584,0.2606665359869035,0.2860849709838824,0.2265431283880828,0.29178436426162724,0.2336224875251576,0.3423820545903308,0.2703339063162499,0.31492456178486655,0.2398815865654057
S_1323_S2_4_TEX_gap_018,GazeBaseVR,1323,S_1323_S2_4_TEX,5,224.0,pchip,pchip,0.2999945178620399,0.2999945178620399,0.2999945178620399,0.0,0.0,True,0.8886319017962008,1.0976757548748064,0.5491518757954555,0.3144548200675071,0.4466725756885532,0.3620596639780802,0.440806042118488,0.2999945178620399,0.5054862524965683,0.3016788202592509,0.5052845708042806,0.412392273634646,0.4941393645560529,0.5419181040179561
S_1323_S2_4_TEX_gap_019,GazeBaseVR,1323,S_1323_S2_4_TEX,5,224.0,pchip,forward_fill,0.0199257590232255,0.0199257590232255,0.005699675369159,0.0,0.0142260836540665,False,0.11067568817822955,0.005699675369159,0.08536529900211276,0.0338186785753784,0.06934661022210956,0.0275298900941368,0.06393937973443455,0.0199257590232255,0.1682862396306134,0.263254119653003,0.2718126583131668,0.5020670991897511,0.1923546039195401,0.2786175694551729
S_1323_S2_4_TEX_gap_020,GazeBaseVR,1323,S_1323_S2_4_TEX,5,228.0,pchip,local_natural_cubic_spline,0.2207320796638462,0.2207320796638462,0.2179702752816782,0.0,0.0027618043821679983,False,0.6360500983581707,0.5874061538895566,0.4224190496618829,0.3082172507953701,0.33613376879097806,0.2626568159496082,0.3224116360466352,0.2207320796638462,0.3357870406049749,0.2179702752816782,0.35857693255744827,0.2840737813460332,0.3379576345725313,0.2181654070716289
S_1425_S1_4_TEX_gap_001,GazeBaseVR,1425,S_1425_S1_4_TEX,1,36.0,pchip,local_natural_cubic_spline,0.1100940833153751,0.1100940833153751,0.0685641225222526,0.0,0.0415299607931225,False,0.1947712929592089,0.2025153724193986,0.1826825997469734,0.2456769019317182,0.13541338948555398,0.1919287006738527,0.1070922529559126,0.1100940833153751,0.14083448150148764,0.0685641225222526,0.2026272728143048,0.1904580839806323,0.17164748476917965,0.2090294217472893
S_1425_S1_4_TEX_gap_002,GazeBaseVR,1425,S_1425_S1_4_TEX,1,4.0,pchip,local_natural_cubic_spline,0.0160200567029212,0.0160200567029212,0.0149029055002352,0.0,0.001117151202686002,False,0.17292920469138445,0.0283478266159356,0.11790686077273183,0.0283478266159356,0.07115817201580897,0.0175196868356002,0.06024632286008062,0.0160200567029212,0.0785257820926797,0.0149029055002352,0.08837763862643885,0.0151295878734829,0.08285321187327227,0.0175196868356002
S_1425_S1_4_TEX_gap_003,GazeBaseVR,1425,S_1425_S1_4_TEX,1,4.0,pchip,pchip,3.37926256517171e-05,3.37926256517171e-05,3.37926256517171e-05,0.0,0.0,True,0.2653588594154766,0.0585206206105751,0.17911571005755253,0.0585206206105751,0.11166431454086485,0.0027374510680579,0.10106999556273683,3.37926256517171e-05,0.11929972294504342,0.0007915198887598,0.13670806471066144,0.0009711522494053,0.12632901719759537,0.0027374510680579
S_1425_S1_4_TEX_gap_004,GazeBaseVR,1425,S_1425_S1_4_TEX,1,4.0,local_natural_cubic_spline,forward_fill,0.0058725995042836,0.004472351496481,0.0015816816926433,-0.0014002480078026004,0.0042909178116403,False,0.12422390723895343,0.0015816816926433,0.090136672415271,0.0071784015281484,0.06283489504546132,0.004380041610398,0.0498018247522371,0.004472351496481,0.04860035708847666,0.0058725995042836,0.07271974417411106,0.0057274613226874,0.07288796290189073,0.004380041610398
S_1425_S1_4_TEX_gap_005,GazeBaseVR,1425,S_1425_S1_4_TEX,2,72.0,local_natural_cubic_spline,local_natural_cubic_spline,0.105321033768776,0.2475038327264976,0.105321033768776,0.1421827989577216,0.0,True,0.5244927039202928,0.7633827396942504,0.41633077148716346,0.4826027700691743,0.32818082540409393,0.3674795547622985,0.2822576565119408,0.2475038327264976,0.2758004341880748,0.105321033768776,0.36599768824653145,0.4281959418046047,0.3364070386094859,0.3889792842292904
S_1425_S1_4_TEX_gap_006,GazeBaseVR,1425,S_1425_S1_4_TEX,2,72.0,linear,pchip,0.0397769272363898,0.0284771603399517,0.0284771603399517,-0.0112997668964381,0.0112997668964381,False,0.3554534581836961,0.0640553628935967,0.2587257964529906,0.0451586783771553,0.21465300095632717,0.0397769272363898,0.2197538116282276,0.0284771603399517,0.4172699672022027,0.0372331769355195,1.012521002152003,0.5482058089431306,0.8949372933441397,0.6937199654026952
S_1425_S1_4_TEX_gap_007,GazeBaseVR,1425,S_1425_S1_4_TEX,2,84.0,pchip,local_natural_cubic_spline,0.2132060935444357,0.2132060935444357,0.1663904921381449,0.0,0.04681560140629079,False,0.493307977983058,0.2469527285722353,0.32837010857747495,0.4167681235143852,0.2740615043504722,0.3029774029699271,0.23793426617398292,0.2132060935444357,0.27636828521735407,0.1663904921381449,0.3258025165675681,0.3750109697346129,0.28586115905652176,0.3427349593699753
S_1425_S1_4_TEX_gap_008,GazeBaseVR,1425,S_1425_S1_4_TEX,2,96.0,pchip,linear,0.044373098582795,0.044373098582795,0.042827047669915,0.0,0.001546050912880001,False,0.3218491771415761,0.2405519122988633,0.23739791952997027,0.1023677303264764,0.19634764947742084,0.042827047669915,0.18265101167878503,0.044373098582795,0.29308862976330774,0.0703833071875709,0.2832863610518326,0.0777116686767636,0.23747835713705825,0.0992405532273857
S_1425_S1_4_TEX_gap_009,GazeBaseVR,1425,S_1425_S1_4_TEX,3,148.0,pchip,nearest_boundary,0.1819396750955462,0.1819396750955462,0.1603589942274881,0.0,0.021580680868058116,False,0.5885010090991771,0.685126678530359,0.3920244716429652,0.1603589942274881,0.3290611686723775,0.2347160971555461,0.3132181023674857,0.1819396750955462,0.4758837266881658,0.1836920842676243,0.4580297402978508,0.4219874485933305,0.414170898746272,0.3251159006087018
S_1425_S1_4_TEX_gap_010,GazeBaseVR,1425,S_1425_S1_4_TEX,3,120.0,pchip,linear,0.033731449409412,0.033731449409412,0.0325537716471488,0.0,0.001177677762263199,False,0.16508970700211612,0.0456243462010217,0.1338915636580346,0.0331437955579739,0.11253667484273297,0.0325537716471488,0.10644818903636585,0.033731449409412,0.27494415029391384,0.0541138502536793,0.3886863538516661,0.4675585636685815,0.32316862473489344,0.3630899566065674
S_1425_S1_4_TEX_gap_011,GazeBaseVR,1425,S_1425_S1_4_TEX,3,108.0,linear,polyfit_bic,0.0403261555242803,0.0418552739505029,0.034449030928412,0.0015291184262225949,0.0058771245958683035,False,0.5370418310294494,0.0409133086132373,0.42966284011040934,0.0535834588536966,0.3461690543748165,0.0403261555242803,0.34760076871342804,0.0418552739505029,0.5962213060675998,0.0485135088827184,0.41431932211789513,0.034449030928412,0.390296775849535,0.0423774542560826
S_1425_S1_4_TEX_gap_012,GazeBaseVR,1425,S_1425_S1_4_TEX,3,124.0,pchip,local_natural_cubic_spline,0.2307023798183683,0.2307023798183683,0.2305615247299055,0.0,0.0001408550884628157,False,0.6148687521787547,0.7623771655675325,0.40101065345243286,0.363665296067066,0.32507499294844705,0.2359156873278882,0.30489120917026136,0.2307023798183683,0.32701367502328127,0.2305615247299055,0.35821220672843007,0.2992544589245824,0.3481820587328628,0.2929466027889046
S_1425_S1_4_TEX_gap_013,GazeBaseVR,1425,S_1425_S1_4_TEX,4,180.0,pchip,forward_fill,0.1424096407506529,0.1424096407506529,0.0498949391114857,0.0,0.0925147016391672,False,0.22008775058432117,0.0498949391114857,0.20585014157917622,0.2669306765912556,0.1634731650021636,0.2126781111319783,0.14087706392452476,0.1424096407506529,0.31412971328501504,0.5195706330992599,0.2971565860872757,0.4555380269049512,0.20020137066804802,0.3007533854796855
S_1425_S1_4_TEX_gap_014,GazeBaseVR,1425,S_1425_S1_4_TEX,4,200.0,pchip,template,0.2179567141067595,0.2179567141067595,0.1493501332289968,0.0,0.06860658087776272,False,0.6401873721882788,0.4990968437526628,0.4237418812195891,0.3865902272301041,0.33108397143047547,0.1494085386399305,0.30926853195815585,0.2179567141067595,0.31462662866971386,0.2156793389351605,0.35679138620193745,0.1533585310392143,0.3360380356538779,0.1493501332289968
S_1425_S1_4_TEX_gap_015,GazeBaseVR,1425,S_1425_S1_4_TEX,4,168.0,pchip,pchip,0.0457206113557699,0.0457206113557699,0.0457206113557699,0.0,0.0,True,0.13638783550294503,0.1001211839850504,0.11773149781512497,0.0714043467030773,0.09719143640255509,0.0631560054834479,0.08784490471842711,0.0457206113557699,0.379153244863117,0.1234993287601803,0.30319400944501057,0.4126512071981594,0.168759862553256,0.2078408456693802
S_1425_S1_4_TEX_gap_016,GazeBaseVR,1425,S_1425_S1_4_TEX,4,184.0,pchip,local_natural_cubic_spline,0.0892012735206705,0.0892012735206705,0.0307676921251832,0.0,0.05843358139548731,False,0.3872600882908464,0.1224893829056321,0.31391704995489383,0.0982804023168502,0.2707561359286473,0.0990570491595964,0.26864680093245574,0.0892012735206705,0.6881030572095347,0.0307676921251832,1.4872245953143761,0.4764891999585925,1.3275255430290445,0.4256996416146493
S_1425_S1_4_TEX_gap_017,GazeBaseVR,1425,S_1425_S1_4_TEX,5,232.0,pchip,linear,0.259577043385727,0.259577043385727,0.2530007668781727,0.0,0.006576276507554324,False,0.6592171887602281,0.7267394117850274,0.37725749383949675,0.2858734838018356,0.32090848713771897,0.2530007668781727,0.30604252583172686,0.259577043385727,0.3256964019612008,0.2606539057176667,0.37042394488466457,0.3381736254294494,0.34697071182808936,0.2826932848110224
S_1425_S1_4_TEX_gap_018,GazeBaseVR,1425,S_1425_S1_4_TEX,5,204.0,pchip,linear,0.057509232849962,0.057509232849962,0.0531708666049922,0.0,0.004338366244969798,False,0.17050109498968286,0.1132101357248419,0.13942185316246677,0.0739745782243951,0.11270659986553479,0.0531708666049922,0.1024350346857524,0.057509232849962,0.3687561878039835,0.1084063230431971,0.2986320854506341,0.4205536124745579,0.19013031342277056,0.2459491858647653
S_1425_S1_4_TEX_gap_019,GazeBaseVR,1425,S_1425_S1_4_TEX,5,240.0,pchip,pchip,0.2242026972008524,0.2242026972008524,0.2242026972008524,0.0,0.0,True,0.6310860823385618,0.6973639346990193,0.38918405075765117,0.2331552034681703,0.324168270508662,0.2261948067890101,0.30819930490391084,0.2242026972008524,0.34166108234099113,0.2466076577731194,0.3681055021183886,0.2268347741588233,0.34804968425464144,0.2429784348059345
S_1425_S1_4_TEX_gap_020,GazeBaseVR,1425,S_1425_S1_4_TEX,5,208.0,pchip,local_natural_cubic_spline,0.2954058126740816,0.2954058126740816,0.2921975158690654,0.0,0.0032082968050162197,False,0.674661242300077,0.7960330657578538,0.4183224402555983,0.4145361949068827,0.3278123117553973,0.2975562290338568,0.3080729700122873,0.2954058126740816,0.3132768901914698,0.2921975158690654,0.35334515109506653,0.3251841723904828,0.3312703901260077,0.2946630318115497
S_1425_S2_4_TEX_gap_001,GazeBaseVR,1425,S_1425_S2_4_TEX,1,44.0,pchip,pchip,0.0220105587817164,0.0220105587817164,0.0220105587817164,0.0,0.0,True,0.5067242976363677,0.1443956294181617,0.3147895091351504,0.0727194993615761,0.25835482718704733,0.0330609344392372,0.24729843307152585,0.0220105587817164,0.31980252623120614,0.0296471010979779,0.308015690916727,0.057078824306622,0.27639512902439073,0.0475812478860596
S_1425_S2_4_TEX_gap_002,GazeBaseVR,1425,S_1425_S2_4_TEX,1,36.0,pchip,local_natural_cubic_spline,0.110504119200738,0.110504119200738,0.0972168191213487,0.0,0.013287300079389289,False,0.29172139729751645,0.1337690362212164,0.24704744279859236,0.1282224903993574,0.21451144406082992,0.1170913433577614,0.20903053301684654,0.110504119200738,0.4110116092402981,0.0972168191213487,0.3282023370349132,0.1197181386359804,0.2857917671417977,0.1561702745840842
S_1425_S2_4_TEX_gap_003,GazeBaseVR,1425,S_1425_S2_4_TEX,1,40.0,pchip,local_natural_cubic_spline,0.0090326675840696,0.0090326675840696,0.0086937485861083,0.0,0.0003389189979612992,False,0.27340526189773556,0.2331400046853566,0.19312907349176306,0.1134063111339424,0.14598504695121814,0.0155056634962558,0.12695901398824785,0.0090326675840696,0.17383001716455893,0.0086937485861083,0.19814554619237706,0.0236834772626757,0.17758730503053008,0.0161031609241288
S_1425_S2_4_TEX_gap_004,GazeBaseVR,1425,S_1425_S2_4_TEX,1,48.0,pchip,local_natural_cubic_spline,0.1199380407389288,0.1199380407389288,0.0882758405242881,0.0,0.03166220021464071,False,0.44647400604130566,0.8656952008747368,0.3330418374940967,0.4950597921619974,0.2686054208752141,0.2464748407778813,0.2623673549249556,0.1199380407389288,0.43678542782116814,0.0882758405242881,0.43071809233053265,0.3130432371170942,0.3745677345209644,0.3721020848397103
S_1425_S2_4_TEX_gap_005,GazeBaseVR,1425,S_1425_S2_4_TEX,2,56.0,pchip,linear,0.0266704080232816,0.0266704080232816,0.0238497248840102,0.0,0.0028206831392713974,False,0.4709828524581159,0.0667595795427296,0.3520070461171819,0.0440076706229363,0.2794880168521511,0.0238497248840102,0.27530054283695293,0.0266704080232816,0.4065442790464891,0.0338256205635554,0.35293569085742654,0.0486330897699173,0.31944615619409317,0.0396986425422248
S_1425_S2_4_TEX_gap_006,GazeBaseVR,1425,S_1425_S2_4_TEX,2,84.0,linear,linear,0.2756149365101134,0.2777754290329703,0.2756149365101134,0.0021604925228569383,0.0,True,0.5042587720225115,0.452132951975999,0.41989085272408716,0.4434547933295151,0.3427837907638404,0.2756149365101134,0.3444337829332413,0.2777754290329703,0.696268890187237,1.203847320317248,0.41479531973000033,0.3867782595105604,0.39073717119178136,0.402809394612454
S_1425_S2_4_TEX_gap_007,GazeBaseVR,1425,S_1425_S2_4_TEX,2,96.0,pchip,pchip,0.0680318993193194,0.0680318993193194,0.0680318993193194,0.0,0.0,True,0.30900272261883627,0.0695133899907854,0.2853719532615437,0.1608478361920554,0.23619593271231168,0.1222485512074682,0.22073121662957232,0.0680318993193194,0.5649304898604989,0.7278042718918379,0.34716321788460514,0.2662336906396927,0.28781629827555083,0.1406754205388444
S_1425_S2_4_TEX_gap_008,GazeBaseVR,1425,S_1425_S2_4_TEX,2,60.0,pchip,pchip,0.0039895686777178,0.0039895686777178,0.0039895686777178,0.0,0.0,True,0.1612583228466209,0.0148342606190916,0.138016411625372,0.0056351573093269,0.11677743188940261,0.0059207332189196,0.1096953943173343,0.0039895686777178,0.26253509858040014,0.0178000158699344,0.2890791481031905,0.3211239568701517,0.2368847700246324,0.1427611447644485
S_1425_S2_4_TEX_gap_009,GazeBaseVR,1425,S_1425_S2_4_TEX,3,112.0,pchip,local_natural_cubic_spline,0.0852403062522883,0.0852403062522883,0.053912912676532,0.0,0.031327393575756306,False,0.17082863930535985,0.0973095407546216,0.14016878511394432,0.085047078172924,0.12108498942860138,0.0900604491191393,0.11677911628842366,0.0852403062522883,0.2988596661757193,0.053912912676532,0.2529934992199495,0.176896949515933,0.2150472091124323,0.2111927589693259
S_1425_S2_4_TEX_gap_010,GazeBaseVR,1425,S_1425_S2_4_TEX,3,144.0,pchip,pchip,0.0353843834525394,0.0353843834525394,0.0353843834525394,0.0,0.0,True,0.36589910195089925,0.4004130984238034,0.3054098124652055,0.2333422159933377,0.242794644209131,0.0842361980335941,0.21187111466847658,0.0353843834525394,0.3697336209954134,0.0508640152778759,0.34780252074414386,0.1637083721936367,0.26289608446224316,0.1330075458433414
S_1425_S2_4_TEX_gap_011,GazeBaseVR,1425,S_1425_S2_4_TEX,3,136.0,pchip,linear,0.0763638898270034,0.0763638898270034,0.0266686776874571,0.0,0.0496952121395463,False,0.2536649328011045,0.2938346253412386,0.20072429256632268,0.145027478172587,0.16251509341625922,0.0266686776874571,0.15198910301098326,0.0763638898270034,0.340014571181409,0.0906869137796781,0.2739029330895504,0.0457965292118823,0.2281754430184992,0.0635672245401783
S_1425_S2_4_TEX_gap_012,GazeBaseVR,1425,S_1425_S2_4_TEX,3,120.0,pchip,pchip,0.0189827554480367,0.0189827554480367,0.0189827554480367,0.0,0.0,True,0.3436408498086903,0.3269265939307153,0.26306872193448333,0.1967403625782447,0.2107040410442596,0.0256668172798576,0.1854721720897185,0.0189827554480367,0.24988122446647118,0.0377872522970442,0.2836615224040971,0.0349454583026761,0.2374641981551893,0.0293445081440107
S_1425_S2_4_TEX_gap_013,GazeBaseVR,1425,S_1425_S2_4_TEX,4,168.0,pchip,linear,0.324468997106472,0.324468997106472,0.2902659987299072,0.0,0.034202998376564764,False,0.620177439335097,0.7706043928723134,0.3759040758579221,0.4169325300239352,0.3172345023546339,0.2902659987299072,0.30011335823082946,0.324468997106472,0.328245484047548,0.31851948457615,0.3602819684842341,0.3082682868873838,0.33612084816628823,0.2913125171556006
S_1425_S2_4_TEX_gap_014,GazeBaseVR,1425,S_1425_S2_4_TEX,4,200.0,pchip,pchip,0.2590808963699024,0.2590808963699024,0.2590808963699024,0.0,0.0,True,0.600164208544734,0.4897488125040866,0.35111309138742797,0.3797018893176129,0.2934012983024422,0.2872642309980992,0.2737214281427939,0.2590808963699024,0.2800151734057796,0.2621176385815358,0.3167291701104179,0.2737418564869384,0.2911568277983566,0.2598524066841783
S_1425_S2_4_TEX_gap_015,GazeBaseVR,1425,S_1425_S2_4_TEX,4,172.0,pchip,local_natural_cubic_spline,0.0519738117655355,0.0519738117655355,0.0428264314518082,0.0,0.009147380313727298,False,0.2380186478736024,0.2027139725625709,0.1819438444829256,0.0908151171785964,0.14644168016969894,0.065565041572069,0.12968284074485228,0.0519738117655355,0.32899617828306466,0.0428264314518082,0.2889590077868144,0.0859907988592142,0.21337511018181624,0.0588705486946198
S_1425_S2_4_TEX_gap_016,GazeBaseVR,1425,S_1425_S2_4_TEX,4,172.0,pchip,pchip,0.0241183276047815,0.0241183276047815,0.0241183276047815,0.0,0.0,True,0.1124698206579345,0.088172780401779,0.092347615052245,0.0262501629467785,0.0752570708818736,0.032000602500659,0.06810463641174491,0.0241183276047815,0.22030625546006477,0.0294939835302454,0.2930276303050354,0.2490286055419983,0.22931334729803365,0.1419496889690927
S_1425_S2_4_TEX_gap_017,GazeBaseVR,1425,S_1425_S2_4_TEX,5,228.0,pchip,local_natural_cubic_spline,0.2061171662371895,0.2061171662371895,0.2045111355495494,0.0,0.0016060306876401198,False,0.605392912822295,0.5690113544389229,0.36293790230871176,0.2145707742522576,0.30389983840365276,0.2404166290145314,0.2764953295089557,0.2061171662371895,0.284143528588019,0.2045111355495494,0.33222615965498514,0.2607833196289073,0.3061562554324869,0.2330019601187639
S_1425_S2_4_TEX_gap_018,GazeBaseVR,1425,S_1425_S2_4_TEX,5,240.0,pchip,local_natural_cubic_spline,0.3479131451193694,0.3479131451193694,0.2755772443754952,0.0,0.07233590074387419,False,0.5784176368170805,0.938765829099062,0.40763246727913044,0.3902715449615679,0.3339527417673732,0.4164090182382367,0.3176195829355946,0.3479131451193694,0.33405309211586515,0.2755772443754952,0.35975150183374516,0.4322088733499176,0.34118172667565316,0.3868394834363495
S_1425_S2_4_TEX_gap_019,GazeBaseVR,1425,S_1425_S2_4_TEX,5,240.0,pchip,pchip,0.0890657190300902,0.0890657190300902,0.0890657190300902,0.0,0.0,True,0.3154321567531661,0.4137557885316754,0.2815406788007814,0.243757138166457,0.22162004592018417,0.1572480501642761,0.19820244537298834,0.0890657190300902,0.4051010270842555,0.2101387757935384,0.3453939260784146,0.4951937000237778,0.2416987724533426,0.298403119145317
S_1425_S2_4_TEX_gap_020,GazeBaseVR,1425,S_1425_S2_4_TEX,5,236.0,pchip,template,0.0704980808621475,0.0704980808621475,0.0542734693494615,0.0,0.016224611512685998,False,0.27444617592457865,0.2255427104135201,0.22283397473972305,0.1846599777681291,0.17720732018382607,0.0795319254648579,0.1576951710671323,0.0704980808621475,0.3778906535415484,0.0883912487665214,0.3221659389378372,0.0894137800009804,0.2382993147739757,0.0542734693494615
S_3284_S1_4_TEX_gap_001,GazeBaseVR,3284,S_3284_S1_4_TEX,1,40.0,linear,nearest_boundary,0.0087425795668141,0.0082917580212573,0.0075879707300539,-0.00045082154555679994,0.0011546088367601999,False,0.28121300255480725,0.0176218532447403,0.2289593108354915,0.0075879707300539,0.19633833378657745,0.0087425795668141,0.20199064579240342,0.0082917580212573,0.4633756361683881,0.0077277595022574,0.7983795916320483,0.0356782377420516,0.7256202025065369,0.055878993310802
S_3284_S1_4_TEX_gap_002,GazeBaseVR,3284,S_3284_S1_4_TEX,1,40.0,pchip,pchip,0.0076041380284035,0.0076041380284035,0.0076041380284035,0.0,0.0,True,0.1762221300649127,0.0758810827827967,0.13105819876115782,0.0346655340235938,0.10647287879081896,0.0179576519568889,0.09665908831821314,0.0076041380284035,0.1689411949341748,0.0659589828211419,0.23673359215976592,0.0615172245469644,0.19271231443564896,0.0973522661102647
S_3284_S1_4_TEX_gap_003,GazeBaseVR,3284,S_3284_S1_4_TEX,1,4.0,pchip,linear,0.0033466864169785,0.0033466864169785,0.0010023136740642,0.0,0.0023443727429143003,False,0.1654021082685102,0.011443081112234,0.12228095460275462,0.011443081112234,0.08113356732437507,0.0010023136740642,0.07324232475848882,0.0033466864169785,0.08383824075091124,0.0047795462635289,0.10746067081737166,0.0043162200388592,0.09706209398330849,0.0010023136740642
S_3284_S1_4_TEX_gap_004,GazeBaseVR,3284,S_3284_S1_4_TEX,1,16.0,pchip,forward_fill,0.8286177817314886,0.8286177817314886,0.4779809866747098,0.0,0.3506367950567788,False,0.31180356027231954,0.4779809866747098,0.24726815788919523,0.7030089609174114,0.19899143212108622,0.7123041345605838,0.19459929237188203,0.8286177817314886,0.2773893329075506,1.84927832757377,0.281668959857248,0.5124199559120978,0.2574704797079556,0.7150961780170901
S_3284_S1_4_TEX_gap_005,GazeBaseVR,3284,S_3284_S1_4_TEX,2,60.0,pchip,local_natural_cubic_spline,0.0371780370078963,0.0371780370078963,0.0101964190291058,0.0,0.0269816179787905,False,0.17375953215912893,0.0347788947917041,0.13964230831607552,0.0399033816522912,0.12030275996466151,0.0397444083432938,0.11567819779088648,0.0371780370078963,0.28520681699694544,0.0101964190291058,0.3035714769588956,0.0927823801016281,0.2616370557723941,0.0891871773763083
S_3284_S1_4_TEX_gap_006,GazeBaseVR,3284,S_3284_S1_4_TEX,2,60.0,pchip,local_natural_cubic_spline,1.117279604709861,1.117279604709861,1.1053388241515696,0.0,0.011940780558291397,False,0.32264137256953446,1.115181546072166,0.2517312319392036,1.119649552631258,0.21856108636299773,1.117267986768829,0.21804891163126186,1.117279604709861,0.5025751428116493,1.1053388241515696,0.8105848883807567,1.212660251693468,0.732572275692134,1.1329372372533075
S_3284_S1_4_TEX_gap_007,GazeBaseVR,3284,S_3284_S1_4_TEX,2,68.0,pchip,local_natural_cubic_spline,0.0238334489479775,0.0238334489479775,0.0206456244040701,0.0,0.003187824543907397,False,0.29538613077407494,0.0309152695187555,0.22942450289187277,0.0259543041021565,0.19771323767876192,0.0261075324632839,0.19619677340322153,0.0238334489479775,0.48492744104651336,0.0206456244040701,0.731777102966176,0.8991577781586036,0.648772181014698,0.500483664782596
S_3284_S1_4_TEX_gap_008,GazeBaseVR,3284,S_3284_S1_4_TEX,2,64.0,pchip,polyfit_bic,3.4212198513578516,3.4212198513578516,2.631671469454296,0.0,0.7895483819035554,False,1.189884853787771,3.6818043319516818,0.9195577209150515,3.507045044277109,0.8064755643750925,3.258426076136918,0.7735420391840939,3.4212198513578516,1.389678778488284,7.864142312463979,1.1714163925012377,2.631671469454296,1.0913186180066057,3.23363696720906
S_3284_S1_4_TEX_gap_009,GazeBaseVR,3284,S_3284_S1_4_TEX,3,108.0,pchip,local_natural_cubic_spline,0.8053833703062789,0.8053833703062789,0.307189583779505,0.0,0.49819378652677393,False,0.41045612471103277,1.1914001324235814,0.3174588152696126,0.9907270459636126,0.2669785693929062,0.9406176816938284,0.24858713246673936,0.8053833703062789,0.6264205768354126,0.307189583779505,0.5503565658347926,0.9926956613276136,0.48755768621417167,0.9694193788224366
S_3284_S1_4_TEX_gap_010,GazeBaseVR,3284,S_3284_S1_4_TEX,3,144.0,pchip,template,0.0834260194332422,0.0834260194332422,0.0609936334944755,0.0,0.022432385938766695,False,0.19198226701882287,0.2532038867026278,0.1762458982399022,0.1607689734169149,0.13992703363680367,0.1168991527003204,0.11600500221623745,0.0834260194332422,0.23080684220489786,0.0636438675628963,0.276977779012855,0.1491058533899587,0.18375203528355105,0.0609936334944755
S_3284_S1_4_TEX_gap_011,GazeBaseVR,3284,S_3284_S1_4_TEX,3,144.0,pchip,local_natural_cubic_spline,0.0074819374425626,0.0074819374425626,0.0058528615396147,0.0,0.0016290759029479003,False,0.07048277621028597,0.0119378838472933,0.05845976296425521,0.008461040883613,0.047685803982263505,0.0082012781817638,0.04240614009831015,0.0074819374425626,0.14718981844704004,0.0058528615396147,0.21150695342201595,0.1386328127147256,0.137218659423114,0.1294625400894004
S_3284_S1_4_TEX_gap_012,GazeBaseVR,3284,S_3284_S1_4_TEX,3,124.0,pchip,forward_fill,0.0708654419405435,0.0708654419405435,0.0372918442936487,0.0,0.033573597646894805,False,0.22190740026735664,0.0372918442936487,0.1778778297035613,0.0609504594295222,0.15376513486906204,0.0565612729562503,0.1479190612096169,0.0708654419405435,0.3285067871798756,0.1079106185861567,0.5274857774703275,0.8691443753175988,0.4485415195368388,0.6999073495239584
S_3284_S1_4_TEX_gap_013,GazeBaseVR,3284,S_3284_S1_4_TEX,4,192.0,pchip,forward_fill,0.2611275174080439,0.2611275174080439,0.1871662865243583,0.0,0.07396123088368561,False,0.4448534347951519,0.1871662865243583,0.34290233765014727,0.387203516845233,0.26940450706140173,0.2839916481411454,0.23507182335758245,0.2611275174080439,0.2851101592817252,0.2490454676000618,0.327018863286363,0.238820904520845,0.26987670164384037,0.2551408594825587
S_3284_S1_4_TEX_gap_014,GazeBaseVR,3284,S_3284_S1_4_TEX,4,200.0,pchip,pchip,0.0674530360589811,0.0674530360589811,0.0674530360589811,0.0,0.0,True,0.23975464934997806,0.1965226769337516,0.20679825922570896,0.1335315461937982,0.16498221356403242,0.1095720431922304,0.14670776779793918,0.0674530360589811,0.36997256715849375,0.3367762847995081,0.3103623317250689,0.4570000012824288,0.20806095734625274,0.2069552210442859
S_3284_S1_4_TEX_gap_015,GazeBaseVR,3284,S_3284_S1_4_TEX,4,184.0,pchip,pchip,0.0431668003464433,0.0431668003464433,0.0431668003464433,0.0,0.0,True,0.18746102422299127,0.178167864388084,0.1545854888023264,0.1164270177221006,0.1243132289692686,0.084849788241372,0.10564232859899027,0.0431668003464433,0.28026539079734486,0.3390717383831881,0.26093561680671473,0.390604731610584,0.16295243616615035,0.1752904759092471
S_3284_S1_4_TEX_gap_016,GazeBaseVR,3284,S_3284_S1_4_TEX,4,184.0,pchip,template,0.1769659761121708,0.1769659761121708,0.0989601962905445,0.0,0.07800577982162629,False,0.43422159316035774,0.5152101637209427,0.2865100911875604,0.2755659900182605,0.23500559860899656,0.1745231738601684,0.21729343030051948,0.1769659761121708,0.3474694697141162,0.1524381835833885,0.30664502949778816,0.1033121172186363,0.26151559461979856,0.0989601962905445
S_3284_S1_4_TEX_gap_017,GazeBaseVR,3284,S_3284_S1_4_TEX,5,224.0,pchip,local_natural_cubic_spline,0.3372843196877153,0.3372843196877153,0.31176408772397,0.0,0.025520231963745255,False,0.7418131252839146,0.8695386133969708,0.43223654005733697,0.4431355570472312,0.356470604490157,0.3462063279719712,0.346882745232772,0.3372843196877153,0.3697613559891705,0.31176408772397,0.415597851626361,0.4891203911988824,0.3968047602421427,0.3799855048130668
S_3284_S1_4_TEX_gap_018,GazeBaseVR,3284,S_3284_S1_4_TEX,5,248.0,pchip,forward_fill,0.3421645355481927,0.3421645355481927,0.1421994411928441,0.0,0.1999650943553486,False,0.5289129801984324,0.1421994411928441,0.35817919545793786,0.5628184155576786,0.2894726932433027,0.4476126031874984,0.2672520086687946,0.3421645355481927,0.2913153551716044,0.2652700194721607,0.3246745631833818,0.4097143524960782,0.29499947052456976,0.4114011380981314
S_3284_S1_4_TEX_gap_019,GazeBaseVR,3284,S_3284_S1_4_TEX,5,240.0,pchip,linear,0.0361130104069544,0.0361130104069544,0.0339070642057832,0.0,0.002205946201171205,False,0.12944039442705177,0.0846334309745259,0.09207076017531192,0.0506323213309676,0.07637810623122261,0.0339070642057832,0.07014959160658095,0.0361130104069544,0.15359253689432623,0.0352672831441887,0.23657305647742555,0.0760528483709755,0.16824218344007627,0.1412007750998742
S_3284_S1_4_TEX_gap_020,GazeBaseVR,3284,S_3284_S1_4_TEX,5,204.0,pchip,local_natural_cubic_spline,0.0498915075214699,0.0498915075214699,0.0480113714295055,0.0,0.001880136091964399,False,0.2224912929612036,0.2305344329987256,0.16837868302780243,0.1035801354512131,0.13720242353446954,0.0669803067889601,0.12626793557153898,0.0498915075214699,0.23343516247627974,0.0480113714295055,0.29333428447890647,0.1654655104708638,0.22582504404599454,0.1969218030823556
S_3284_S2_4_TEX_gap_001,GazeBaseVR,3284,S_3284_S2_4_TEX,1,4.0,pchip,local_natural_cubic_spline,0.0033418746410341,0.0033418746410341,0.0005732454489151,0.0,0.002768629192119,False,0.1089952244130863,0.0089401200056219,0.08190273777593743,0.0007966443569377,0.05177820341587805,0.0048683821812798,0.04108184605946907,0.0033418746410341,0.04882459429253076,0.0005732454489151,0.06095863816362042,0.0010683119468711,0.061079755932867144,0.0048683821812798
S_3284_S2_4_TEX_gap_002,GazeBaseVR,3284,S_3284_S2_4_TEX,1,20.0,pchip,linear,0.034797461606102,0.034797461606102,0.0123844740702084,0.0,0.022412987535893596,False,0.23567397002746301,0.1215671514644977,0.15096024116089096,0.0727643507139684,0.10625407804732719,0.0123844740702084,0.08413721933295458,0.034797461606102,0.098425330646363,0.0380244062499465,0.15661665414053128,0.0310756512678414,0.13978228499609238,0.01882598183038
S_3284_S2_4_TEX_gap_003,GazeBaseVR,3284,S_3284_S2_4_TEX,1,20.0,pchip,pchip,0.011602174474595,0.011602174474595,0.011602174474595,0.0,0.0,True,0.27259974070489457,0.0948604723972965,0.19309802907384502,0.0407123490707256,0.14278124444804235,0.011749581925774,0.13161127384592095,0.011602174474595,0.16628653323517373,0.0226830429490985,0.1951426651730063,0.0341862123735254,0.16984183641449657,0.0236020562028084
S_3284_S2_4_TEX_gap_004,GazeBaseVR,3284,S_3284_S2_4_TEX,1,24.0,pchip,polyfit_bic,0.0223740164943327,0.0223740164943327,0.0088205667124568,0.0,0.0135534497818759,False,0.5231341596186815,0.0290361948839578,0.40133807566032637,0.0320445984415259,0.3376910298908179,0.0212971070602957,0.32277391933396216,0.0223740164943327,0.5517698386672829,0.0207586631159076,0.5651817517775831,0.0088205667124568,0.5197500863415695,0.0240217522014321
S_3284_S2_4_TEX_gap_005,GazeBaseVR,3284,S_3284_S2_4_TEX,2,80.0,pchip,pchip,0.2241518283244736,0.2241518283244736,0.2241518283244736,0.0,0.0,True,0.6741832133221037,0.778368757874636,0.40246912035401405,0.3194395382450082,0.33138117974315173,0.2557674047111975,0.30932033372635503,0.2241518283244736,0.31105549287168643,0.2303683962168138,0.35701617640047106,0.2955846940766478,0.33560187781468265,0.2680736940281155
S_3284_S2_4_TEX_gap_006,GazeBaseVR,3284,S_3284_S2_4_TEX,2,92.0,pchip,local_natural_cubic_spline,0.5032722897661143,0.5032722897661143,0.4935836154029331,0.0,0.00968867436318116,False,0.7459594289145156,1.627735033785315,0.5751870603942602,0.8022462611216218,0.49263958539968483,0.6685058451771762,0.4669022330044627,0.5032722897661143,0.8405630144880011,0.4935836154029331,0.7992923824071196,1.0713760378200723,0.74324484602008,1.3214825944629875
S_3284_S2_4_TEX_gap_007,GazeBaseVR,3284,S_3284_S2_4_TEX,2,76.0,pchip,local_natural_cubic_spline,0.0369024710322256,0.0369024710322256,0.0128224431454458,0.0,0.024080027886779803,False,0.28648707796748424,0.0457648421521468,0.2092459599812228,0.0416284968042546,0.17590454031729594,0.0401452552445832,0.17552607630194517,0.0369024710322256,0.3675790091168693,0.0128224431454458,0.7856805265973174,0.3365019496638026,0.6910827048721644,0.266327695641032
S_3284_S2_4_TEX_gap_008,GazeBaseVR,3284,S_3284_S2_4_TEX,2,96.0,pchip,forward_fill,0.0515715316211935,0.0515715316211935,0.015470855472829,0.0,0.0361006761483645,False,0.12550267598644746,0.015470855472829,0.12477138771841176,0.103637792370359,0.09937027734801973,0.079347280477455,0.08073071653703087,0.0515715316211935,0.20154722068847344,0.6487243994035602,0.2788118553298541,0.3527926957899222,0.18347067296393738,0.1682780884166324
S_3284_S2_4_TEX_gap_009,GazeBaseVR,3284,S_3284_S2_4_TEX,3,132.0,pchip,pchip,0.0152409675408302,0.0152409675408302,0.0152409675408302,0.0,0.0,True,0.0627976589279104,0.0427272810929357,0.047896540870199004,0.0299205493778402,0.04004631839692774,0.0235416054945679,0.03466237571393824,0.0152409675408302,0.09042733433611465,0.0212153214508709,0.17521307714217266,0.1320584908488235,0.1219838625632067,0.136528442350939
S_3284_S2_4_TEX_gap_010,GazeBaseVR,3284,S_3284_S2_4_TEX,3,112.0,pchip,local_natural_cubic_spline,0.1934469330130619,0.1934469330130619,0.162342926894116,0.0,0.0311040061189459,False,0.3850173222341224,0.3082117028659451,0.264834518414619,0.267313432284465,0.21577389600162647,0.1720848337284698,0.20020072712571507,0.1934469330130619,0.2851663221545866,0.162342926894116,0.28816297974806293,0.2266202020011764,0.25006943759189243,0.2453993241605796
S_3284_S2_4_TEX_gap_011,GazeBaseVR,3284,S_3284_S2_4_TEX,3,120.0,pchip,pchip,0.0944149782879522,0.0944149782879522,0.0944149782879522,0.0,0.0,True,0.2495381992846282,0.3756962637310917,0.23562947933486478,0.2402219417703648,0.1852463671527729,0.1859928989987499,0.16216457520080638,0.0944149782879522,0.3752125728486347,1.0318018451656168,0.31337407961344693,0.455051317284899,0.20927407658890476,0.2682995699469364
S_3284_S2_4_TEX_gap_012,GazeBaseVR,3284,S_3284_S2_4_TEX,3,128.0,pchip,local_natural_cubic_spline,0.0060016812103365,0.0060016812103365,0.0044097432478878,0.0,0.0015919379624486996,False,0.08463585469524115,0.0114278592894876,0.06602344581840411,0.0081092054265678,0.05414900715038099,0.0067203075291708,0.05030367214555978,0.0060016812103365,0.09940343098626013,0.0044097432478878,0.2174662770825888,0.1079741560445542,0.1873862552128909,0.1253260389423382
S_3284_S2_4_TEX_gap_013,GazeBaseVR,3284,S_3284_S2_4_TEX,4,196.0,pchip,linear,0.0371266766277777,0.0371266766277777,0.0253947659384443,0.0,0.011731910689333401,False,0.35778187801020556,0.0333980720942544,0.25078882216566567,0.0356990886159641,0.2228407419829704,0.0253947659384443,0.2110261029681327,0.0371266766277777,0.41265762325599886,0.0641720524013448,0.8847500074325636,1.0925315502633155,0.7497567558053553,0.573197177028446
S_3284_S2_4_TEX_gap_014,GazeBaseVR,3284,S_3284_S2_4_TEX,4,164.0,pchip,local_natural_cubic_spline,0.0172881984098528,0.0172881984098528,0.0149259466719597,0.0,0.0023622517378930983,False,0.07452610866504714,0.0664918596675098,0.05785654096551922,0.042946588309136,0.04859367342176665,0.0289165690009869,0.04243537779060752,0.0172881984098528,0.12314874905924186,0.0149259466719597,0.19890899121254782,0.1775084455714743,0.12805458689843363,0.1392947371731265
S_3284_S2_4_TEX_gap_015,GazeBaseVR,3284,S_3284_S2_4_TEX,4,188.0,pchip,linear,0.1543206915117078,0.1543206915117078,0.1299864100377225,0.0,0.02433428147398531,False,0.3680350398699075,0.1785817245084907,0.2924751660069965,0.1497330735834871,0.25858740463016,0.1299864100377225,0.2527041175513168,0.1543206915117078,0.6141204707160981,2.7023766496647004,1.052228204907831,1.4329851124083186,0.9615059266932033,1.3448524348492163
S_3284_S2_4_TEX_gap_016,GazeBaseVR,3284,S_3284_S2_4_TEX,4,184.0,pchip,pchip,0.1381953508878484,0.1381953508878484,0.1381953508878484,0.0,0.0,True,0.5283012510791917,0.6251281192646863,0.42489329234862977,0.1857041196412538,0.33975799075098934,0.1870137306802718,0.32378307360359243,0.1381953508878484,0.4788644331284793,0.2536469627859508,0.40751863621507156,0.2478475567148431,0.3963535553144486,0.196821877502398
S_3284_S2_4_TEX_gap_017,GazeBaseVR,3284,S_3284_S2_4_TEX,5,220.0,pchip,template,0.0875424804356645,0.0875424804356645,0.0326810339924435,0.0,0.054861446443220996,False,0.25002832232506056,0.1662362216613988,0.1817755809581951,0.1504718966271697,0.14990987230496416,0.1136444447134869,0.13940368986542698,0.0875424804356645,0.25416977104548244,0.0563068410286305,0.24333530387691205,0.0824325725444303,0.1836341812705097,0.0326810339924435
S_3284_S2_4_TEX_gap_018,GazeBaseVR,3284,S_3284_S2_4_TEX,5,208.0,pchip,pchip,0.2490899062776609,0.2490899062776609,0.2490899062776609,0.0,0.0,True,0.614098254839406,0.7789063086600269,0.40008041023829344,0.318974567891942,0.3283181190067442,0.2781476869409032,0.3157872595968303,0.2490899062776609,0.47978581937595055,0.2502623399546884,0.515805992484951,0.5814723373835273,0.497138427114373,0.3073948733691621
S_3284_S2_4_TEX_gap_019,GazeBaseVR,3284,S_3284_S2_4_TEX,5,244.0,pchip,polyfit_bic,0.3783927092480585,0.3783927092480585,0.344991773246351,0.0,0.033400936001707515,False,0.557615923996948,0.7501539113500457,0.3699425355355093,0.4834356163101652,0.3037298013780694,0.359521855475256,0.2751669513153346,0.3783927092480585,0.29449481391667287,0.3788017655283486,0.34163967876755763,0.344991773246351,0.30993681453460487,0.4001150819014741
S_3284_S2_4_TEX_gap_020,GazeBaseVR,3284,S_3284_S2_4_TEX,5,220.0,pchip,forward_fill,0.1833436865131167,0.1833436865131167,0.0495158382693412,0.0,0.1338278482437755,False,0.24538440449568505,0.0495158382693412,0.21470647328749465,0.3372571799343685,0.1714053256958466,0.2682986782465367,0.15564744290920607,0.1833436865131167,0.3805520034404451,0.4121314863339106,0.38108118415298897,0.7065900810800089,0.29609345907749185,0.4531132692732685
S_3348_S1_4_TEX_gap_001,GazeBaseVR,3348,S_3348_S1_4_TEX,1,32.0,pchip,polyfit_bic,0.0081634096629326,0.0081634096629326,0.0042926877252302,0.0,0.0038707219377024,False,0.4004647396634073,0.0297807484320384,0.277115607099518,0.0131856113482816,0.20488739772633996,0.0067050799722867,0.19973811849895398,0.0081634096629326,0.2733941822673694,0.0075569593878131,0.26266917444272114,0.0042926877252302,0.23133084081053254,0.005834613631127
S_3348_S1_4_TEX_gap_002,GazeBaseVR,3348,S_3348_S1_4_TEX,1,4.0,pchip,nearest_boundary,0.0019932902232482,0.0019932902232482,8.091007654074382e-05,0.0,0.001912380146707456,False,0.12165648390205669,0.0040455038270458,0.08614351236633322,8.091007654074382e-05,0.05363935610192057,0.0020632069517932,0.04058144244853014,0.0019932902232482,0.056787385766454056,0.0046093539445934,0.07083509559204385,0.0044182253265971,0.06801505062685581,0.0020632069517932
S_3348_S1_4_TEX_gap_003,GazeBaseVR,3348,S_3348_S1_4_TEX,1,40.0,pchip,pchip,0.0129636817858711,0.0129636817858711,0.0129636817858711,0.0,0.0,True,0.20096208845124397,0.0601054602820254,0.1745219691720059,0.0519281834193337,0.13363661177540836,0.0180424225876243,0.1128198832821954,0.0129636817858711,0.17463489175126323,0.0238367001787701,0.20134823828497858,0.0217431115298047,0.1748252307920082,0.0241753762302969
S_3348_S1_4_TEX_gap_004,GazeBaseVR,3348,S_3348_S1_4_TEX,1,24.0,pchip,pchip,0.0044171016388229,0.0044171016388229,0.0044171016388229,0.0,0.0,True,0.2308931059545955,0.0228254081219925,0.15769387448212682,0.0206465195545696,0.11028065117123025,0.0110347990648429,0.10032538227050457,0.0044171016388229,0.12454573542597397,0.0092934602605874,0.15449521126299617,0.009439730387982,0.13572633697474346,0.0134662268733399
S_3348_S1_4_TEX_gap_005,GazeBaseVR,3348,S_3348_S1_4_TEX,2,84.0,pchip,local_natural_cubic_spline,0.0774752647777546,0.0774752647777546,0.0214219123213744,0.0,0.0560533524563802,False,0.2408957457618807,0.18164203634251,0.191741655415181,0.1266531821277343,0.16358272518938213,0.0988785628735361,0.15584013874292557,0.0774752647777546,0.33137422414601525,0.0214219123213744,0.4282640318095571,0.3808534214524877,0.3696461310183787,0.196606964199844
S_3348_S1_4_TEX_gap_006,GazeBaseVR,3348,S_3348_S1_4_TEX,2,96.0,local_natural_cubic_spline,local_natural_cubic_spline,0.2480848269083766,0.2854260541296147,0.2480848269083766,0.03734122722123809,0.0,True,0.5137914162606428,0.265326551791569,0.39453184717924644,0.4893552970342079,0.31529643130925544,0.3599697759687894,0.27693999669542657,0.2854260541296147,0.27434442199565834,0.2480848269083766,0.3460742067589886,0.3778381401160938,0.32031190779304075,0.3696709671965119
S_3348_S1_4_TEX_gap_007,GazeBaseVR,3348,S_3348_S1_4_TEX,2,80.0,pchip,local_natural_cubic_spline,0.0161963660772299,0.0161963660772299,0.0131818804536685,0.0,0.0030144856235613995,False,0.4356386778990832,0.0532455095313898,0.3468774030572551,0.0375512036575623,0.3040863181043716,0.0201505195616115,0.29648146240283396,0.0161963660772299,0.694331643134821,0.0131818804536685,0.5662120959617634,0.0598835288152862,0.5262552981015317,0.06726064068408
S_3348_S1_4_TEX_gap_008,GazeBaseVR,3348,S_3348_S1_4_TEX,2,80.0,linear,forward_fill,0.0193449085297881,0.0167533331010262,0.0149504161533816,-0.0025915754287618997,0.0043944923764064996,False,0.23238377663466395,0.0149504161533816,0.19835755381606096,0.0189283855294982,0.1697108955802878,0.0193449085297881,0.17533975737331275,0.0167533331010262,0.4176017391414387,0.0216270212586055,0.9171331116093242,0.0324023939664701,0.8396880266002512,0.0668747659286876
S_3348_S1_4_TEX_gap_009,GazeBaseVR,3348,S_3348_S1_4_TEX,3,124.0,local_natural_cubic_spline,local_natural_cubic_spline,0.1541961001250908,0.172578426825057,0.1541961001250908,0.0183823266999662,0.0,True,0.6205164318630487,0.6404052438094369,0.3792041766763156,0.3293940037939548,0.31192289812385143,0.1724278398449865,0.28446961849885233,0.172578426825057,0.2840554002271887,0.1541961001250908,0.3399309377303332,0.1935391994853872,0.31551250089916855,0.1711658870669895
S_3348_S1_4_TEX_gap_010,GazeBaseVR,3348,S_3348_S1_4_TEX,3,112.0,pchip,local_natural_cubic_spline,0.0114423096157912,0.0114423096157912,0.0097750121213605,0.0,0.0016672974944307011,False,0.6255648688594686,0.0188192414758841,0.49294220644034625,0.0156593068054055,0.4313208068355931,0.0159591553912715,0.41391413588768555,0.0114423096157912,0.7236933848726721,0.0097750121213605,2.390800364129599,0.5855156250758567,2.180745451900214,0.4281041722212836
S_3348_S1_4_TEX_gap_011,GazeBaseVR,3348,S_3348_S1_4_TEX,3,108.0,local_natural_cubic_spline,linear,0.3788816357354278,0.3811645744252937,0.3689476225213494,0.0022829386898658988,0.009934013214078441,False,0.731332680424248,0.8664898793046213,0.4181439165459465,0.5254968694545317,0.32328041038522953,0.3689476225213494,0.30528723641857436,0.3811645744252937,0.3033796496451912,0.3788816357354278,0.3466736781591527,0.3770163522597672,0.32664969530903853,0.3715411450952417
S_3348_S1_4_TEX_gap_012,GazeBaseVR,3348,S_3348_S1_4_TEX,3,104.0,pchip,forward_fill,0.1649214493516878,0.1649214493516878,0.1339105615508498,0.0,0.031010887800837994,False,0.173618074610675,0.1339105615508498,0.1438527598592321,0.1961032872026826,0.12182218145549253,0.1888326539028533,0.11709282916703831,0.1649214493516878,0.3098814668954768,0.5821417906934389,0.33676109408141564,0.5500116772790405,0.28246357923003534,0.4109728819166763
S_3348_S1_4_TEX_gap_013,GazeBaseVR,3348,S_3348_S1_4_TEX,4,156.0,pchip,local_natural_cubic_spline,0.1261664510614761,0.1261664510614761,0.111315045960778,0.0,0.014851405100698087,False,0.26003540685550164,0.3797639198078361,0.22279850444307478,0.2415725621399541,0.17660053123484482,0.1865558425525758,0.1430643315467129,0.1261664510614761,0.2776976428254909,0.111315045960778,0.30576196673324585,0.3157906266864306,0.2098937381510873,0.2377444102980102
S_3348_S1_4_TEX_gap_014,GazeBaseVR,3348,S_3348_S1_4_TEX,4,164.0,pchip,local_natural_cubic_spline,0.1619771648182519,0.1619771648182519,0.0804610824143384,0.0,0.08151608240391349,False,0.3495336263740114,0.1340575832881862,0.25721619910735394,0.313639272887623,0.2048568959055947,0.2422968253693888,0.17062854414779058,0.1619771648182519,0.2263914117364446,0.0804610824143384,0.30007249950228404,0.3630916661461227,0.2316075625674148,0.3049560175033288
S_3348_S1_4_TEX_gap_015,GazeBaseVR,3348,S_3348_S1_4_TEX,4,196.0,pchip,template,0.186285066126754,0.186285066126754,0.1586431921344235,0.0,0.027641873992330507,False,0.25766930424827533,0.4288187037103325,0.18235243942753623,0.2383627256955809,0.1525401738503852,0.1781196807163029,0.14063127217809526,0.186285066126754,0.23084780885079303,0.1850115051131245,0.3361753001045442,0.2374061754678298,0.28020223174282377,0.1586431921344235
S_3348_S1_4_TEX_gap_016,GazeBaseVR,3348,S_3348_S1_4_TEX,4,172.0,pchip,template,0.3937701704752729,0.3937701704752729,0.1556645027863056,0.0,0.23810566768896732,False,0.6422259162480067,0.9346933013127334,0.4423044576051743,0.53588688076182,0.35877039898615315,0.3864794089694257,0.34680861876501823,0.3937701704752729,0.46909811731331585,0.3981682782935651,0.4850106555054201,0.2659719036359171,0.47773603424160455,0.1556645027863056
S_3348_S1_4_TEX_gap_017,GazeBaseVR,3348,S_3348_S1_4_TEX,5,224.0,pchip,pchip,0.0240356644249894,0.0240356644249894,0.0240356644249894,0.0,0.0,True,0.16875191354704705,0.0919784218687356,0.1411296000368839,0.0576287028555976,0.11357024633185224,0.0455441039670227,0.10185662065389656,0.0240356644249894,0.28130965622668797,0.1631927476869255,0.2954664153095921,0.3542908317723353,0.1993755355310714,0.1351683526812653
S_3348_S1_4_TEX_gap_018,GazeBaseVR,3348,S_3348_S1_4_TEX,5,240.0,pchip,nearest_boundary,0.4035178395761369,0.4035178395761369,0.3232675561908279,0.0,0.08025028338530898,False,0.8269196831026404,1.4209352574106098,0.572224926646435,0.3232675561908279,0.46913679398123453,0.5076995895555467,0.4568674491866541,0.4035178395761369,0.7004933347849314,0.3979029866186949,0.573627358487143,0.963104687359712,0.5652035586245858,0.76194226367083
S_3348_S1_4_TEX_gap_019,GazeBaseVR,3348,S_3348_S1_4_TEX,5,208.0,pchip,pchip,0.2471691194265146,0.2471691194265146,0.2471691194265146,0.0,0.0,True,0.4811000094546089,0.5453025749641172,0.4081309491159332,0.2868467401544202,0.3248005744712842,0.2584376224874635,0.30075171213589824,0.2471691194265146,0.42795134505555477,0.2654900653146919,0.4167971944478763,0.4450429914925976,0.384242056816582,0.3502840926282769
S_3348_S1_4_TEX_gap_020,GazeBaseVR,3348,S_3348_S1_4_TEX,5,232.0,pchip,local_natural_cubic_spline,0.1958888413494005,0.1958888413494005,0.0744438349533968,0.0,0.12144500639600368,False,0.3982207767256479,0.1503183864447107,0.31461345865124146,0.3860271012466901,0.24777396361991724,0.2941706092958367,0.22026051223014764,0.1958888413494005,0.3688612442115954,0.0744438349533968,0.32810200704375075,0.4091707640741455,0.2530879759726868,0.3301986079003671
S_3348_S2_4_TEX_gap_001,GazeBaseVR,3348,S_3348_S2_4_TEX,1,16.0,pchip,pchip,0.0288102594605355,0.0288102594605355,0.0288102594605355,0.0,0.0,True,0.2849050622071868,0.2116505497535,0.20906657336587386,0.1217681917032402,0.15654283528260923,0.0640639736553543,0.14468385689996788,0.0288102594605355,0.22310947101147247,0.0430813154938802,0.2391908504764588,0.0392423335631136,0.2045991171411287,0.0623136740574141
S_3348_S2_4_TEX_gap_002,GazeBaseVR,3348,S_3348_S2_4_TEX,1,48.0,pchip,local_natural_cubic_spline,0.0309918438015946,0.0309918438015946,0.0268308978218343,0.0,0.0041609459797603,False,0.13585937957352004,0.0717075571708764,0.10483683247472632,0.0402767445880189,0.0869683324761813,0.0393262311457674,0.07907868522542677,0.0309918438015946,0.18637966265185565,0.0268308978218343,0.25136782874271923,0.102544566170574,0.18485234184959728,0.1161501436489242
S_3348_S2_4_TEX_gap_003,GazeBaseVR,3348,S_3348_S2_4_TEX,1,4.0,pchip,forward_fill,0.008056128591045,0.008056128591045,0.001109387964528,0.0,0.0069467406265170005,False,0.2003717140658033,0.001109387964528,0.15130901344593226,0.0146069415329451,0.09882841548966662,0.0078581647487365,0.08381014631979321,0.008056128591045,0.09850126817502274,0.008209620838233,0.12728251916468453,0.0081758095587886,0.1175418622434384,0.0078581647487365
S_3348_S2_4_TEX_gap_004,GazeBaseVR,3348,S_3348_S2_4_TEX,1,4.0,pchip,local_natural_cubic_spline,0.0013480196608124,0.0013480196608124,0.0009447081697364,0.0,0.000403311491076,False,0.1452151982825335,0.0396009443302104,0.09966080998275789,0.0500319623006392,0.061197977513177945,0.0052155089852152,0.053833771856845666,0.0013480196608124,0.0597785066696364,0.0009447081697364,0.07806112187714513,0.0014546842815579,0.07166386951258351,0.0052155089852152
S_3348_S2_4_TEX_gap_005,GazeBaseVR,3348,S_3348_S2_4_TEX,2,52.0,pchip,linear,0.1690718961153868,0.1690718961153868,0.1608693568524177,0.0,0.0082025392629691,False,0.23301673974595985,0.2255192278558719,0.18482504530339944,0.1969271145978444,0.15065602093818714,0.1608693568524177,0.1494662388210886,0.1690718961153868,0.3022595274742294,0.7167992362550554,1.3816682866805055,1.0321097197913645,0.9959430926610244,0.8411060132750224
S_3348_S2_4_TEX_gap_006,GazeBaseVR,3348,S_3348_S2_4_TEX,2,64.0,local_natural_cubic_spline,nearest_boundary,0.1486991908533609,0.1487072975832789,0.1465113108059746,8.106729918022637e-06,0.0021878800473862925,False,0.6831022932198055,0.650172791119455,0.39754824898065244,0.1465113108059746,0.32076287618196375,0.1975308887193082,0.29411891525484707,0.1487072975832789,0.2935196621127965,0.1486991908533609,0.34472929757614346,0.2334755755548511,0.32339224688230933,0.1992575495535356
S_3348_S2_4_TEX_gap_007,GazeBaseVR,3348,S_3348_S2_4_TEX,2,56.0,pchip,local_natural_cubic_spline,0.1493372247511107,0.1493372247511107,0.1461084871396684,0.0,0.003228737611442295,False,0.5983987033346156,0.6664450376090314,0.38128239578981765,0.2329337338779606,0.31135697817955177,0.1681467666789901,0.28295966510971826,0.1493372247511107,0.2938312104574355,0.1461084871396684,0.3386465678153041,0.1988089367374967,0.3164572846275624,0.1665889145767926
S_3348_S2_4_TEX_gap_008,GazeBaseVR,3348,S_3348_S2_4_TEX,2,96.0,pchip,forward_fill,0.0335404028285715,0.0335404028285715,0.0196314315271428,0.0,0.0139089713014287,False,0.1765213699603043,0.0196314315271428,0.1453416260446705,0.0730264207583677,0.12023759377210952,0.0581715795365402,0.1072467073050907,0.0335404028285715,0.25094970931045363,0.1542182929430559,0.24148508215544748,0.1443332568210701,0.19166287946626212,0.0940878802603235
S_3348_S2_4_TEX_gap_009,GazeBaseVR,3348,S_3348_S2_4_TEX,3,144.0,pchip,local_natural_cubic_spline,0.2725700151509592,0.2725700151509592,0.2723654668832974,0.0,0.00020454826766180823,False,0.6662455039563572,0.7968820695868923,0.4199456925757936,0.3510013605199703,0.34188580845540223,0.3006335638960856,0.32186720673063896,0.2725700151509592,0.34488834908727894,0.2723654668832974,0.395251510610697,0.3802731443038373,0.3825241591579417,0.4243193303439727
S_3348_S2_4_TEX_gap_010,GazeBaseVR,3348,S_3348_S2_4_TEX,3,112.0,pchip,pchip,0.2883220080414953,0.2883220080414953,0.2883220080414953,0.0,0.0,True,0.5663061252490421,0.773157838058841,0.3807295951614675,0.3905040498448605,0.30772576703124255,0.2966811923000089,0.29092414740465883,0.2883220080414953,0.34795597290582664,0.2928569480020575,0.38259219158186225,0.4469048954189705,0.37353829202793354,0.4434121413419944
S_3348_S2_4_TEX_gap_011,GazeBaseVR,3348,S_3348_S2_4_TEX,3,116.0,pchip,pchip,0.2289680447405084,0.2289680447405084,0.2289680447405084,0.0,0.0,True,0.6265309441570942,0.5703553018331811,0.36118649584786355,0.2939094125428929,0.301937695740628,0.2684106165235253,0.2818236939265558,0.2289680447405084,0.2868593029258378,0.2314463225147891,0.33157212937697716,0.2714335616918729,0.3066014831249228,0.2431411858004487
S_3348_S2_4_TEX_gap_012,GazeBaseVR,3348,S_3348_S2_4_TEX,3,140.0,pchip,forward_fill,0.0106883833510056,0.0106883833510056,0.0058906241472281,0.0,0.0047977592037775005,False,0.18694074118449308,0.0058906241472281,0.143517198503361,0.0156308427890474,0.12380834814258511,0.0132138856524792,0.11799201881902992,0.0106883833510056,0.2674293573350346,0.0149096396007757,0.5596984973216084,0.7324872957053965,0.44657035334425293,0.3715982542924559
S_3348_S2_4_TEX_gap_013,GazeBaseVR,3348,S_3348_S2_4_TEX,4,192.0,pchip,forward_fill,0.368635789950847,0.368635789950847,0.2139786798270797,0.0,0.15465711012376732,False,0.5173313763517355,0.2139786798270797,0.3931445099672263,0.4296299579170335,0.34696098019670074,0.3344793266669323,0.33286947290147134,0.368635789950847,0.7392827226862886,0.3569781014112039,1.188553369071884,1.0017884175926228,0.9800561788293335,0.541347761207695
S_3348_S2_4_TEX_gap_014,GazeBaseVR,3348,S_3348_S2_4_TEX,4,168.0,pchip,template,0.3115241653796938,0.3115241653796938,0.2674769930853632,0.0,0.04404717229433058,False,0.5390481963953492,0.4331890998311501,0.4134785273035197,0.4839605755242682,0.3268603371036275,0.3572246702695422,0.3065809289849375,0.3115241653796938,0.32784206218160195,0.3125924263387591,0.3489445105831491,0.3068153690153653,0.3322852048642259,0.2674769930853632
S_3348_S2_4_TEX_gap_015,GazeBaseVR,3348,S_3348_S2_4_TEX,4,180.0,pchip,polyfit_bic,0.1036791104373411,0.1036791104373411,0.0931607489700745,0.0,0.010518361467266604,False,0.2295542687563654,0.1454793881028002,0.18431897289413723,0.1487026716641115,0.14837937484479463,0.1104379095599574,0.13080050915814403,0.1036791104373411,0.2791475947282151,0.097228993110363,0.2989553185210526,0.0931607489700745,0.2272645463811112,0.1059493792200106
S_3348_S2_4_TEX_gap_016,GazeBaseVR,3348,S_3348_S2_4_TEX,4,160.0,pchip,local_natural_cubic_spline,0.253827469016496,0.253827469016496,0.2511167163488826,0.0,0.002710752667613392,False,0.6595204126428009,0.7606711140513344,0.3656341780620104,0.3552616155939334,0.31261702536406444,0.2672530149402932,0.2869470222465534,0.253827469016496,0.3290754452999628,0.2511167163488826,0.3573515057051103,0.2972568787961518,0.3210870987303294,0.2697088778707848
S_3348_S2_4_TEX_gap_017,GazeBaseVR,3348,S_3348_S2_4_TEX,5,204.0,pchip,pchip,0.2781823035942923,0.2781823035942923,0.2781823035942923,0.0,0.0,True,0.7136703163688256,0.8347536078473851,0.46810258576237246,0.3626164748095636,0.4037297848109113,0.3002838472256526,0.37774066021838826,0.2781823035942923,0.6958102935322144,0.2787639866697634,0.9571020134963588,0.8779676487361651,0.8658065877653844,0.514126622440394
S_3348_S2_4_TEX_gap_018,GazeBaseVR,3348,S_3348_S2_4_TEX,5,244.0,pchip,pchip,0.2517179045107348,0.2517179045107348,0.2517179045107348,0.0,0.0,True,0.6815589097798529,0.7933941592130801,0.3993594242080835,0.3429344730432261,0.3291556330876801,0.2829115688412402,0.3170497118881117,0.2517179045107348,0.32941722735035717,0.2551913980396788,0.3608094855791339,0.3237311093015414,0.33788678370279046,0.2583608086178921
S_3348_S2_4_TEX_gap_019,GazeBaseVR,3348,S_3348_S2_4_TEX,5,236.0,pchip,nearest_boundary,0.2515492766011961,0.2515492766011961,0.1801483452101664,0.0,0.07140093139102968,False,0.6640174528732242,0.8825017040949678,0.45861007899610073,0.1801483452101664,0.3690684287074004,0.3124920951747791,0.365772660616521,0.2515492766011961,0.40561550188161277,0.2502575064142608,0.39405437164817253,0.365330729592653,0.3812786094636749,0.4172127727099018
S_3348_S2_4_TEX_gap_020,GazeBaseVR,3348,S_3348_S2_4_TEX,5,228.0,pchip,pchip,0.0227482979620866,0.0227482979620866,0.0227482979620866,0.0,0.0,True,0.16728171797065838,0.0736914843772491,0.13632973933849077,0.0487513543360845,0.11081396603187896,0.0270222524137777,0.10324892743669578,0.0227482979620866,0.33850792524979917,0.2970900128095547,0.29961700330544255,0.2259223620519044,0.21261403700090192,0.0953874930906494
05_trial_045_gap_001,Pedrotti,05,05_trial_045,3,148.0,pchip,linear,0.2710014568064705,0.2710014568064705,0.2388711684296607,0.0,0.032130288376809785,False,0.2618110239992257,0.2565831195936909,0.22940280917108916,0.2459934047940941,0.19307890200868258,0.2388711684296607,0.17714748874802255,0.2710014568064705,0.32001730888556706,0.377525203941174,1.3059985081575456,1.4502931661320522,1.197494484904373,4.106032371362358
05_trial_019_gap_001,Pedrotti,05,05_trial_019,2,89.0,pchip,local_natural_cubic_spline,0.3777494515899884,0.3777494515899884,0.3567409617141327,0.0,0.021008489875855685,False,0.6108975984636457,0.3997942690313668,0.37038291934848133,0.5138449846030072,0.31144119074790294,0.3875815494551277,0.2866130715492554,0.3777494515899884,0.3073918350485934,0.3567409617141327,0.34725642219448183,0.3970602937229179,0.32828330136558254,0.3891615045014362
05_trial_030_gap_001,Pedrotti,05,05_trial_030,5,228.0,pchip,nearest_boundary,1.1166457253985038,1.1166457253985038,0.5204796174567315,0.0,0.5961661079417723,False,1.0352022599227473,3.3582193297099905,0.9292784741358707,0.5204796174567315,0.7633572607338752,1.3422888347804172,0.7244459497083074,1.1166457253985038,0.9964505663141076,1.1228366795357283,0.9900258962371344,1.9235395730598897,0.972314752581108,1.254983812497116
05_trial_008_gap_001,Pedrotti,05,05_trial_008,1,20.0,linear,pchip,0.0971220593573686,0.0747568223514219,0.0747568223514219,-0.022365237005946698,0.022365237005946698,False,0.11316942171948324,0.3475906677080497,0.09587497861929022,0.2503097082584883,0.07798842176119092,0.0971220593573686,0.07982260244624648,0.0747568223514219,0.14410350058425855,0.2113744829382761,0.08505583195025582,0.1119936145667231,0.08982522812470106,0.1155287395902436
05_trial_007_gap_001,Pedrotti,05,05_trial_007,3,135.0,pchip,pchip,0.2559835313348772,0.2559835313348772,0.2559835313348772,0.0,0.0,True,0.6837406006113835,0.8107907260542652,0.4017636995668374,0.4265038713894428,0.3338814353942821,0.3055439562716101,0.31381260097482605,0.2559835313348772,0.3276230780079063,0.2560237341474518,0.3621303718930444,0.3355858655264573,0.3428897820668841,0.3147870972750591
05_trial_048_gap_001,Pedrotti,05,05_trial_048,5,224.0,pchip,nearest_boundary,0.2058562066521519,0.2058562066521519,0.1446479697095065,0.0,0.061208236942645405,False,0.7187001562732566,0.7109311536129851,0.41985176131950225,0.1446479697095065,0.3469917536149214,0.2526778601654189,0.3337356454803383,0.2058562066521519,0.3500876617133206,0.2205212664559937,0.39683678015816354,0.2307967086149995,0.3859116405078172,0.4691900342571448
05_trial_037_gap_001,Pedrotti,05,05_trial_037,2,60.0,pchip,linear,0.4785278664173927,0.4785278664173927,0.4728691217551509,0.0,0.00565874466224181,False,0.13257014604490064,0.5569268512941074,0.10927492755847712,0.4965165766819872,0.09036192429661322,0.4728691217551509,0.08297247991645497,0.4785278664173927,0.1565806429412216,0.8028748014724578,0.2376318997017389,0.8535130535274397,0.2147021691024114,0.7218124650976315
05_trial_012_gap_001,Pedrotti,05,05_trial_012,1,1.0,pchip,local_natural_cubic_spline,0.0303030303030027,0.0303030303030027,0.0303030303029338,0.0,6.889974701884682e-14,False,0.06526318436904069,0.1212121212121487,0.052589208606506385,0.1212121212121487,0.022795440082593866,0.0303030303030027,0.01853088502828571,0.0303030303030027,0.023098947821736316,0.0303030303029338,0.026930212904563638,0.0303030303030027,0.03001952040670588,0.0303030303030027
05_trial_040_gap_001,Pedrotti,05,05_trial_040,1,36.0,local_natural_cubic_spline,pchip,0.24707047072968,0.2457031460947735,0.2457031460947735,-0.0013673246349064916,0.0013673246349064916,False,0.4590554525510271,0.3833455106184014,0.27650674720561275,0.3947486074007968,0.21337731684602435,0.278926008581009,0.1790529241244349,0.2457031460947735,0.17810704919154124,0.24707047072968,0.24499415567325997,0.3196261120540339,0.2274392991773109,0.3002359795261925
05_trial_020_gap_001,Pedrotti,05,05_trial_020,4,179.0,pchip,template,0.7130807959523746,0.7130807959523746,0.6892660786951964,0.0,0.02381471725717821,False,0.26285098870017115,0.7611280313278665,0.21861379354369725,0.7810958848845755,0.17850007781654992,0.699481656564339,0.1587251243187126,0.7130807959523746,0.3922564396661486,6.440163915389288,0.30062915761362313,0.7745505763142198,0.2800435971108123,0.6892660786951964
05_trial_015_gap_001,Pedrotti,05,05_trial_015,4,160.0,pchip,nearest_boundary,0.3162170878799395,0.3162170878799395,0.1129842056495931,0.0,0.2032328822303464,False,0.7746322888389564,0.9415947726977458,0.5271476096928019,0.1129842056495931,0.4286941388415312,0.3765609197594549,0.4159877530971322,0.3162170878799395,0.4625188413555997,0.2767007930616654,0.46849614764230335,0.4476911502206206,0.46436740582646524,0.3741908641003467
05_trial_043_gap_001,Pedrotti,05,05_trial_043,5,201.0,pchip,forward_fill,0.5195670208895165,0.5195670208895165,0.263341065962657,0.0,0.25622595492685946,False,0.5044687218229879,0.263341065962657,0.3598670421792849,0.6070123820033876,0.29070582973725806,0.4939605150576572,0.2661641339096597,0.5195670208895165,0.32620886266768445,0.7382913456598498,0.3325123571678392,0.4391548096930675,0.3183581415900367,0.5329713816883178
05_trial_035_gap_001,Pedrotti,05,05_trial_035,5,220.0,pchip,linear,9.008101545477537,9.008101545477537,8.600676390376462,0.0,0.407425155101075,False,0.9914071497985936,15.00454868721984,0.9124283875438374,10.452763635373971,0.7568308494954396,8.600676390376462,0.7134828729450637,9.008101545477537,1.121255361870336,9.292869948495728,1.388595044096601,10.975082969510725,1.3187310383015398,10.306745127402674
05_trial_042_gap_001,Pedrotti,05,05_trial_042,2,96.0,pchip,local_natural_cubic_spline,0.240514457870508,0.240514457870508,0.1372333323579654,0.0,0.10328112551254262,False,0.2780900400905769,0.1727974783585953,0.2631644050272631,0.3544048642075269,0.20598896264269573,0.2739249475388581,0.1681771253006282,0.240514457870508,0.3007965012885227,0.1372333323579654,0.3010069948374631,0.3885738169563099,0.2483212832044816,0.3566881945411458
05_trial_032_gap_001,Pedrotti,05,05_trial_032,4,193.0,pchip,linear,0.459963057768293,0.459963057768293,0.4573946908929373,0.0,0.002568366875355721,False,0.4698000165372395,0.7550739577915284,0.40061696202203506,0.5236302221174638,0.33204164119367,0.4573946908929373,0.3104235645439071,0.459963057768293,0.5496206203421684,1.0196021597916511,1.0125259923308167,2.2836350944693313,0.9313503221906104,0.638961825074766
05_trial_009_gap_001,Pedrotti,05,05_trial_009,3,138.0,pchip,template,0.5546646410855116,0.5546646410855116,0.4195883860438004,0.0,0.13507625504171122,False,0.18827714606893003,0.6831071998223458,0.15279770866016906,0.5767558496728024,0.12558345671634172,0.5498046973770528,0.11245889608223292,0.5546646410855116,0.3287409590545875,2.292384695265546,0.26616650990665425,0.6000144939910673,0.23342803240388688,0.4195883860438004
05_trial_014_gap_001,Pedrotti,05,05_trial_014,5,209.0,pchip,linear,0.0680211451584761,0.0680211451584761,0.0495864192791867,0.0,0.018434725879289397,False,0.10062447364196991,0.1057534857863408,0.08890520933318298,0.0767993588663565,0.07291803419509905,0.0495864192791867,0.06267151575405444,0.0680211451584761,0.23658254455368413,0.6430507676372771,0.2908808192107534,0.2344209031365438,0.2020264723119674,0.0571326620782412
05_trial_011_gap_001,Pedrotti,05,05_trial_011,1,21.0,pchip,pchip,0.0473178713200666,0.0473178713200666,0.0473178713200666,0.0,0.0,True,0.1750199722676066,0.147816002233084,0.1379762774698965,0.0823488723121933,0.10083034588456516,0.0480673989474982,0.0726016801340164,0.0473178713200666,0.1426183965009973,0.1955828941284438,0.23201068593833188,0.2634259081667807,0.16783340573812167,0.1467496514255013
05_trial_038_gap_001,Pedrotti,05,05_trial_038,5,220.0,pchip,template,1.066054910133667,1.066054910133667,0.8457351658077068,0.0,0.22031974432596013,False,0.32737201889758144,1.560160726495614,0.26982343656879104,1.2758987416776284,0.22075804959308362,1.2344952765599817,0.19181806799587156,1.066054910133667,0.4919091206763434,5.988326910927107,0.4074669307343508,1.813490440492746,0.37082316360845685,0.8457351658077068
05_trial_044_gap_001,Pedrotti,05,05_trial_044,1,9.0,pchip,polyfit_bic,0.0500354569769886,0.0500354569769886,0.031029812897407,0.0,0.0190056440795816,False,0.060796506432331955,0.2014577368366959,0.04758403019307928,0.0788070405395856,0.025141715164767365,0.0454463291510359,0.020476880017187747,0.0500354569769886,0.022881683936310973,0.102496384773798,0.03187491583073574,0.031029812897407,0.03035007195926815,0.0497229825785472
05_trial_003_gap_001,Pedrotti,05,05_trial_003,1,39.0,linear,polyfit_bic,0.6111454425379375,0.6335424648304709,0.5708756525025434,0.022397022292533486,0.040269790035394104,False,0.11729220797881638,0.95971009287525,0.10097805738463127,0.7569839222645653,0.08378729852736831,0.6111454425379375,0.08684472432085963,0.6335424648304709,0.1666383277980663,0.6104599312475844,0.08924299855858844,0.5708756525025434,0.09495063458161408,0.6786800360228814
05_trial_036_gap_001,Pedrotti,05,05_trial_036,4,156.0,pchip,linear,0.1162728759890875,0.1162728759890875,0.097273033094115,0.0,0.018999842894972502,False,0.2630831907850879,0.322681884468182,0.20457879596159542,0.2056219519666184,0.16614555538055542,0.097273033094115,0.14577674477358338,0.1162728759890875,0.33353057652470786,1.077292256748939,0.30238826153774434,0.1023441660147931,0.26086819114182824,0.1054286619126803
05_trial_023_gap_001,Pedrotti,05,05_trial_023,3,119.0,pchip,forward_fill,0.8383482700351181,0.8383482700351181,0.4611634583971438,0.0,0.37718481163797435,False,0.3396470639350578,0.4611634583971438,0.23701880899494315,0.9188693957695148,0.1870351152649617,0.807691642053764,0.18185426250472783,0.8383482700351181,0.2818690119564062,0.8025653831361568,0.23731463395678784,0.5060644310537843,0.2316085169392653,0.6926725546094007
05_trial_018_gap_001,Pedrotti,05,05_trial_018,2,50.0,pchip,polyfit_bic,0.20201200108939,0.20201200108939,0.1771932971612908,0.0,0.02481870392809918,False,0.1579595831153629,0.5490835079986438,0.12937676803224643,0.3962506813720818,0.10001381789457739,0.2174083490599511,0.08458884779235483,0.20201200108939,0.13345287985104698,0.2425846458628863,0.1359675185574359,0.1771932971612908,0.12217340591865525,0.2725265708761119
05_trial_028_gap_001,Pedrotti,05,05_trial_028,2,61.0,pchip,template,0.358250469604137,0.358250469604137,0.2609934050014755,0.0,0.09725706460266148,False,0.2564654955340656,0.5654971213234519,0.174042849841504,0.5702542483907238,0.13254704532121186,0.2921011072942915,0.1266132346719917,0.358250469604137,0.17960703415423412,0.474957705785237,0.1638225446630946,0.4916063056203339,0.1613650491521889,0.2609934050014755
05_trial_025_gap_001,Pedrotti,05,05_trial_025,1,2.0,pchip,local_natural_cubic_spline,0.0892248304336539,0.0892248304336539,0.0782379610420406,0.0,0.010986869391613294,False,0.0530048428907802,0.0892248304336539,0.046242413683408624,0.0892248304336539,0.03920957121349491,0.0892248304336539,0.03717083514915069,0.0892248304336539,0.05269650520477924,0.0782379610420406,0.22376788057256605,0.0807965203457125,0.19497884196300833,0.0892248304336539
05_trial_026_gap_001,Pedrotti,05,05_trial_026,2,97.0,pchip,linear,0.3511828453648791,0.3511828453648791,0.3462102957767518,0.0,0.004972549588127317,False,0.6161175729309165,0.7949969752820655,0.37834628228414413,0.3853278373944738,0.3149197275108946,0.3462102957767518,0.2933403239505842,0.3511828453648791,0.3201669373903295,0.4247474665153782,0.35580778784514183,0.3692670611752593,0.3419803790550872,0.3752011485753345
05_trial_029_gap_001,Pedrotti,05,05_trial_029,4,151.0,pchip,linear,0.3578579001365516,0.3578579001365516,0.3564424958600747,0.0,0.001415404276476906,False,0.13714754431918783,0.3824635823153072,0.12106909326367443,0.3641062786720986,0.10377686323204356,0.3564424958600747,0.09933098745998224,0.3578579001365516,0.1931929476517789,0.4468842074536679,0.6913410727897696,1.1405141045575484,0.5895402593509191,0.6098379619326978
05_trial_005_gap_001,Pedrotti,05,05_trial_005,3,112.0,pchip,polyfit_bic,1.5045313585216638,1.5045313585216638,0.7003046704362119,0.0,0.8042266880854518,False,0.243223035614319,0.8558457642250884,0.16782947672162243,1.2712396293955357,0.1298099046815369,1.2506966314957937,0.12468432474425457,1.5045313585216638,0.2060225676359084,3.914286703689875,0.18231783133663665,0.7003046704362119,0.1756117359785714,1.0305288237188677
05_trial_046_gap_001,Pedrotti,05,05_trial_046,5,225.0,pchip,template,0.3920589215281104,0.3920589215281104,0.3084895888777667,0.0,0.08356933265034372,False,0.5583237603636441,0.7975791670031389,0.3675064783390031,0.4961737153310384,0.3039171376069476,0.3777089761388834,0.2675541236283594,0.3920589215281104,0.278221725056285,0.4124769863358868,0.3395733184176596,0.317738934480555,0.3141148762394206,0.3084895888777667
05_trial_031_gap_001,Pedrotti,05,05_trial_031,4,151.0,pchip,polyfit_bic,0.5697161898414377,0.5697161898414377,0.446849270204697,0.0,0.12286691963674068,False,0.7112482424781519,0.9836217020518992,0.444750349709866,0.6219646357354751,0.36565008178782354,0.4787524030443817,0.35291364846366907,0.5697161898414377,0.3697501592240499,0.5501550301845245,0.39855351125848126,0.446849270204697,0.3812328755283208,0.4606718199448189
05_trial_022_gap_001,Pedrotti,05,05_trial_022,3,116.0,pchip,forward_fill,0.8372231495462987,0.8372231495462987,0.7763007682019546,0.0,0.060922381344344134,False,0.23832838328051947,0.7763007682019546,0.16600870124827738,0.8658876168373738,0.12974560143166775,0.8580078823002113,0.12462998814862143,0.8372231495462987,0.2039741978833498,3.5712760597672193,0.1928247094570291,1.028076868298628,0.18485980166392346,1.0430110234312395
05_trial_017_gap_001,Pedrotti,05,05_trial_017,2,58.0,pchip,linear,0.4230092227987846,0.4230092227987846,0.4064300480845199,0.0,0.016579174714264733,False,0.1592094800596947,0.4834998841065444,0.11712414290045933,0.4810287825641877,0.09098109458310309,0.4064300480845199,0.07875317232794038,0.4230092227987846,0.1367128804928274,0.6538860774024798,0.1353626506345243,0.8389890416089807,0.12271234952386445,0.7849881279589906
05_trial_024_gap_001,Pedrotti,05,05_trial_024,3,105.0,pchip,forward_fill,0.0367553447082739,0.0367553447082739,0.0315533229348413,0.0,0.005202021773432597,False,0.034884548143033024,0.0315533229348413,0.030977214300476393,0.0367723096193348,0.02645889575566385,0.0368767211878735,0.023718855915763053,0.0367553447082739,0.12488735294800861,0.0811945384940876,0.24275821805720743,0.2944140982718457,0.14949984580575942,0.189436201493902
05_trial_001_gap_001,Pedrotti,05,05_trial_001,4,172.0,pchip,local_natural_cubic_spline,0.2777443871067226,0.2777443871067226,0.2645169031433976,0.0,0.013227483963325015,False,0.6939825968134318,0.8301135387958098,0.39627162901700724,0.2715618821808147,0.33061297706867315,0.3281062368614326,0.31513341404477807,0.2777443871067226,0.32157191297788495,0.2645169031433976,0.36478706405525657,0.3668449347880451,0.3459610114331302,0.3364254859604988
05_trial_013_gap_001,Pedrotti,05,05_trial_013,5,250.0,pchip,linear,0.0461277350648419,0.0461277350648419,0.0420814634598413,0.0,0.004046271605000595,False,0.10910715693903691,0.1315601540984471,0.09581658415702163,0.0678201918714159,0.07699963378922996,0.0420814634598413,0.06529529198171352,0.0461277350648419,0.1773223456575591,0.1962538596598504,0.22071295856801865,0.195987547203464,0.1640129997053645,0.0425364318039478
05_trial_039_gap_001,Pedrotti,05,05_trial_039,3,112.0,pchip,nearest_boundary,0.1259544744750945,0.1259544744750945,0.0937148265663796,0.0,0.032239647908714905,False,0.0870221154067221,0.1572365033716696,0.07597833996515993,0.0937148265663796,0.06513412582126381,0.1021000843228459,0.058720019846223714,0.1259544744750945,0.17075594387979323,0.9702045618652496,0.29613838821060323,0.3857021357160154,0.23569344006556284,0.2913753102202138
05_trial_006_gap_001,Pedrotti,05,05_trial_006,4,182.0,pchip,pchip,0.3339797671819427,0.3339797671819427,0.3339797671819427,0.0,0.0,True,0.3362658572837046,0.3359904044082202,0.2953350111371475,0.3945646117300446,0.24918078872506397,0.3690094128594391,0.22649373015734078,0.3339797671819427,0.42606903440088245,2.829731673561907,1.498813039757355,3.767406385263232,1.3651428149427014,4.675775956656296
05_trial_016_gap_001,Pedrotti,05,05_trial_016,1,34.0,linear,linear,0.2402604776543051,0.2631939544679345,0.2402604776543051,0.022933476813629367,0.0,True,0.11561657505628671,0.8071392771173962,0.09873191026600336,0.457146329593046,0.08098407424197128,0.2402604776543051,0.08311951499726486,0.2631939544679345,0.15758178671759687,0.6531801409681571,0.08739105557768677,1.0873363275432062,0.09364782622986255,0.5248085054860538
05_trial_047_gap_001,Pedrotti,05,05_trial_047,2,52.0,pchip,nearest_boundary,0.367658597535033,0.367658597535033,0.3209459199285304,0.0,0.046712677606502606,False,0.5986932780137743,0.8837408889810193,0.3447690141158845,0.3209459199285304,0.27745932147296837,0.406189896804337,0.2547289077807488,0.367658597535033,0.26231700744920744,0.377655472365657,0.30954834601406045,0.4290298869447252,0.29248276649691823,0.4043306658347251
13_trial_095_gap_001,Pedrotti,13,13_trial_095,4,184.0,pchip,local_natural_cubic_spline,0.3254011550219224,0.3254011550219224,0.2108293447400078,0.0,0.1145718102819146,False,0.38991142197045997,0.3514906616356471,0.347762678174335,0.4816137636876208,0.2723165384662461,0.4028057788071594,0.22329482979520301,0.3254011550219224,0.295771286839165,0.2108293447400078,0.3380463014946317,0.4037599326383531,0.29680256058336846,0.3886372466033995
13_trial_088_gap_001,Pedrotti,13,13_trial_088,1,4.0,pchip,local_natural_cubic_spline,0.0483554397731639,0.0483554397731639,0.0404126185917939,0.0,0.007942821181369998,False,0.0689958966381555,0.2885696824873636,0.05197035388592197,0.2261243314957109,0.025310558952271224,0.0540540540540505,0.02045045978508802,0.0483554397731639,0.024047077090293197,0.0404126185917939,0.027652055763392445,0.0960030399153147,0.02888472982130758,0.0735369845281643
13_trial_055_gap_001,Pedrotti,13,13_trial_055,4,187.0,pchip,polyfit_bic,0.5522019676195615,0.5522019676195615,0.3088454497171709,0.0,0.24335651790239066,False,0.5591784188094797,0.3845488727562142,0.4283172912619063,0.5415512052360694,0.3475965935171423,0.4234350104065034,0.32119892942239614,0.5522019676195615,0.4114442666853023,1.0062105758689242,0.3943136519670311,0.3088454497171709,0.38768189317096047,0.3482737541204984
13_trial_077_gap_001,Pedrotti,13,13_trial_077,1,42.0,pchip,template,0.2523673093768717,0.2523673093768717,0.1864493320724339,0.0,0.0659179773044378,False,0.15786693714489036,0.3393122876586169,0.11644235795909111,0.2512013229471535,0.08287265172757698,0.2046510636722214,0.06453293035452752,0.2523673093768717,0.08860390299063631,0.4446845818520653,0.14465779290921552,0.2927790521872522,0.11993924689663518,0.1864493320724339
13_trial_089_gap_001,Pedrotti,13,13_trial_089,4,199.0,pchip,template,1.0140253922643527,1.0140253922643527,1.013491174630491,0.0,0.0005342176338616333,False,0.5081090647689657,1.7866966508423212,0.4250772815446809,1.3613423603870365,0.3464056545634002,1.133419406886348,0.3267144931236954,1.0140253922643527,0.5167207962601033,1.1459775944864083,0.5644209451818797,1.0449064779146366,0.545496150914004,1.013491174630491
13_trial_074_gap_001,Pedrotti,13,13_trial_074,3,116.0,pchip,linear,0.5230236977770784,0.5230236977770784,0.4713659424290427,0.0,0.05165775534803568,False,0.15632637223309256,0.5512752229010842,0.12996761294775033,0.5309539320386072,0.10947781903300563,0.4713659424290427,0.10544379363907551,0.5230236977770784,0.21881597742868697,3.640612304955371,0.8571581582240644,1.7502575682278976,0.7841834542353796,1.4106574954028812
13_trial_065_gap_001,Pedrotti,13,13_trial_065,2,95.0,pchip,forward_fill,0.5075904017520793,0.5075904017520793,0.4567622627666028,0.0,0.050828138985476445,False,0.1841987708632693,0.4567622627666028,0.14983037221093912,0.5041825588280615,0.12517447645975827,0.5068545572059718,0.1193812392817285,0.5075904017520793,0.20979131500365558,1.876376334505146,0.6296575856163423,0.6768330747444543,0.5818674218212277,0.8835119867455531
13_trial_081_gap_001,Pedrotti,13,13_trial_081,5,227.0,pchip,pchip,0.0938869938053615,0.0938869938053615,0.0938869938053615,0.0,0.0,True,0.07716932100097887,0.1424640322557948,0.06480588652792879,0.1179406437696293,0.053919558886247006,0.1070595403981718,0.048268998421030336,0.0938869938053615,0.18412756693982518,0.2045112833867273,0.2861929277201416,0.161475661704779,0.21085328622349905,0.2491562344404361
13_trial_076_gap_001,Pedrotti,13,13_trial_076,3,131.0,pchip,template,0.3471298072492143,0.3471298072492143,0.2864827201889577,0.0,0.060647087060256566,False,0.626514131825384,0.8173923918103222,0.42708418068264425,0.4490623161429777,0.3451121678359933,0.358384037533084,0.33144651142542736,0.3471298072492143,0.41206267951640424,0.5390068540529801,0.4131609619437638,0.4081085565883544,0.41507485873073996,0.2864827201889577
13_trial_054_gap_001,Pedrotti,13,13_trial_054,1,12.0,pchip,pchip,0.0256040605787221,0.0256040605787221,0.0256040605787221,0.0,0.0,True,0.04720876953700418,0.0314642282712095,0.04312983879519456,0.0460735509771882,0.032605329362178984,0.0421215635801161,0.028343888662718034,0.0256040605787221,0.052164224233643544,0.0468351678865995,0.1291900794214335,0.2104428891972256,0.10419040155562409,0.0898882373376129
13_trial_092_gap_001,Pedrotti,13,13_trial_092,1,13.0,pchip,local_natural_cubic_spline,0.6748767972065638,0.6748767972065638,0.2722399392771653,0.0,0.4026368579293985,False,0.06108017633856346,0.6627110195122303,0.04835865411058557,0.6826340647876497,0.0334807978228697,0.6905854113248415,0.028363753675895033,0.6748767972065638,0.0458631760185641,0.2722399392771653,0.08255798649480016,1.0556941282869978,0.07027483306357107,0.8493845195254063
13_trial_085_gap_001,Pedrotti,13,13_trial_085,3,106.0,pchip,linear,0.2515410476179638,0.2515410476179638,0.1966790609931686,0.0,0.05486198662479522,False,0.3638317070019514,1.1556918045889888,0.28816430448710595,0.4815934740380784,0.23169446197266852,0.1966790609931686,0.22584904127392072,0.2515410476179638,0.34736524773034955,0.5110731994769279,0.30746595846754204,0.3950525253062388,0.30074811175576266,0.3099501763475296
13_trial_068_gap_001,Pedrotti,13,13_trial_068,4,172.0,pchip,pchip,0.342744911525814,0.342744911525814,0.342744911525814,0.0,0.0,True,0.6667220629891374,0.9742040241961704,0.4526094667717126,0.6083535580509634,0.37186279679297635,0.4734542819343883,0.35762679093305155,0.342744911525814,0.387487725356768,0.53822139686035,0.40024119602196306,0.4798199005436157,0.38744901626462697,0.4727052271717573
13_trial_078_gap_001,Pedrotti,13,13_trial_078,2,63.0,pchip,pchip,0.2926822536090576,0.2926822536090576,0.2926822536090576,0.0,0.0,True,0.26022699525523585,0.5292098877444337,0.21955494540325057,0.3073336315814227,0.15990721930318194,0.3067272234266835,0.12191361730197658,0.2926822536090576,0.14761821916359463,0.3135915080628176,0.21987341755185036,0.3196387188212145,0.18996373626692822,0.3258376753638094
13_trial_086_gap_001,Pedrotti,13,13_trial_086,4,181.0,pchip,local_natural_cubic_spline,0.3664316200726973,0.3664316200726973,0.3561114016659379,0.0,0.010320218406759396,False,0.79783545519999,0.6783219832910207,0.5752897415319099,0.6840036773851382,0.46414159662904175,0.5064237519904283,0.4520270761370078,0.3664316200726973,0.5054676398921605,0.3561114016659379,0.507090209987245,0.5730586725344947,0.5076164789231914,0.525959503933427
13_trial_061_gap_001,Pedrotti,13,13_trial_061,5,232.0,pchip,polyfit_bic,1.159267548945764,1.159267548945764,0.8759095066549374,0.0,0.2833580422908266,False,0.3717789063168509,1.90408427564743,0.29917627761100496,1.408385280792521,0.24245229659643402,1.1093025768657945,0.23417662237425363,1.159267548945764,0.3536839962767321,9.734373542777767,0.3223802079024438,0.8759095066549374,0.3176965334105593,0.9688776041002514
13_trial_057_gap_001,Pedrotti,13,13_trial_057,1,42.0,linear,polyfit_bic,0.1881662351021097,0.1995183557061392,0.1711017313767408,0.011352120604029514,0.017064503725368885,False,0.1150186702293581,0.2298025936590302,0.09823978438875988,0.2396884829245478,0.08163879052727799,0.1881662351021097,0.08462653723101742,0.1995183557061392,0.1604021682675178,0.2018309000746015,0.08914997207612058,0.1711017313767408,0.09391551676243284,0.2177540617952533
13_trial_050_gap_001,Pedrotti,13,13_trial_050,3,143.0,pchip,local_natural_cubic_spline,0.3497878800644389,0.3497878800644389,0.3105686159968315,0.0,0.039219264067607396,False,0.6696516013071626,0.8341193336090184,0.40205595344336786,0.3314188530328087,0.33551781065794084,0.3913591769590551,0.3198619986674753,0.3497878800644389,0.3419877102076832,0.3105686159968315,0.37123059710847306,0.4281365874424308,0.3569765662595983,0.4140750118162448
13_trial_084_gap_001,Pedrotti,13,13_trial_084,5,213.0,pchip,forward_fill,0.1295231576991246,0.1295231576991246,0.118773826671474,0.0,0.010749331027650591,False,0.24141710489142304,0.118773826671474,0.21840101177509258,0.1248127586834994,0.188727493581609,0.12767052705538,0.17577401157726835,0.1295231576991246,0.3526678203560479,2.776254379788956,0.9110452272589258,0.7230595737999536,0.8155936477612515,0.3863923504057681
13_trial_082_gap_001,Pedrotti,13,13_trial_082,2,56.0,pchip,pchip,0.0156254383353824,0.0156254383353824,0.0156254383353824,0.0,0.0,True,0.053492424333542954,0.0283468502760281,0.04800282407791497,0.016639707859496,0.039140985558111144,0.0173965254342996,0.034152730277464766,0.0156254383353824,0.08658165052724033,0.0255943373337663,0.21456412125541388,0.16781999791738,0.15460166856482482,0.1910114138999402
13_trial_083_gap_001,Pedrotti,13,13_trial_083,5,216.0,pchip,local_natural_cubic_spline,2.2031001747424885,2.2031001747424885,1.867354724085167,0.0,0.33574545065732164,False,0.9438319002896313,3.5676812031080845,0.8641406688878465,2.976666311874186,0.7225866517565042,2.549148551218826,0.6811350456251974,2.2031001747424885,1.0564326576620628,1.867354724085167,1.6366691254285133,2.616570920171766,1.5405455765164089,2.307681936671696
13_trial_091_gap_001,Pedrotti,13,13_trial_091,2,63.0,pchip,forward_fill,0.499388869124405,0.499388869124405,0.4707718919808602,0.0,0.028616977143544775,False,0.11492793937727679,0.4707718919808602,0.09873769296749714,0.5850529976353391,0.08147719630543454,0.5430525367412941,0.07348846048569584,0.499388869124405,0.18604489561459117,0.5270176650219743,0.14527185883729826,0.5351338635424047,0.1271712620026946,0.565248271656363
13_trial_090_gap_001,Pedrotti,13,13_trial_090,5,200.0,pchip,linear,0.5189121014973588,0.5189121014973588,0.4359908766904597,0.0,0.08292122480689906,False,0.5425680896027049,0.8327897682790057,0.461911654676836,0.5523393468363632,0.383800743717911,0.4359908766904597,0.3556691317879321,0.5189121014973588,0.6180626450213443,0.7908001390946743,1.361474952387629,1.5805952471968805,1.1950022978637393,0.4404797855413392
13_trial_051_gap_001,Pedrotti,13,13_trial_051,5,249.0,pchip,template,0.2709578213847007,0.2709578213847007,0.2207902493435751,0.0,0.0501675720411256,False,0.6697160262099346,0.4618713427826307,0.4282310203137654,0.3985692796730873,0.3477821000353751,0.2695503363399832,0.3388357648089719,0.2709578213847007,0.3945307704803379,0.4399214842475358,0.39655132954616934,0.3137591335776643,0.3941759046199479,0.2207902493435751
13_trial_053_gap_001,Pedrotti,13,13_trial_053,3,105.0,pchip,forward_fill,0.6098177001263718,0.6098177001263718,0.3289256041965586,0.0,0.28089209592981323,False,0.759051071469316,0.3289256041965586,0.5206296423046288,0.7326535447728724,0.4240302181803565,0.5577443177042057,0.411963209324518,0.6098177001263718,0.46032854714602167,0.9228539746805976,0.45697465190183295,0.4520735040826049,0.45329690269533757,0.5508209113472755
13_trial_075_gap_001,Pedrotti,13,13_trial_075,2,64.0,pchip,forward_fill,0.1105914236330273,0.1105914236330273,0.0579813985845915,0.0,0.05261002504843581,False,0.2482771633015522,0.0579813985845915,0.22605902460527788,0.2315650355818996,0.17046575632829866,0.1806103508524883,0.12878388550613817,0.1105914236330273,0.3121864855268735,0.3004882808760368,0.3178357968696447,0.4336188576467126,0.23213530685503495,0.2598140687249652
13_trial_062_gap_001,Pedrotti,13,13_trial_062,5,238.0,pchip,forward_fill,0.3407901060743649,0.3407901060743649,0.2176249325173062,0.0,0.1231651735570587,False,0.2432382171674208,0.2176249325173062,0.21157999234299857,0.3643665056817641,0.1795845982093327,0.3306627512982008,0.1670806858177817,0.3407901060743649,0.3376872312389451,0.9240378681411676,1.0741092903707619,0.5349921058429503,0.9666005299802995,1.1072805511804331
13_trial_071_gap_001,Pedrotti,13,13_trial_071,1,6.0,pchip,local_natural_cubic_spline,0.11821351547851,0.11821351547851,0.034032686301972,0.0,0.08418082917653799,False,0.04429253911156045,0.5887336962858155,0.03552872148406613,0.3101780077407196,0.018927702846093304,0.2316121627396882,0.015180293930345111,0.11821351547851,0.016229380423149566,0.034032686301972,0.020152089527450682,0.1531019890884831,0.0208525459214578,0.2439891924553026
13_trial_064_gap_001,Pedrotti,13,13_trial_064,4,186.0,pchip,linear,0.9019230950486864,0.9019230950486864,0.8565495559298214,0.0,0.04537353911886499,False,0.919691556554598,1.7840874540756104,0.6928508136263006,1.1281485379400604,0.5643591013444449,0.8565495559298214,0.5442105256758256,0.9019230950486864,0.6425815738588952,0.9546850325980424,0.6709219671729714,0.8666460170970248,0.6712326953904361,0.9486316455824734
13_trial_052_gap_001,Pedrotti,13,13_trial_052,1,39.0,linear,forward_fill,0.1700655909198665,0.181421174184412,0.0930887998164621,0.011355583264545499,0.0769767911034044,False,0.10047021092364475,0.0930887998164621,0.0761333711028643,0.2098625876658329,0.05774487125415167,0.1700655909198665,0.05793172420292314,0.181421174184412,0.09357914757190405,0.3478206034406375,0.07496577605999986,0.2251918091253601,0.07414581726988619,0.1918794782185671
13_trial_096_gap_001,Pedrotti,13,13_trial_096,1,14.0,pchip,linear,0.1564874405702472,0.1564874405702472,0.1232861781685331,0.0,0.03320126240171409,False,0.09209190209726889,0.3474299875570578,0.06758898101133513,0.2134347660352577,0.04301287744217947,0.1232861781685331,0.036137261722554964,0.1564874405702472,0.04705308004407041,0.3115760687774896,0.05387440448508695,0.1316770957777735,0.05214416774649982,0.1292822109221195
13_trial_063_gap_001,Pedrotti,13,13_trial_063,4,195.0,pchip,local_natural_cubic_spline,0.3279810802428991,0.3279810802428991,0.3036302149612999,0.0,0.024350865281599243,False,0.39299177634953447,0.3804378994672278,0.33052590080713395,0.5438044759593847,0.2584552372736945,0.4085647628039395,0.21755349500651291,0.3279810802428991,0.3043594060054418,0.3036302149612999,0.3195023904971945,0.3393063857974415,0.28765951942987006,0.3440006347766805
13_trial_066_gap_001,Pedrotti,13,13_trial_066,2,95.0,pchip,forward_fill,0.1564752158203614,0.1564752158203614,0.1452497675819423,0.0,0.011225448238419089,False,0.05804118895395656,0.1452497675819423,0.0539605767144599,0.1555750784696043,0.04505157353168185,0.152299502940069,0.03882260002841975,0.1564752158203614,0.1976751680159804,1.7528682978109482,0.2996687832557256,0.4621204620101908,0.1755467254231134,0.1483192886660322
13_trial_087_gap_001,Pedrotti,13,13_trial_087,5,227.0,pchip,linear,0.2121844129942925,0.2121844129942925,0.1649278087652714,0.0,0.04725660422902109,False,0.4206809108228575,0.4402071592378702,0.3624991572030733,0.3613415249165333,0.2854933639822114,0.1649278087652714,0.24633855710717417,0.2121844129942925,0.34394725471416204,0.4851460533928618,0.3704394037806805,0.2151784955052504,0.33029954952134377,0.215952324392237
13_trial_079_gap_001,Pedrotti,13,13_trial_079,2,100.0,pchip,forward_fill,0.2938192906956516,0.2938192906956516,0.1198748740746571,0.0,0.1739444166209945,False,0.2701097942220299,0.1198748740746571,0.2476572099713049,0.5147826081014877,0.19569534934059438,0.4405200843857431,0.16405833821941515,0.2938192906956516,0.34842354998013914,0.5415801408381881,0.28705392114073347,0.5947441088384419,0.24373920292741524,0.462669938893865
13_trial_094_gap_001,Pedrotti,13,13_trial_094,3,113.0,pchip,forward_fill,0.1593379538005462,0.1593379538005462,0.1556353868138374,0.0,0.0037025669867087885,False,0.056938127811097985,0.1556353868138374,0.05086230030846253,0.1591205522017324,0.04319312572539011,0.1582768369314146,0.038329723259601184,0.1593379538005462,0.15461526341080556,2.251995819808143,0.27672224908363907,0.4823364514055264,0.17861992519869338,0.1618990957051821
13_trial_072_gap_001,Pedrotti,13,13_trial_072,3,150.0,pchip,local_natural_cubic_spline,0.3093957769058645,0.3093957769058645,0.2621000424028502,0.0,0.04729573450301433,False,0.6550515813092922,1.0022520022888892,0.46669490561089233,0.6064957481057038,0.37629041691661613,0.4473099206879605,0.365958792644588,0.3093957769058645,0.4264271239501841,0.2621000424028502,0.4131744973725945,0.4145544566553136,0.41016486201913105,0.3968207571860515
13_trial_056_gap_001,Pedrotti,13,13_trial_056,2,82.0,pchip,template,0.1272848140311623,0.1272848140311623,0.1207452369948266,0.0,0.006539577036335689,False,0.058892783959329155,0.1306360673991874,0.0540301656563654,0.1254115301377376,0.046280163224779146,0.1282071352148212,0.04188370088863536,0.1272848140311623,0.133000310233519,0.5709996925934344,0.24591797732776677,0.4051602113291963,0.1750970421695629,0.1207452369948266
13_trial_058_gap_001,Pedrotti,13,13_trial_058,4,197.0,pchip,forward_fill,0.4029430963892012,0.4029430963892012,0.3723092933210739,0.0,0.030633803068127352,False,0.09385019193075732,0.3723092933210739,0.08330737959890237,0.4153950149395556,0.07322592789992631,0.4068759645099186,0.06711197211562213,0.4029430963892012,0.21790138023293518,4.164032503147848,0.3079107310957055,0.7533248312130548,0.2533218443197789,0.5576650458147833
13_trial_059_gap_001,Pedrotti,13,13_trial_059,3,129.0,pchip,nearest_boundary,0.2492491543830862,0.2492491543830862,0.1457409721106594,0.0,0.10350818227242681,False,0.6733768945514417,0.6446252837085225,0.4355562757026828,0.1457409721106594,0.35171490695506596,0.2554963931129097,0.3426518726434916,0.2492491543830862,0.38214866891096455,0.2617627032532129,0.3907441241694004,0.310444878288192,0.3865265332159421,0.358726276423839
16_trial_037_gap_001,Pedrotti,16,16_trial_037,5,234.0,pchip,template,0.5435600908986317,0.5435600908986317,0.4331440539288736,0.0,0.11041603696975805,False,0.9304289882001506,1.3488583367680882,0.6822434035059988,0.7452482786808314,0.5538131811594055,0.5967937907890205,0.536872244324009,0.5435600908986317,0.6226047053924684,0.5752867837563508,0.6434024730146138,0.5896173705946044,0.6424905803581659,0.4331440539288736
16_trial_036_gap_001,Pedrotti,16,16_trial_036,1,31.0,linear,forward_fill,0.5226960088397565,0.6199791799836284,0.3977987883179159,0.09728317114387186,0.12489722052184066,False,0.11106812838992397,0.3977987883179159,0.09655528513025441,0.5336401239835276,0.08029664379158886,0.5226960088397565,0.0836087382567279,0.6199791799836284,0.15901664370387758,1.021371761015148,0.08557379847397201,0.5467210601415097,0.0916609020724902,0.641125685058525
16_trial_046_gap_001,Pedrotti,16,16_trial_046,1,12.0,linear,linear,0.0903287021464609,0.1286828848979824,0.0903287021464609,0.03835418275152151,0.0,True,0.12951957596848523,0.6886576778968798,0.10002009876247576,0.3537814604279254,0.07083685379593256,0.0903287021464609,0.07097105728491103,0.1286828848979824,0.12932412218183675,0.1187368361165483,0.08051690269963471,0.1676935466663812,0.08537961890112829,0.1140191448984429
16_trial_013_gap_001,Pedrotti,16,16_trial_013,3,148.0,pchip,forward_fill,0.2308045765138737,0.2308045765138737,0.2245279874623427,0.0,0.006276589051531001,False,0.15462407024479893,0.2245279874623427,0.129469803160257,0.2394887630406201,0.10941281039325884,0.2266917393173834,0.10479448161703918,0.2308045765138737,0.21175319740839543,0.2737005144157017,0.9461618233764142,3.17550320484272,0.8423750902091758,2.883745366399706
16_trial_035_gap_001,Pedrotti,16,16_trial_035,5,228.0,pchip,template,0.4947946844762312,0.4947946844762312,0.3718638481443096,0.0,0.12293083633192159,False,0.6101099202489675,0.5042323868054934,0.36123367948432916,0.4792005127826241,0.30547900062254046,0.3769785071121204,0.28349253304533634,0.4947946844762312,0.3125183147758597,0.5644163631899145,0.34255191346607955,0.377366835827659,0.32085918702165983,0.3718638481443096
16_trial_010_gap_001,Pedrotti,16,16_trial_010,4,170.0,pchip,template,0.2112671108869498,0.2112671108869498,0.137088784701468,0.0,0.07417832618548179,False,0.29887229278202354,0.31234423301128,0.23833409536707043,0.2397741959856518,0.18531775672918557,0.1467970518729532,0.15762165161549602,0.2112671108869498,0.32894590578860394,0.6981332401058976,0.2763059491513887,0.1418105772308682,0.23175510360492171,0.137088784701468
16_trial_028_gap_001,Pedrotti,16,16_trial_028,4,199.0,pchip,nearest_boundary,0.3240371898637426,0.3240371898637426,0.3161268921089783,0.0,0.007910297754764262,False,0.26224559779484286,0.6474513124945555,0.21254607374579929,0.3161268921089783,0.17041832142613775,0.3348849530467294,0.151442897767998,0.3240371898637426,0.3373141067544415,1.1713051086575357,0.2537728387297587,0.5263641133191852,0.23304965598172578,0.4824258805549687
16_trial_029_gap_001,Pedrotti,16,16_trial_029,2,97.0,pchip,local_natural_cubic_spline,0.346680563592104,0.346680563592104,0.3333113109206498,0.0,0.013369252671454168,False,0.6984605887836832,0.8245817634820937,0.41739906956432266,0.4271047188395626,0.33882535962713545,0.3773948959532828,0.3211773317505583,0.346680563592104,0.32337100707838345,0.3333113109206498,0.36108781459885797,0.4032731706118305,0.3420096372364104,0.3783951111332752
16_trial_014_gap_001,Pedrotti,16,16_trial_014,5,248.0,pchip,pchip,0.3610069294615572,0.3610069294615572,0.3610069294615572,0.0,0.0,True,0.33069380885958155,0.5055366811713979,0.23387690759578744,0.4180371262576837,0.18455982571902904,0.3691896392292183,0.17831305087516572,0.3610069294615572,0.2765535058271273,1.3088763396691152,0.2355135800032102,0.7645215886122877,0.23182337995413713,0.5751831682251244
16_trial_030_gap_001,Pedrotti,16,16_trial_030,5,205.0,pchip,pchip,0.4401296129496246,0.4401296129496246,0.4401296129496246,0.0,0.0,True,0.23954349135748781,0.6431172384565542,0.18923283006636116,0.569185514221382,0.15351503764739058,0.4854284964250876,0.13653026235775167,0.4401296129496246,0.4190132293912441,1.401675721783264,0.2748813582124661,0.4604649177757962,0.2498893904921013,0.477048691063219
16_trial_002_gap_001,Pedrotti,16,16_trial_002,1,26.0,pchip,polyfit_bic,0.1580612903956903,0.1580612903956903,0.0901437503632682,0.0,0.0679175400324221,False,0.056224753403892845,0.1334980700415886,0.051911474742498825,0.1627542488787126,0.04314322146711325,0.156750227452384,0.03876472355304688,0.1580612903956903,0.06330709083037869,0.2229718521610137,0.07199886593961648,0.0901437503632682,0.06284393488556096,0.151708471119538
16_trial_045_gap_001,Pedrotti,16,16_trial_045,2,61.0,pchip,polyfit_bic,0.5534245391758602,0.5534245391758602,0.4304705724028727,0.0,0.12295396677298753,False,0.7530641383235511,0.5789492993750379,0.508851369080154,0.7169941968908095,0.4115573692732952,0.5289289524874766,0.3969167311227807,0.5534245391758602,0.4393742670421467,1.090081762559007,0.4504673561176449,0.4304705724028727,0.44824295705291106,0.47957216435917
16_trial_033_gap_001,Pedrotti,16,16_trial_033,1,20.0,linear,forward_fill,0.3543849559691876,0.3807435855820433,0.3013474549626874,0.026358629612855677,0.05303750100650023,False,0.09628676173917497,0.3013474549626874,0.07602406277392099,0.4990511465313599,0.05820829522369777,0.3543849559691876,0.05843679380359656,0.3807435855820433,0.1004776785067478,0.3902037131095328,0.06546914133114415,0.7357850639571093,0.06842332051815793,0.6695543505356916
16_trial_005_gap_001,Pedrotti,16,16_trial_005,2,83.0,pchip,local_natural_cubic_spline,0.149796702746572,0.149796702746572,0.1490063052460627,0.0,0.0007903975005092989,False,0.2999616188515409,0.3522638760480414,0.26544222161444736,0.3516781280116994,0.2059570236448184,0.1774809258010132,0.1731675050310316,0.149796702746572,0.2439929007257443,0.1490063052460627,0.26789032202387447,0.2440927256888842,0.24024688151454135,0.2542124988798606
16_trial_027_gap_001,Pedrotti,16,16_trial_027,1,35.0,pchip,forward_fill,0.4278687443299773,0.4278687443299773,0.2535650781861106,0.0,0.17430366614386666,False,0.10877007790886763,0.2535650781861106,0.08915602031810566,0.3695545504647538,0.07458380216674106,0.3466933060451561,0.07245026372595458,0.4278687443299773,0.1245153053272975,0.550043514828554,0.4427894138724778,1.460500370709224,0.4433196291035774,1.6582795304242106
16_trial_041_gap_001,Pedrotti,16,16_trial_041,3,128.0,pchip,template,0.3493340067871555,0.3493340067871555,0.3472130710601583,0.0,0.002120935726997175,False,0.5441517411264243,0.7324383013103752,0.3942307799442345,0.3790907599345431,0.3166540264047854,0.3502742076386442,0.28238135735541525,0.3493340067871555,0.3131521783181248,0.4477560728307415,0.3531208408078524,0.3616102569896771,0.33204274567081227,0.3472130710601583
16_trial_009_gap_001,Pedrotti,16,16_trial_009,2,79.0,pchip,template,0.3971088830502621,0.3971088830502621,0.3817609410046784,0.0,0.015347942045583707,False,0.06956609055192536,0.4025712049936479,0.06088059242430956,0.3927022912205828,0.05423335691186003,0.3910424009287844,0.05050349257643213,0.3971088830502621,0.12056312582724564,1.66655951842816,0.25231217938197303,0.4229155944301903,0.20862834007961584,0.3817609410046784
16_trial_024_gap_001,Pedrotti,16,16_trial_024,2,57.0,pchip,pchip,0.2149822188949804,0.2149822188949804,0.2149822188949804,0.0,0.0,True,0.0825300870986538,0.243177807912452,0.07129990782601815,0.2509337628674557,0.05817233496078016,0.2261243054310417,0.051277972474692506,0.2149822188949804,0.10810334780275566,0.4084829409617274,0.17854817706535944,0.3390280636165402,0.1397703139231699,0.3259290092322232
16_trial_021_gap_001,Pedrotti,16,16_trial_021,4,160.0,pchip,forward_fill,0.1428944071252289,0.1428944071252289,0.1226020735011371,0.0,0.020292333624091816,False,0.13243962363073764,0.1226020735011371,0.12070251989695273,0.1514518212570045,0.10295907392131196,0.1494942598112933,0.09583046608635597,0.1428944071252289,0.1824457675621445,0.3182243682209717,0.4930745721147415,0.6157018803433323,0.43152881727426157,0.5746760714178266
16_trial_048_gap_001,Pedrotti,16,16_trial_048,3,127.0,pchip,linear,0.1399410171490415,0.1399410171490415,0.1136781535991566,0.0,0.0262628635498849,False,0.21224460138367265,0.3863711937466078,0.1793157434121348,0.235241459106782,0.14964618946940117,0.1136781535991566,0.1380665331287409,0.1399410171490415,0.2798837613401039,0.7751987305807104,0.5615302226519653,0.9022572083019198,0.5196574757318234,0.6205386935555305
16_trial_025_gap_001,Pedrotti,16,16_trial_025,3,134.0,pchip,pchip,0.0270473818251053,0.0270473818251053,0.0270473818251053,0.0,0.0,True,0.042367555783637385,0.0358081915590797,0.03559889024963927,0.0330203638824412,0.029944357936123774,0.0296724597534243,0.027542997900289638,0.0270473818251053,0.1029441465534266,0.1244705318932111,0.23296796413157464,0.0713006861329463,0.17759434079854522,0.1419856305123853
16_trial_006_gap_001,Pedrotti,16,16_trial_006,2,58.0,pchip,pchip,0.3465207972918105,0.3465207972918105,0.3465207972918105,0.0,0.0,True,0.21350876847083455,0.6537648247380552,0.16942587910872003,0.4754689759610188,0.13773859634357183,0.4115567821298485,0.13587237039314956,0.3465207972918105,0.22873405079999615,1.658654976835241,0.17513342726201225,0.6030738703177471,0.17380106573872658,0.5788055403322984
16_trial_003_gap_001,Pedrotti,16,16_trial_003,3,148.0,pchip,linear,0.5630375982151161,0.5630375982151161,0.3741221532104963,0.0,0.18891544500461982,False,0.36269059099136347,1.0334651703211342,0.310087415548575,0.4290537898492127,0.25315440575788495,0.3741221532104963,0.23904392161904056,0.5630375982151161,0.421069354394248,0.6799090398488302,0.9572687730471416,1.541433111754815,0.8554422684370465,1.465506286723416
16_trial_008_gap_001,Pedrotti,16,16_trial_008,4,196.0,pchip,forward_fill,0.4039585351709379,0.4039585351709379,0.3085256897813717,0.0,0.0954328453895662,False,0.17992484372014494,0.3085256897813717,0.15680573782319346,0.4048633634357631,0.1351266502397854,0.379133315230389,0.12610007258998318,0.4039585351709379,0.26752978616775847,3.246143357182516,0.8180752530414657,1.1039070122092216,0.7090105705057317,0.7342210124560125
16_trial_016_gap_001,Pedrotti,16,16_trial_016,3,136.0,pchip,polyfit_bic,0.5662533975429673,0.5662533975429673,0.4389571544462957,0.0,0.12729624309667165,False,0.27654377028687727,0.7616417677905705,0.20467552299942005,0.7125886777385002,0.1613951174446621,0.4609881639963386,0.15809329074725134,0.5662533975429673,0.2601582389028893,0.7072050172592133,0.20776621286238026,0.4389571544462957,0.20407780859620722,0.5196548367194386
16_trial_039_gap_001,Pedrotti,16,16_trial_039,1,8.0,pchip,local_natural_cubic_spline,0.2498136540010827,0.2498136540010827,0.2059150623600033,0.0,0.043898591641079426,False,0.04378958058218914,0.2711863397941579,0.039270592998660446,0.2514457861883251,0.029903874985725235,0.2495487930224806,0.026598339955623173,0.2498136540010827,0.03953589312551307,0.2059150623600033,0.04663827850846822,0.3574824022882168,0.04397800839504797,0.2931381904864426
16_trial_015_gap_001,Pedrotti,16,16_trial_015,3,140.0,pchip,forward_fill,0.5038884846925902,0.5038884846925902,0.3732147764253491,0.0,0.13067370826724106,False,0.7005426734110441,0.3732147764253491,0.41108447489404687,0.6059037805801882,0.3340842248368656,0.4692777642459153,0.31747129900734167,0.5038884846925902,0.31949674536640194,0.5153597776264923,0.3569773602353295,0.4741321706932636,0.33723277430262616,0.4737301791067181
16_trial_031_gap_001,Pedrotti,16,16_trial_031,1,28.0,pchip,forward_fill,0.1395088097462601,0.1395088097462601,0.0694562431068906,0.0,0.0700525666393695,False,0.09447090619282716,0.0694562431068906,0.10517007042805926,0.2249766237967314,0.07922154140560621,0.1955265638291042,0.06092068829344395,0.1395088097462601,0.12269112347222134,0.1338907388683849,0.16032326527315263,0.612176726097404,0.12431202392460228,0.3989313084515599
16_trial_044_gap_001,Pedrotti,16,16_trial_044,5,231.0,pchip,template,0.9050743206576586,0.9050743206576586,0.721615120193123,0.0,0.18345920046453557,False,0.5065521129084556,1.2111243627584165,0.41128583520073375,0.9847835216673126,0.3395450318126615,0.884253116306188,0.3119474384642614,0.9050743206576586,0.5321310873919721,0.8247416127149352,1.0309257738605762,0.8228897625532561,0.8996259989382946,0.721615120193123
16_trial_018_gap_001,Pedrotti,16,16_trial_018,2,53.0,pchip,pchip,0.179573278069883,0.179573278069883,0.179573278069883,0.0,0.0,True,0.17865578296299126,0.8295314216200332,0.1308113637775522,0.5126159939298713,0.10121877162110154,0.1881647420524596,0.10010661497903459,0.179573278069883,0.17128301492482825,0.2152945495126924,0.12498986258603738,0.2639190994045097,0.12548468740979155,0.2361734099552503
16_trial_020_gap_001,Pedrotti,16,16_trial_020,5,231.0,pchip,linear,0.1643314787555193,0.1643314787555193,0.1421394042961544,0.0,0.022192074459364886,False,0.526941790888258,0.452259585292611,0.36254692708186453,0.3080786107364708,0.29545318478737054,0.1421394042961544,0.2771001568387073,0.1643314787555193,0.35739681744431445,0.3081534390390782,0.3432859778688544,0.2309857740926301,0.3380214262816063,0.2249304258358704
16_trial_001_gap_001,Pedrotti,16,16_trial_001,5,225.0,pchip,pchip,0.2421800779827006,0.2421800779827006,0.2421800779827006,0.0,0.0,True,0.46314003256303665,0.6621096807798884,0.3564091850957308,0.2900370766598998,0.27998002816273837,0.2611642990443881,0.23641445421921883,0.2421800779827006,0.2628503494937774,0.2535157980676336,0.3239108616681562,0.2905016584802395,0.2903917942090042,0.2647668843543027
16_trial_017_gap_001,Pedrotti,16,16_trial_017,4,158.0,pchip,pchip,0.5077716885120411,0.5077716885120411,0.5077716885120411,0.0,0.0,True,0.3048174705230362,0.7430940448514427,0.2249756917409236,0.7993759591397779,0.1782143469925665,0.5909169183070336,0.1746880165669682,0.5077716885120411,0.2729173222770678,3.115262286414332,0.2328635107950004,0.5337411838374951,0.22855221112339044,0.6146035883062945
16_trial_026_gap_001,Pedrotti,16,16_trial_026,5,214.0,pchip,pchip,0.2800906471628761,0.2800906471628761,0.2800906471628761,0.0,0.0,True,0.6005212395306788,0.4008923614773056,0.3555362216902406,0.5491774619522691,0.2967797067970174,0.4295500046256912,0.27338821352155934,0.2800906471628761,0.2901836847101035,0.3644158104839771,0.3302906813716273,0.4879633374554276,0.3107000880304245,0.4477116400736938
16_trial_032_gap_001,Pedrotti,16,16_trial_032,4,178.0,pchip,pchip,0.0740893189263579,0.0740893189263579,0.0740893189263579,0.0,0.0,True,0.16449571547573313,0.1507260852376251,0.13330381059252763,0.0959090848386251,0.11331489030254843,0.0801826289025492,0.10318311354882902,0.0740893189263579,0.23829894133928112,0.4907457230137557,0.3396861652397068,0.3125238836086153,0.28648399729760493,0.3679454544725634
16_trial_012_gap_001,Pedrotti,16,16_trial_012,2,95.0,pchip,linear,0.0904579546336178,0.0904579546336178,0.090238762055598,0.0,0.00021919257801980563,False,0.048221377481599624,0.093388036540151,0.04111293929789377,0.0910684434393471,0.03437542553012358,0.090238762055598,0.029432396244101995,0.0904579546336178,0.14497157576691325,1.344617921505711,0.2507650886674787,0.451768522578625,0.15871373183945114,0.1584991018308406
16_trial_004_gap_001,Pedrotti,16,16_trial_004,4,183.0,pchip,pchip,0.0228398685332773,0.0228398685332773,0.0228398685332773,0.0,0.0,True,0.055556772131962584,0.0665967436704582,0.04735050553515249,0.0484827002660666,0.03845828705569095,0.0308821749958261,0.03304784539124457,0.0228398685332773,0.13490877710550606,0.1299101469038597,0.24473197523757648,0.1020484699531543,0.16662622499645047,0.1314102399253945
16_trial_022_gap_001,Pedrotti,16,16_trial_022,4,181.0,pchip,nearest_boundary,0.2374155144111849,0.2374155144111849,0.0874167622836934,0.0,0.14999875212749153,False,0.5961798374885233,0.6684866885741831,0.4500748489313021,0.0874167622836934,0.37011590603822286,0.278306000789752,0.3455905145055935,0.2374155144111849,0.49710099852347933,0.2144447780954136,0.7104245320087931,0.494311020852825,0.6500765131734707,0.2816583405182103
16_trial_040_gap_001,Pedrotti,16,16_trial_040,3,110.0,pchip,polyfit_bic,0.4418422033203409,0.4418422033203409,0.401188019404296,0.0,0.04065418391604492,False,0.2024622893418165,0.4077010598485561,0.1826150659539836,0.4113307939099522,0.1477067570405063,0.407678553723059,0.12820869183629824,0.4418422033203409,0.37167791309628373,1.1489373620474612,0.267665690936412,0.401188019404296,0.2211849407600768,0.4604452413616388
16_trial_047_gap_001,Pedrotti,16,16_trial_047,1,12.0,linear,polyfit_bic,0.3728646793713042,0.3724266667427101,0.3544423783901498,-0.00043801262859410883,0.018422300981154383,False,0.09122761907884432,0.4624613888108477,0.07236334638573517,0.3747690381690969,0.052591859483946214,0.3728646793713042,0.05289765926449189,0.3724266667427101,0.08573575333726628,0.387072139657978,0.0600529774596812,0.3544423783901498,0.06211936355763917,0.3788357770799443
17_trial_076_gap_001,Pedrotti,17,17_trial_076,5,212.0,pchip,local_natural_cubic_spline,0.3542715843150067,0.3542715843150067,0.2792068922437182,0.0,0.07506469207128852,False,0.6708724965009948,0.8755049324775124,0.45456948007325937,0.4437414469013609,0.37411520530219616,0.3759176031785214,0.3590191597440764,0.3542715843150067,0.3850607701967401,0.2792068922437182,0.40307279785514716,0.3951634185813679,0.39052048414293733,0.3595173875700659
17_trial_072_gap_001,Pedrotti,17,17_trial_072,5,216.0,pchip,nearest_boundary,0.6901478650478438,0.6901478650478438,0.5355924545934497,0.0,0.15455541045439403,False,0.6685444521914304,0.9335123656543,0.45142964927172735,0.5355924545934497,0.3719118337971402,0.7490862520425672,0.3580699350342634,0.6901478650478438,0.38023460463254277,1.390134663785519,0.4050591498840186,0.828404190040513,0.39105807194088665,0.7456674174170757
17_trial_054_gap_001,Pedrotti,17,17_trial_054,2,66.0,pchip,linear,0.3907984539388502,0.3907984539388502,0.2857291589992897,0.0,0.10506929493956052,False,0.23640612608764983,0.3857804893035269,0.18043170741148648,0.398516780795918,0.14566369621551067,0.2857291589992897,0.14425222435770604,0.3907984539388502,0.2370686903208472,1.3644859519821808,0.17663575138028254,0.4706465184942235,0.1771890821489334,0.328677314101423
17_trial_082_gap_001,Pedrotti,17,17_trial_082,4,153.0,pchip,polyfit_bic,0.3433220507696523,0.3433220507696523,0.3037219000554262,0.0,0.03960015071422607,False,0.22519532972910358,0.5135395791766818,0.18570881599756275,0.3551547257144637,0.15072078847779227,0.3508921811043905,0.13320825162644176,0.3433220507696523,0.40203243557853857,1.8297238633523287,0.27270663528377836,0.3037219000554262,0.2436157126950672,0.366452805889171
17_trial_068_gap_001,Pedrotti,17,17_trial_068,5,211.0,pchip,linear,0.0495332409036304,0.0495332409036304,0.0344975800647351,0.0,0.0150356608388953,False,0.24313082027139413,0.2007215043001924,0.20023069524648168,0.089922842353442,0.15688654273595118,0.0344975800647351,0.13112528040464558,0.0495332409036304,0.2983689153299556,0.2102316137550135,0.28927574752895757,0.0763540722860573,0.2136991662021349,0.1184968091003058
17_trial_066_gap_001,Pedrotti,17,17_trial_066,4,155.0,pchip,polyfit_bic,0.4185397471622472,0.4185397471622472,0.3577437251676616,0.0,0.06079602199458556,False,0.6894052385794136,0.6433957792419414,0.4624495601552201,0.4097682323163711,0.37876406334069324,0.3741634872323072,0.3654180604934714,0.4185397471622472,0.4054547368428538,0.4403998007450697,0.41440971841274943,0.3577437251676616,0.4044889196313941,0.3683330435769302
17_trial_051_gap_001,Pedrotti,17,17_trial_051,2,61.0,pchip,forward_fill,0.5033770338729809,0.5033770338729809,0.3704016015519679,0.0,0.13297543232101305,False,0.23032804480555788,0.3704016015519679,0.17951067190748946,0.49515083844533,0.14585544475699114,0.5103305121460513,0.1452811568707072,0.5033770338729809,0.24328146599074704,0.4108050372497779,0.18353002048267622,0.398325314659575,0.18400330301779189,0.4083827245859966
17_trial_075_gap_001,Pedrotti,17,17_trial_075,1,26.0,pchip,forward_fill,0.3926223283935438,0.3926223283935438,0.3341280029783414,0.0,0.058494325415202386,False,0.06003075196224701,0.3341280029783414,0.05263807636678273,0.3950800476198713,0.04273195261148015,0.3590419421359173,0.04043586666009117,0.3926223283935438,0.062149838964361506,0.5203483562229114,0.05411834767318034,0.4624669088697154,0.052282087946382276,0.6336137244279585
17_trial_060_gap_001,Pedrotti,17,17_trial_060,4,162.0,pchip,forward_fill,0.0744539513649456,0.0744539513649456,0.06330592446608,0.0,0.011148026898865612,False,0.07123928968837925,0.06330592446608,0.06255824542398228,0.0692142096902022,0.05552842499891462,0.0684479269280605,0.05243703859494903,0.0744539513649456,0.1480194326927996,0.1689626746357832,0.34761281623459755,0.0898510162071607,0.29026137803999524,0.325451307531517
17_trial_078_gap_001,Pedrotti,17,17_trial_078,4,180.0,pchip,pchip,0.0882712326010385,0.0882712326010385,0.0882712326010385,0.0,0.0,True,0.25464156479629974,0.3487672535599715,0.20882997925249452,0.2562423515422523,0.17277890288342537,0.1040533041179099,0.1550566201420869,0.0882712326010385,0.3403873468603313,0.3063817086009658,0.5180792017252065,0.3281457658124802,0.46531077768220164,0.3927030714333491
17_trial_073_gap_001,Pedrotti,17,17_trial_073,4,177.0,pchip,pchip,0.1221399123281408,0.1221399123281408,0.1221399123281408,0.0,0.0,True,0.25031699590101697,0.3313948160356241,0.24378203426734749,0.1510161390593414,0.19213326621716756,0.1351346246439881,0.1554408031732832,0.1221399123281408,0.3274656934100902,0.1300457226784662,0.3131264627286905,0.175837591031518,0.2309001759417004,0.15004205582137
17_trial_062_gap_001,Pedrotti,17,17_trial_062,1,41.0,pchip,pchip,0.1764815419550378,0.1764815419550378,0.1764815419550378,0.0,0.0,True,0.06017741749027744,0.2012698876445958,0.05508450555442153,0.1772449325604725,0.046796022898487846,0.1816103701247089,0.042427221250643174,0.1764815419550378,0.07565714404654662,0.3490466756577894,0.09554740474072804,0.227528628451759,0.0806114080870372,0.1998311254369021
17_trial_088_gap_001,Pedrotti,17,17_trial_088,2,80.0,pchip,pchip,0.050100941474327,0.050100941474327,0.050100941474327,0.0,0.0,True,0.09708682078607703,0.1353140141187634,0.08408877348046588,0.0956331126547615,0.07150484639502495,0.0628779432810939,0.06382477920917598,0.050100941474327,0.15419807943202238,0.0804621483421158,0.259089321048723,0.1439708064552237,0.2114423258097375,0.3649310218279659
17_trial_080_gap_001,Pedrotti,17,17_trial_080,1,48.0,pchip,local_natural_cubic_spline,0.4505342696039295,0.4505342696039295,0.2371754775890764,0.0,0.2133587920148531,False,0.3541543595812963,0.3003026504407657,0.25435578009613197,0.8662671058399751,0.19928278945337408,0.6558956907845012,0.1923006231179059,0.4505342696039295,0.2553127115049023,0.2371754775890764,0.2310342705638797,0.587244126999629,0.22769412842140246,0.5875742076828392
17_trial_065_gap_001,Pedrotti,17,17_trial_065,1,13.0,pchip,local_natural_cubic_spline,0.2436396951322624,0.2436396951322624,0.2011166255824432,0.0,0.042523069549819215,False,0.04286486213440033,0.6008211721529225,0.03654427355699215,0.2312921729656311,0.02443827300735511,0.2727989402398608,0.021675279727748555,0.2436396951322624,0.028330325583376052,0.2011166255824432,0.030476816554052516,0.5008364364390799,0.02911960268189009,0.2747725397651395
17_trial_084_gap_001,Pedrotti,17,17_trial_084,2,79.0,pchip,polyfit_bic,0.597024586086818,0.597024586086818,0.4586502911926773,0.0,0.13837429489414066,False,0.22367698017516538,0.8641732958869356,0.165953803168195,0.5904521735616582,0.1345185225116803,0.5906086945350818,0.13253506448830746,0.597024586086818,0.24231625553476793,1.469507516156486,0.20333787853138618,0.4586502911926773,0.197544325099575,0.5173981720468466
17_trial_052_gap_001,Pedrotti,17,17_trial_052,2,56.0,pchip,linear,0.1174746845655803,0.1174746845655803,0.0964862528810548,0.0,0.020988431684525508,False,0.13289937169682245,0.1617282035241229,0.11205798874508768,0.1267511930324219,0.09567651434998431,0.0964862528810548,0.09422529095204199,0.1174746845655803,0.1480157329110675,0.6094448459765696,0.559499262459504,0.5967026338473209,0.5092441368428832,0.7728850989019124
17_trial_081_gap_001,Pedrotti,17,17_trial_081,1,25.0,pchip,local_natural_cubic_spline,0.4785785248158015,0.4785785248158015,0.1640959672844749,0.0,0.3144825575313266,False,0.25200725991214407,1.319357181920649,0.18429618613974125,0.4804787944348131,0.13813955769879796,0.5488060033546471,0.13284764688176945,0.4785785248158015,0.18753091267276475,0.1640959672844749,0.15829021588554645,0.7622685781432853,0.1589992217157277,0.575331195373019
17_trial_067_gap_001,Pedrotti,17,17_trial_067,3,103.0,pchip,forward_fill,0.3391548621328479,0.3391548621328479,0.3148906001243182,0.0,0.024264262008529713,False,0.07248838312605166,0.3148906001243182,0.06454483709769765,0.3460811687851013,0.0554330174453057,0.3357592455625073,0.05046564024318994,0.3391548621328479,0.14969926564022676,0.7967762708381787,0.26697121229748744,0.3788244529533401,0.2124481935898721,0.3591483302819898
17_trial_096_gap_001,Pedrotti,17,17_trial_096,4,192.0,pchip,local_natural_cubic_spline,0.1301216128518061,0.1301216128518061,0.1229784673111792,0.0,0.007143145540626894,False,0.27372507970622617,0.4033061242246918,0.23798309201149442,0.2304408912947745,0.18706439896329066,0.1654028727380026,0.15512475432240316,0.1301216128518061,0.3459071216734577,0.1229784673111792,0.3143994253041745,0.1493543848726803,0.23202905646506422,0.1593500295056438
17_trial_074_gap_001,Pedrotti,17,17_trial_074,1,14.0,linear,local_natural_cubic_spline,0.3946110569700886,0.3732651518815103,0.2475651115645924,-0.021345905088578254,0.14704594540549618,False,0.14444324556741933,0.4643612285489167,0.1252657399124034,0.3800657006853901,0.10475976804997839,0.3946110569700886,0.10658881368663846,0.3732651518815103,0.19570898347792937,0.2475651115645924,0.20523863132783923,0.6522516088821705,0.20983502302032117,0.5490175918459729
17_trial_053_gap_001,Pedrotti,17,17_trial_053,5,208.0,pchip,local_natural_cubic_spline,0.2426474517827516,0.2426474517827516,0.2244026235714464,0.0,0.018244828211305186,False,0.5807898777079473,0.7575508709162024,0.4131427519556944,0.4055001445692455,0.3357797907371307,0.3116696068477768,0.30905376616192654,0.2426474517827516,0.3384354068540072,0.2244026235714464,0.3689079945898911,0.3412386993675281,0.35216701751481166,0.3241826685107371
17_trial_085_gap_001,Pedrotti,17,17_trial_085,2,100.0,pchip,polyfit_bic,0.4361663526883369,0.4361663526883369,0.3982033797580874,0.0,0.03796297293024953,False,0.7060335776598088,0.9532183698991364,0.4380231169161016,0.6554062120027286,0.3549615217633657,0.5237738331992378,0.3456243311600658,0.4361663526883369,0.3835302423912364,0.4080640323624784,0.40361409968452405,0.3982033797580874,0.4004711858432439,0.4618641063966527
17_trial_058_gap_001,Pedrotti,17,17_trial_058,5,243.0,pchip,template,0.2477867973921845,0.2477867973921845,0.1970991384341829,0.0,0.05068765895800162,False,0.12976834791042688,0.3100162508587011,0.1113210647326584,0.2579151780526059,0.09011333778035309,0.2433305078296367,0.07523184811864414,0.2477867973921845,0.28159611874051543,2.8752168596586816,0.3168327562209514,0.3669917328603071,0.20628919271373974,0.1970991384341829
17_trial_089_gap_001,Pedrotti,17,17_trial_089,1,22.0,pchip,polyfit_bic,0.2962786555425996,0.2962786555425996,0.2781689266415993,0.0,0.018109728901000266,False,0.05917108417341131,0.307324722938925,0.05214623505006733,0.3010990291093527,0.04301789138098328,0.2807396305810483,0.04036322784141072,0.2962786555425996,0.06703763543231787,0.429414269205219,0.058564742149553796,0.2781689266415993,0.05590878008896513,0.323362072284754
17_trial_087_gap_001,Pedrotti,17,17_trial_087,3,144.0,pchip,linear,0.0635721062955818,0.0635721062955818,0.0562711673470776,0.0,0.007300938948504199,False,0.09881717427118301,0.1164407151684646,0.0871167130282199,0.085307742628736,0.07141492995230685,0.0562711673470776,0.05980893703928884,0.0635721062955818,0.23028664878628366,0.1381230172961244,0.3041322504521676,0.1167744239888687,0.1961199047688613,0.0802731782055166
17_trial_094_gap_001,Pedrotti,17,17_trial_094,3,100.0,pchip,forward_fill,0.0213008814883061,0.0213008814883061,0.0174135988710728,0.0,0.0038872826172333015,False,0.0430503359567954,0.0174135988710728,0.04034640411930182,0.021672650953321,0.03417640527016162,0.020914991684117,0.03137783370785783,0.0213008814883061,0.09839794795766099,0.0601982713666854,0.2523989995928087,0.0835552896556658,0.18547283852956764,0.1853210211865306
17_trial_055_gap_001,Pedrotti,17,17_trial_055,3,142.0,pchip,linear,0.9233626982529878,0.9233626982529878,0.8973791057934513,0.0,0.02598359245953652,False,0.5323246129555902,1.3084782322600814,0.45833245012091306,1.178142383107416,0.3872707371965131,0.8973791057934513,0.3507790751883394,0.9233626982529878,0.5517887200546643,4.5914719054120665,1.9201252063494223,4.9636858857372,1.7774829320152699,1.1913530533434376
17_trial_063_gap_001,Pedrotti,17,17_trial_063,5,216.0,pchip,pchip,0.3494366105758122,0.3494366105758122,0.3494366105758122,0.0,0.0,True,0.704599819383851,0.914798721209412,0.47135398223028585,0.4370784258243471,0.3865988481278036,0.4056118515735177,0.37321826745189424,0.3494366105758122,0.4201662737616429,0.3808837769294094,0.4295356998059616,0.5034869739653486,0.41820065690043606,0.5438136169570646
17_trial_056_gap_001,Pedrotti,17,17_trial_056,3,146.0,pchip,forward_fill,0.0381549683524551,0.0381549683524551,0.0344219487315999,0.0,0.0037330196208551977,False,0.06591458495471914,0.0344219487315999,0.056959052111108466,0.0445788404028816,0.04789188328653334,0.0376643912499407,0.04316688311323028,0.0381549683524551,0.14824920472969863,0.0539413163564449,0.35426031199016444,0.4561606828582979,0.2839780537782399,0.3019244424054368
17_trial_090_gap_001,Pedrotti,17,17_trial_090,2,56.0,pchip,template,0.3868271392396419,0.3868271392396419,0.2782136426183034,0.0,0.10861349662133851,False,0.11299468103828823,0.4056241322093611,0.09666702797894207,0.3619710603320918,0.08088463630229834,0.3642139103624854,0.07385336718658185,0.3868271392396419,0.1755655384234694,1.0470793668262832,0.13367698278574747,0.3093033306983163,0.12025341725845604,0.2782136426183034
17_trial_086_gap_001,Pedrotti,17,17_trial_086,5,206.0,pchip,linear,0.1584968529111678,0.1584968529111678,0.1025914126892684,0.0,0.0559054402218994,False,0.22397990756390218,0.2950215552817369,0.19985122708835729,0.1900807661964997,0.16624951056373571,0.1025914126892684,0.14661662491393052,0.1584968529111678,0.4406558221910422,0.3139548648055061,0.39099389788204475,1.386777861492465,0.3435959542563867,0.724164844620781
17_trial_091_gap_001,Pedrotti,17,17_trial_091,3,144.0,pchip,local_natural_cubic_spline,0.021084396804019,0.021084396804019,0.0175226285389942,0.0,0.0035617682650248006,False,0.03397934636882334,0.0264035934298639,0.027512760484013552,0.0246402099980901,0.02344317182903749,0.02318981473652,0.02237679686761141,0.021084396804019,0.0663647014669433,0.0175226285389942,0.23022496873352413,0.142001335347898,0.18645342362010534,0.1732172074131248
17_trial_049_gap_001,Pedrotti,17,17_trial_049,5,232.0,pchip,local_natural_cubic_spline,0.3296060264659406,0.3296060264659406,0.2462788019098916,0.0,0.08332722455604902,False,0.6895264237525414,0.4624564552613994,0.4377019175541532,0.5868179495721474,0.3603020525740086,0.4652380656457581,0.3446374993327723,0.3296060264659406,0.3877500746296524,0.2462788019098916,0.4238665702990357,0.564637460905987,0.41779293530814593,1.033211414494974
17_trial_077_gap_001,Pedrotti,17,17_trial_077,3,149.0,pchip,local_natural_cubic_spline,0.2900090718074187,0.2900090718074187,0.2813696728231679,0.0,0.008639398984250812,False,0.5562378418380998,0.7331002221459834,0.4017061021437969,0.4265133310329618,0.32657463146291366,0.3083783255305364,0.2955531932734402,0.2900090718074187,0.31215429037223713,0.2813696728231679,0.3587074914079045,0.3297982420619478,0.34448633736194745,0.3115984432484126
17_trial_093_gap_001,Pedrotti,17,17_trial_093,3,133.0,pchip,pchip,0.0912180112575425,0.0912180112575425,0.0912180112575425,0.0,0.0,True,0.04854340361626554,0.0972009017907468,0.04531750161688744,0.0935821811483663,0.03798332309452987,0.0920157224597965,0.03258486343714926,0.0912180112575425,0.17413335414827116,1.244757110090687,0.2914745092642495,0.4806618248826756,0.1663060583596081,0.1356778734833535
17_trial_061_gap_001,Pedrotti,17,17_trial_061,2,58.0,pchip,nearest_boundary,0.4257925208359144,0.4257925208359144,0.3839651284101282,0.0,0.0418273924257862,False,0.3269414562541272,0.7540867649313157,0.2604988052406904,0.3839651284101282,0.19295041510440086,0.4592935429392452,0.1444521048971831,0.4257925208359144,0.1533151466590364,0.4203087890632568,0.26105662681743064,0.4702428337569037,0.22546475675481628,0.4660906328880595
17_trial_070_gap_001,Pedrotti,17,17_trial_070,1,7.0,linear,local_natural_cubic_spline,0.1356205015413801,0.0894260216669697,0.0543044945351864,-0.046194479874410416,0.08131600700619371,False,0.08481742962315025,0.3838514524480636,0.06751300120908041,0.1848099966155863,0.04803743359522817,0.1356205015413801,0.04833910570959395,0.0894260216669697,0.08108801633816558,0.0543044945351864,0.05359808132350095,0.1148302674120161,0.056537007050017275,0.1305950757542605
17_trial_059_gap_001,Pedrotti,17,17_trial_059,4,194.0,pchip,template,0.3471423554447159,0.3471423554447159,0.3024385037819288,0.0,0.044703851662787064,False,0.6590503552328226,0.8088325610962149,0.38516812069718703,0.4608960014717305,0.3255184934788199,0.3365247034964583,0.3045421085524467,0.3471423554447159,0.3352945158851157,0.3510434887218459,0.3615440846272097,0.3249020193299831,0.342084580323112,0.3024385037819288
17_trial_071_gap_001,Pedrotti,17,17_trial_071,4,198.0,pchip,linear,0.0208071440117692,0.0208071440117692,0.011918795463372,0.0,0.0088883485483972,False,0.052513136582161606,0.0336967069500505,0.04964515364442715,0.0156383812579336,0.04131803509237346,0.011918795463372,0.03562687742687594,0.0208071440117692,0.17834134928264742,0.1306048727107645,0.30282360908572964,0.3540006632374063,0.18056372440301416,0.1304528062909468
20_trial_002_gap_001,Pedrotti,20,20_trial_002,2,69.0,pchip,linear,0.3503514946950483,0.3503514946950483,0.3331312985202861,0.0,0.01722019617476217,False,0.20911414756032679,0.4072596009926868,0.17250227420756584,0.4815269794240381,0.1400185646999682,0.3331312985202861,0.12197598936363707,0.3503514946950483,0.2912513714783499,2.276431238826411,0.21573126415402735,0.5954230763367226,0.19722510069392152,0.5333748117997392
20_trial_008_gap_001,Pedrotti,20,20_trial_008,3,146.0,pchip,linear,0.2191005899738302,0.2191005899738302,0.1707393637759625,0.0,0.0483612261978677,False,0.30121113418564055,0.6487742550236131,0.20871822217946256,0.2746914995720381,0.16171371131816042,0.1707393637759625,0.1537316663668898,0.2191005899738302,0.24407632612797928,0.3456469109403781,0.21823568223498852,0.2401812638983536,0.21233299831280605,0.2094789665417826
20_trial_047_gap_001,Pedrotti,20,20_trial_047,5,213.0,pchip,nearest_boundary,0.6466999804600483,0.6466999804600483,0.6426105332443716,0.0,0.0040894472156767225,False,0.0749291086268142,0.6487381331069387,0.06436917900100246,0.6426105332443716,0.05513313509253328,0.6494553234053392,0.05142275297274944,0.6466999804600483,0.1527873270567286,1.4390757323449763,0.25673372039525805,0.8057900460826741,0.21255978900479308,0.7115306293809449
20_trial_021_gap_001,Pedrotti,20,20_trial_021,5,235.0,pchip,template,0.1785020219150884,0.1785020219150884,0.1621937523355366,0.0,0.01630826957955181,False,0.2808663673334775,0.4378837717531889,0.2531574407211585,0.2372353803757195,0.19906612305361834,0.1677153219899822,0.16656294520964832,0.1785020219150884,0.3469768122843309,0.6445276508733181,0.2989168633700037,0.1746016894102942,0.24393961056602162,0.1621937523355366
20_trial_013_gap_001,Pedrotti,20,20_trial_013,4,190.0,pchip,linear,0.1226672031217868,0.1226672031217868,0.1108431263808093,0.0,0.011824076740977504,False,0.2219120130749115,0.1975166571673894,0.200709642609009,0.1734212733133258,0.16125537666372403,0.1108431263808093,0.13580722772892023,0.1226672031217868,0.40422097054164285,0.8109384438354523,0.3157884973214137,0.2605782002059761,0.2460620275600005,0.1935842263930143
20_trial_024_gap_001,Pedrotti,20,20_trial_024,2,89.0,pchip,forward_fill,0.3321135673975977,0.3321135673975977,0.2860470129733878,0.0,0.04606655442420987,False,0.12113041605903133,0.2860470129733878,0.10195919057349347,0.3149282818198315,0.08633319047221752,0.3255032459818672,0.07783373766307516,0.3321135673975977,0.16418316623672494,0.4745121036292231,0.22461426947296168,0.288894061583501,0.19041808273178437,0.4775301056750788
20_trial_039_gap_001,Pedrotti,20,20_trial_039,4,161.0,pchip,linear,0.2787068227518688,0.2787068227518688,0.2767391047618431,0.0,0.001967717990025708,False,0.1723036108995427,0.3472910368125793,0.16491429625658444,0.2894525359679232,0.13486532788663977,0.2767391047618431,0.11855114822695828,0.2787068227518688,0.3419776184852363,1.442188679143247,0.25794213188189963,0.3282125823305349,0.21367575667608216,0.3014060925527324
20_trial_046_gap_001,Pedrotti,20,20_trial_046,2,82.0,pchip,linear,0.1183590657981234,0.1183590657981234,0.0634529114141276,0.0,0.054906154383995806,False,0.2626843390727965,0.3936322004900447,0.2161164896320093,0.2287945490416153,0.17619303875617287,0.0634529114141276,0.15521741803244848,0.1183590657981234,0.2755741880303773,0.1954915617224763,0.46384157630655387,0.1945940867646241,0.4329608307744962,0.7729886795373967
20_trial_025_gap_001,Pedrotti,20,20_trial_025,3,129.0,pchip,nearest_boundary,0.6504412005141044,0.6504412005141044,0.4895047279861598,0.0,0.16093647252794457,False,0.3425501314684033,0.6447826246292284,0.2544866797705416,0.4895047279861598,0.20051018929026873,0.5348734024157801,0.17270550994856423,0.6504412005141044,0.2612979138265098,1.3012130498672805,0.2659566768034949,0.5420484180379842,0.24167990557429142,0.5660182146019871
20_trial_028_gap_001,Pedrotti,20,20_trial_028,4,154.0,pchip,pchip,0.2265296798066258,0.2265296798066258,0.2265296798066258,0.0,0.0,True,0.23177444130973676,0.4564403906552184,0.19251579685827588,0.2912821433959773,0.16023406272528712,0.2434630030273229,0.15080882261510273,0.2265296798066258,0.2715249098672517,1.2879697282267255,0.8051989490949928,1.2283115393205506,0.7254788002809813,1.1626998919710718
20_trial_009_gap_001,Pedrotti,20,20_trial_009,4,184.0,pchip,linear,0.1437585920598059,0.1437585920598059,0.1429088902829196,0.0,0.0008497017768863135,False,0.16018325937813965,0.2253924014133199,0.13578113549793897,0.1563509118475212,0.11356384058026714,0.1429088902829196,0.09917089692938766,0.1437585920598059,0.2688241732171859,0.2350046130371306,0.2856774107089468,0.2308400264750016,0.217867473831294,0.1754829153845146
20_trial_007_gap_001,Pedrotti,20,20_trial_007,5,237.0,pchip,local_natural_cubic_spline,3.647219339513167,3.647219339513167,2.9531111530558496,0.0,0.6941081864573175,False,0.7401988864142798,4.8678722821737965,0.6712373165592437,3.8297285150904625,0.5493020439332751,3.5917781579974606,0.5244921472697727,3.647219339513167,0.7555078356164102,2.9531111530558496,0.6930471857937034,3.2839901703596266,0.6872161440294433,3.773911691624444
20_trial_038_gap_001,Pedrotti,20,20_trial_038,2,62.0,pchip,polyfit_bic,0.2891578988049497,0.2891578988049497,0.2017212337706209,0.0,0.08743666503432879,False,0.0526413638392994,0.2857393824126234,0.04664499984314373,0.2953693185166784,0.03971532334484718,0.294287835392486,0.03621616360614512,0.2891578988049497,0.08560583097633657,0.2157128003693011,0.1904693866615604,0.2017212337706209,0.14216881955230443,0.223421057010798
20_trial_048_gap_001,Pedrotti,20,20_trial_048,5,222.0,pchip,linear,0.5313292511885674,0.5313292511885674,0.3651008997616163,0.0,0.16622835142695114,False,0.5237057669013486,0.8049473808873762,0.39932014696256796,0.4674673634140521,0.3209453351680725,0.3651008997616163,0.2960438103285997,0.5313292511885674,0.35664968705837935,0.9304795427209952,0.3632505346206278,0.4707463272510623,0.3537595582919848,0.4209365586018855
20_trial_018_gap_001,Pedrotti,20,20_trial_018,1,45.0,pchip,forward_fill,0.674301102615222,0.674301102615222,0.6621724353967559,0.0,0.012128667218466171,False,0.06169728672257651,0.6621724353967559,0.05493330604141241,0.701414600643485,0.0469199355838117,0.6675550752556731,0.04268888662944752,0.674301102615222,0.0761638775324303,0.7627864763510659,0.11349792549973299,0.8886563983689545,0.09633272313033196,0.6782732388006821
20_trial_020_gap_001,Pedrotti,20,20_trial_020,4,189.0,pchip,polyfit_bic,0.5033075908813773,0.5033075908813773,0.4391288563616516,0.0,0.06417873451972572,False,0.5614352589037643,0.9487131986245028,0.34828157632151874,0.6090830552274334,0.2844244896139857,0.4788219325398055,0.27313521650106115,0.5033075908813773,0.32567263935010976,0.5559346951237814,0.3316824675129956,0.4391288563616516,0.3226392323011752,0.4788879704157127
20_trial_034_gap_001,Pedrotti,20,20_trial_034,3,142.0,pchip,template,0.4375150042935786,0.4375150042935786,0.3142119877567188,0.0,0.12330301653685977,False,0.6611868060418835,0.5803606206237327,0.4136966869974149,0.3957328411756565,0.33823544194146526,0.3756209427596806,0.32470330129362135,0.4375150042935786,0.35831724559371,0.4677390169526641,0.37820474027050843,0.3783949653531178,0.36882637765160575,0.3142119877567188
20_trial_042_gap_001,Pedrotti,20,20_trial_042,1,49.0,pchip,forward_fill,0.7728369589340736,0.7728369589340736,0.5391074239251787,0.0,0.23372953500889482,False,0.20908016557442813,0.5391074239251787,0.17849619513549211,0.7736586452645504,0.14738040004843678,0.7709466124283939,0.14633432173435193,0.7728369589340736,0.2533649534443301,1.606448637298582,0.20613652825817227,0.6909133163739457,0.20648830692554976,0.5578155853991297
20_trial_003_gap_001,Pedrotti,20,20_trial_003,5,230.0,pchip,forward_fill,0.2591896721539949,0.2591896721539949,0.2572158819672034,0.0,0.001973790186791502,False,0.08295061028638319,0.2572158819672034,0.07268454553947325,0.2584275219750683,0.06430815800926167,0.260052659698772,0.059857253968598804,0.2591896721539949,0.17547655663933243,0.5661331382788206,0.35311869703264653,0.6390251876166428,0.29328521151091236,0.2580833970365602
20_trial_029_gap_001,Pedrotti,20,20_trial_029,1,1.0,pchip,pchip,0.0106538073342917,0.0106538073342917,0.0106538073342917,0.0,0.0,True,0.06932415079509441,0.0414937759336194,0.05616917870371097,0.0414937759336194,0.03749305093737111,0.0207468879668333,0.03438409952204723,0.0106538073342917,0.04992069790498281,0.0181535269709732,0.11484245993215336,0.0138312586446184,0.10752789913054879,0.0207468879668333
20_trial_005_gap_001,Pedrotti,20,20_trial_005,3,120.0,pchip,pchip,0.0850356204471129,0.0850356204471129,0.0850356204471129,0.0,0.0,True,0.0993497231809761,0.1311736023386147,0.08508485566536621,0.104830685546396,0.0687402673844886,0.0905176141761892,0.05564048297152715,0.0850356204471129,0.24916322545081315,1.5252583762141445,0.3067694659931098,0.4966010411059007,0.18879924833480052,0.184272214950725
20_trial_010_gap_001,Pedrotti,20,20_trial_010,5,202.0,pchip,pchip,0.0284960401642177,0.0284960401642177,0.0284960401642177,0.0,0.0,True,0.05295098878729066,0.0613265683690041,0.04442394795911529,0.047255675009488,0.036662992242858815,0.0353208452462599,0.03178097784360963,0.0284960401642177,0.1319388864210991,0.272340687198319,0.23619695417871825,0.0788172022487564,0.1599431395008459,0.2098398217859701
20_trial_041_gap_001,Pedrotti,20,20_trial_041,2,89.0,pchip,linear,0.4183743870132047,0.4183743870132047,0.4164068273324072,0.0,0.0019675596807974816,False,0.3817390120962811,0.5331294823348022,0.34713315948941004,0.5106629034720065,0.26940282727715315,0.4164068273324072,0.2166659506735799,0.4183743870132047,0.25601367199876013,0.6356927803816121,0.33167332801552585,0.4307780920688271,0.29602789275747865,0.4418163941509028
20_trial_014_gap_001,Pedrotti,20,20_trial_014,2,54.0,pchip,forward_fill,0.5750790224093583,0.5750790224093583,0.4598326224130259,0.0,0.11524639999633235,False,0.12355560664597395,0.4598326224130259,0.10640954432294651,0.7525465609026127,0.08717457556787377,0.6445433224937234,0.0772418476487067,0.5750790224093583,0.1767069457346937,0.95074275619639,0.135973723012821,0.4998906403388912,0.11897085951307647,0.6890366279294279
20_trial_030_gap_001,Pedrotti,20,20_trial_030,1,44.0,pchip,linear,0.1655531985864631,0.1655531985864631,0.1196972843622686,0.0,0.04585591422419451,False,0.15083203920908422,0.6169214468863164,0.10873699251801235,0.3427546341373534,0.08095255090401303,0.1196972843622686,0.0793893476979088,0.1655531985864631,0.13792414862870472,0.410019758028977,0.09842555609724618,0.1405956934617998,0.10020222681315241,0.1663376309269583
20_trial_019_gap_001,Pedrotti,20,20_trial_019,3,141.0,pchip,forward_fill,0.2201589233623694,0.2201589233623694,0.2156487069036868,0.0,0.004510216458682603,False,0.19982723025152122,0.2156487069036868,0.17794362447558928,0.2795494927209859,0.147164998345293,0.2237813903360979,0.13036472607414762,0.2201589233623694,0.38979657312099186,0.939495281925463,0.2752575308231103,0.23817511042132,0.2289427665202071,0.3033941293911403
20_trial_037_gap_001,Pedrotti,20,20_trial_037,2,93.0,pchip,local_natural_cubic_spline,0.9575636877701202,0.9575636877701202,0.6311002314789478,0.0,0.32646345629117246,False,0.2432927941817814,0.7347276849333626,0.17523665228954435,1.2185510194558953,0.13947479325435327,1.139118343875623,0.13675451414582726,0.9575636877701202,0.24280727399750102,0.6311002314789478,0.1855271156020881,2.0109777336603445,0.18225309023505287,1.966206981855951
20_trial_023_gap_001,Pedrotti,20,20_trial_023,5,217.0,pchip,pchip,0.1561537523804157,0.1561537523804157,0.1561537523804157,0.0,0.0,True,0.25065310741043506,0.2159194613003081,0.21372094113296872,0.2722162650919857,0.1682793997057177,0.2131061404177679,0.14428815119647828,0.1561537523804157,0.3492415998095561,0.5894292009656679,0.29538284690913963,0.177276733052921,0.22902762535091514,0.1952245943596923
20_trial_045_gap_001,Pedrotti,20,20_trial_045,1,10.0,pchip,linear,0.1237532538720683,0.1237532538720683,0.1113073865847173,0.0,0.012445867287351003,False,0.05775759707842802,0.2688458313070941,0.04601266188311428,0.22990949095339,0.026331631818802867,0.1113073865847173,0.02168305641732053,0.1237532538720683,0.02475709481248995,0.1323059161062124,0.033690765174130395,0.2045275821879722,0.03193018196702141,0.1310101510986705
20_trial_006_gap_001,Pedrotti,20,20_trial_006,1,45.0,pchip,forward_fill,1.095511799439033,1.095511799439033,1.095511799439033,0.0,0.0,False,0.06034637621650295,1.095511799439033,0.055739097645803426,1.095511799439033,0.04941854892549034,1.095511799439033,0.04691704532285412,1.095511799439033,0.09339354308012171,1.8235282936155504,0.15889099467714157,1.108332549656088,0.13346963698226755,1.1661542200526256
20_trial_012_gap_001,Pedrotti,20,20_trial_012,3,148.0,pchip,forward_fill,0.0170514548581789,0.0170514548581789,0.0169736557174626,0.0,7.779914071629965e-05,False,0.028112214121748254,0.0169736557174626,0.025170933345189665,0.0170020656906138,0.021605822185836208,0.0170554607784081,0.020059439831431058,0.0170514548581789,0.0909992114093923,0.0944360302080444,0.242241135524676,0.3007073996170145,0.1565866059459484,0.1432081833854298
20_trial_017_gap_001,Pedrotti,20,20_trial_017,3,117.0,pchip,polyfit_bic,0.9106924716723208,0.9106924716723208,0.7082334938279757,0.0,0.20245897784434508,False,0.2508932757913817,1.1457900073296996,0.18194556803757286,0.8672288841934463,0.14417510906841846,0.7166793442558266,0.14130944729716646,0.9106924716723208,0.2502731053979861,3.65725301848065,0.19181359300182282,0.7082334938279757,0.18715562112791337,0.7270655441885248
20_trial_032_gap_001,Pedrotti,20,20_trial_032,4,183.0,pchip,polyfit_bic,0.6102244849164912,0.6102244849164912,0.5631016987179772,0.0,0.047122786198513955,False,0.6965068896186424,0.9918304061380429,0.4477583482974791,0.7071100549383936,0.3671667689603093,0.5662915370644537,0.3531282541866681,0.6102244849164912,0.37508070736045973,0.6337783692731139,0.3973927112245184,0.5631016987179772,0.38352367087686107,0.5800706455605507
20_trial_016_gap_001,Pedrotti,20,20_trial_016,1,44.0,pchip,template,0.3186901244495279,0.3186901244495279,0.3102745413349517,0.0,0.008415583114576186,False,0.08667091171806697,0.6622728043845817,0.06683350280759522,0.3218344544020118,0.05015727640291843,0.3257317398307624,0.044469153888571825,0.3186901244495279,0.06506944897132856,0.5112938300361375,0.06864629789307873,0.3664439241562987,0.06541320143046316,0.3102745413349517
20_trial_011_gap_001,Pedrotti,20,20_trial_011,2,98.0,pchip,nearest_boundary,0.1694426891917573,0.1694426891917573,0.1360970176057163,0.0,0.033345671586041015,False,0.140622964264922,0.1540436939835646,0.12064468692669564,0.1360970176057163,0.09940569578920164,0.1414883436565385,0.08626807282818574,0.1694426891917573,0.25259622047475844,0.605593402774446,0.24224683659552076,0.2633016935892319,0.18512895851028843,0.1747878227035452
20_trial_022_gap_001,Pedrotti,20,20_trial_022,5,202.0,pchip,pchip,0.0324877930277953,0.0324877930277953,0.0324877930277953,0.0,0.0,True,0.06267078754664418,0.0389237571391778,0.05770837737539136,0.0496023486347504,0.046937843121559075,0.0352142381875482,0.03883169334471971,0.0324877930277953,0.2156506390251612,0.0623936088855217,0.3158410963673749,0.3040528556075507,0.1828780484284714,0.1260873090420728
20_trial_026_gap_001,Pedrotti,20,20_trial_026,4,193.0,pchip,nearest_boundary,0.3060353446971733,0.3060353446971733,0.1937181913453571,0.0,0.11231715335181622,False,0.43373006032418304,0.668114923260609,0.38719729201295217,0.1937181913453571,0.3035922046351446,0.2552431377607147,0.25221228259436584,0.3060353446971733,0.31856609088402704,0.4381776316640378,0.3653336762874982,0.2739123121098248,0.3287796112642203,0.2468176505892492
20_trial_015_gap_001,Pedrotti,20,20_trial_015,1,7.0,linear,linear,0.1935362194049824,0.212862330573208,0.1935362194049824,0.019326111168225607,0.0,True,0.12395346975761844,0.7231289317231341,0.09561412858622509,0.4291153011615424,0.06637826670446274,0.1935362194049824,0.06658958133980243,0.212862330573208,0.12158844524121486,0.2104670546521519,0.07501592747106071,0.3344271660222039,0.07867399806265356,0.3494526355271233
20_trial_044_gap_001,Pedrotti,20,20_trial_044,4,191.0,pchip,forward_fill,0.2562261012117948,0.2562261012117948,0.0800960273398627,0.0,0.17613007387193208,False,0.30363713151443367,0.0800960273398627,0.28670063588353534,0.4257504319768814,0.2249321384972946,0.3287675180624308,0.18607657873023317,0.2562261012117948,0.33447996271936653,0.976125880664448,0.32345241410089476,0.3891259737597157,0.2626349408791744,0.3455018615575251
20_trial_031_gap_001,Pedrotti,20,20_trial_031,3,143.0,pchip,pchip,0.4939942437362507,0.4939942437362507,0.4939942437362507,0.0,0.0,True,0.5088681747168665,1.215607826916837,0.3843305413450837,0.5249589107789301,0.30763292756140637,0.523463858885401,0.29672017620906577,0.4939942437362507,0.39290731019681086,0.9543618291055488,0.38285154462616583,0.6053883199306089,0.3771807164271795,0.5592068188720162
23_trial_084_gap_001,Pedrotti,23,23_trial_084,5,248.0,pchip,forward_fill,0.5978219715367563,0.5978219715367563,0.3715235598809603,0.0,0.226298411655796,False,0.64857054224839,0.3715235598809603,0.4496512571249482,0.7088204586114297,0.36438277824331355,0.5660551931420476,0.3532053580758569,0.5978219715367563,0.4020782911787278,0.5934414399550616,0.4123368260165856,0.5927993370985696,0.40741509676029386,0.5258246704166756
23_trial_075_gap_001,Pedrotti,23,23_trial_075,2,60.0,pchip,linear,0.0832276362628694,0.0832276362628694,0.07535309352365,0.0,0.007874542739219406,False,0.16653436093669435,0.4927288643878666,0.1252046099405001,0.2322983386862033,0.09714922864448088,0.07535309352365,0.0865852130404434,0.0832276362628694,0.12106220430176287,0.3855447973122038,0.2649066760652626,0.6994576003989755,0.23803845056158007,0.4743067989944061
23_trial_069_gap_001,Pedrotti,23,23_trial_069,5,220.0,pchip,linear,0.2273500773178364,0.2273500773178364,0.2225327357970337,0.0,0.004817341520802709,False,0.2191709654232541,0.3787784391824861,0.17532679429979353,0.2707547643369594,0.1408373410106227,0.2225327357970337,0.12407428618323203,0.2273500773178364,0.3588868802742097,2.709296886522824,0.2595998374286453,0.3778091850270706,0.21940465694467878,0.2257877879131213
23_trial_065_gap_001,Pedrotti,23,23_trial_065,3,107.0,pchip,nearest_boundary,0.4270735899174471,0.4270735899174471,0.4207586208588938,0.0,0.006314969058553277,False,0.16802977223119847,0.4549640174323953,0.1411414907173136,0.4207586208588938,0.1189923034163477,0.4254281902179173,0.115461442040647,0.4270735899174471,0.20378777131176665,0.776103876961488,0.7835602267272849,1.6837021243230097,0.697623060221311,1.256780883403248
23_trial_095_gap_001,Pedrotti,23,23_trial_095,4,175.0,pchip,local_natural_cubic_spline,0.3797696750835588,0.3797696750835588,0.3300891251591091,0.0,0.0496805499244497,False,0.34786565406438713,0.3811348305627287,0.3058571416483158,0.4650201308526475,0.2406729916169099,0.3717616353797322,0.2019051535043767,0.3797696750835588,0.2905252114395979,0.3300891251591091,0.3042716180298381,0.355960094119527,0.26990301559291363,0.3921302590638033
23_trial_094_gap_001,Pedrotti,23,23_trial_094,4,151.0,pchip,forward_fill,0.0477412434012766,0.0477412434012766,0.0453949503191006,0.0,0.0023462930821759945,False,0.04216965278441079,0.0453949503191006,0.03904412849740549,0.047174408691946,0.032936430964608666,0.0480623847914623,0.028641607534295194,0.0477412434012766,0.16514646411211661,0.0679268419280979,0.2879873508735987,0.2111369459670059,0.16240283761803984,0.1338601592076138
23_trial_074_gap_001,Pedrotti,23,23_trial_074,5,221.0,pchip,pchip,0.2117975065375217,0.2117975065375217,0.2117975065375217,0.0,0.0,True,0.6063170621412122,0.4186738204577092,0.41336664902412523,0.4396314669603136,0.33295110881105533,0.2946246560843292,0.31959962692217464,0.2117975065375217,0.3969682894330407,0.6785233838000082,0.38808773192002366,0.5413487547158892,0.38713553104789566,0.513916617195489
23_trial_070_gap_001,Pedrotti,23,23_trial_070,1,20.0,pchip,polyfit_bic,0.4803955860724747,0.4803955860724747,0.2852682491463317,0.0,0.19512733692614298,False,0.07405833419959004,0.7822095958576822,0.05921256430309307,0.307839945586597,0.03893842396270813,0.3604795725721648,0.0345916898590306,0.4803955860724747,0.04841188708221588,0.9935259311884193,0.04963086794759435,0.2852682491463317,0.047476189302746975,0.2958205152237373
23_trial_081_gap_001,Pedrotti,23,23_trial_081,4,183.0,pchip,linear,0.1723026050569835,0.1723026050569835,0.1704514716654854,0.0,0.0018511333914980888,False,0.09753559092549707,0.2209106116955676,0.08235773696252532,0.1742021613447642,0.07044066865938359,0.1704514716654854,0.06438659936447691,0.1723026050569835,0.1713684596872265,0.4130281526462052,0.32824894273410293,0.3580794122095562,0.26648215701544675,0.2999185771646676
23_trial_076_gap_001,Pedrotti,23,23_trial_076,5,246.0,pchip,forward_fill,0.4532397882558313,0.4532397882558313,0.230129221072537,0.0,0.22311056718329428,False,0.5538409072846929,0.230129221072537,0.4181794076313426,0.5530555534846774,0.33782871704600526,0.4245833575205543,0.30606364211539233,0.4532397882558313,0.32566858620416983,1.188863962891841,0.36790082587154155,0.4541010338207056,0.35362499700745365,0.4468385484489631
23_trial_060_gap_001,Pedrotti,23,23_trial_060,2,59.0,pchip,polyfit_bic,1.1000039333700835,1.1000039333700835,0.5973672529007907,0.0,0.5026366804692928,False,0.19709167022415072,0.6655668765145063,0.14295970609253353,1.135669446664547,0.11289683476003709,1.0949711690404007,0.1114214596992069,1.1000039333700835,0.18844193035499676,1.4217378594453438,0.13619363726153622,0.5973672529007907,0.13598864047470602,0.8493058365493544
23_trial_082_gap_001,Pedrotti,23,23_trial_082,1,5.0,linear,local_natural_cubic_spline,0.4209759982318525,0.2830456328750826,0.0957121513634565,-0.1379303653567699,0.325263846868396,False,0.09979497624006542,0.4082595466628484,0.08403277306401956,0.3780869698071513,0.06514315120246836,0.4209759982318525,0.06700541822571707,0.2830456328750826,0.12698824369204334,0.0957121513634565,0.07115318315281993,0.5546868054672123,0.07581336688377746,0.5529294631553646
23_trial_077_gap_001,Pedrotti,23,23_trial_077,1,8.0,pchip,local_natural_cubic_spline,0.0879747134039554,0.0879747134039554,0.0507971175962954,0.0,0.03717759580766001,False,0.04787070022056318,0.126725180947649,0.04411446702556133,0.0955226992484686,0.0363430855171755,0.0975530897776376,0.033471369900226,0.0879747134039554,0.05930046364615765,0.0507971175962954,0.05745648194967987,0.0865354232790918,0.051312402645090786,0.0955150655185278
23_trial_051_gap_001,Pedrotti,23,23_trial_051,5,243.0,pchip,forward_fill,0.0562720903786163,0.0562720903786163,0.0419826774879909,0.0,0.014289412890625401,False,0.10446037514212314,0.0419826774879909,0.09200988837925722,0.0701529147983434,0.08033331357862096,0.0512339927682639,0.07405844849950197,0.0562720903786163,0.22217192339661843,0.0658903082582277,0.4781785465085344,0.1453024329226851,0.40005250676433013,0.230452036781434
23_trial_080_gap_001,Pedrotti,23,23_trial_080,3,131.0,pchip,forward_fill,0.0610228259834029,0.0610228259834029,0.0254349318184489,0.0,0.035587894164954,False,0.15345292663400212,0.0254349318184489,0.13576802778698538,0.0582142982161595,0.11729396877725523,0.0489516383236158,0.11086140387689926,0.0610228259834029,0.20318710203103119,0.1679868256841033,0.7112322605223109,1.168063450699121,0.6282488768460978,0.3393681709107167
23_trial_087_gap_001,Pedrotti,23,23_trial_087,3,109.0,pchip,local_natural_cubic_spline,0.0240257484671638,0.0240257484671638,0.0197799539124336,0.0,0.0042457945547302,False,0.04099653782262987,0.0243147506962726,0.0371519471944447,0.0247674263742743,0.031168565847579308,0.0251420008665222,0.02729960716254735,0.0240257484671638,0.12122327682601328,0.0197799539124336,0.2432950427330899,0.1055280978744514,0.15920060691327084,0.1394591215261334
23_trial_062_gap_001,Pedrotti,23,23_trial_062,5,209.0,pchip,template,0.5965806678968751,0.5965806678968751,0.3501575835871456,0.0,0.24642308430972953,False,0.6200845115858334,0.6237689569907359,0.4337526359083973,0.587766656883462,0.3496072695908137,0.4278522669158038,0.3363611348965214,0.5965806678968751,0.39629046691433517,1.1943890780156898,0.39640214998564527,0.3531207917485754,0.39896967570100855,0.3501575835871456
23_trial_061_gap_001,Pedrotti,23,23_trial_061,5,236.0,pchip,linear,0.2936707626411425,0.2936707626411425,0.2585266155912639,0.0,0.035144147049878616,False,0.3912001898886032,0.4130407439121556,0.3309190980463441,0.4128779166313882,0.2720653159245838,0.2585266155912639,0.2532130415519366,0.2936707626411425,0.45339033748302343,0.6862342247696518,1.079327759734395,1.9451340953461311,0.9755695603391473,1.267569971563924
23_trial_068_gap_001,Pedrotti,23,23_trial_068,1,23.0,pchip,linear,0.134418257373177,0.134418257373177,0.1222538920688236,0.0,0.0121643653043534,False,0.06457944832931704,0.3302150328305745,0.054045804008455836,0.2469962852219874,0.039655864119365836,0.1222538920688236,0.035490268432060955,0.134418257373177,0.05152503819803757,0.3311478872536227,0.05094389961121837,0.3138994388287923,0.048403241896848054,0.1608095714224313
23_trial_053_gap_001,Pedrotti,23,23_trial_053,1,44.0,pchip,polyfit_bic,0.3882112120124001,0.3882112120124001,0.3389176500693524,0.0,0.04929356194304768,False,0.056158201107924195,0.3889227895801541,0.05113178969269213,0.3867132342071168,0.04436405198212853,0.3822584664939055,0.04113185275625475,0.3882112120124001,0.08069155822377613,0.7696931209899777,0.14615155517365147,0.3389176500693524,0.11999209521868591,0.3623107859051849
23_trial_055_gap_001,Pedrotti,23,23_trial_055,4,151.0,pchip,polyfit_bic,1.5951570763274323,1.5951570763274323,1.1760811162870008,0.0,0.41907596004043146,False,0.13295422607370966,1.687645399792852,0.1132659734913406,1.6114573273113264,0.09641807207952202,1.600602856868928,0.08707961950952477,1.5951570763274323,0.26043544582031486,1.6524448926963953,0.2482977139731789,1.1760811162870008,0.21207563336648477,1.2925108959975995
23_trial_058_gap_001,Pedrotti,23,23_trial_058,2,67.0,pchip,polyfit_bic,0.3035117411828482,0.3035117411828482,0.1797536302108854,0.0,0.12375811097196279,False,0.1689569268747361,0.247291032669496,0.14665899617034076,0.3134833120395279,0.11398428545198058,0.205536007715984,0.09719232775559837,0.3035117411828482,0.20234902130944762,0.97251993807834,0.17633850948195573,0.1797536302108854,0.14774317884363017,0.2027337228739275
23_trial_054_gap_001,Pedrotti,23,23_trial_054,3,130.0,pchip,forward_fill,0.2863817488736929,0.2863817488736929,0.1894189382979332,0.0,0.0969628105757597,False,0.29493921749495794,0.1894189382979332,0.2707701753182431,0.4772722169199299,0.21326784084885944,0.3483663368337966,0.179011056548093,0.2863817488736929,0.3284747882768394,0.5596919711511792,0.28480041051168287,0.2461104168557476,0.25266663394067695,0.3244140383026438
23_trial_090_gap_001,Pedrotti,23,23_trial_090,2,51.0,pchip,local_natural_cubic_spline,1.267577931583061,1.267577931583061,1.074528598367979,0.0,0.193049333215082,False,0.08794619692841374,1.267577931583061,0.07819506585835731,1.267577931583061,0.06850338169081191,1.267577931583061,0.06635896160747319,1.267577931583061,0.10710611591730657,1.074528598367979,0.3518406582565895,2.370203047222211,0.29836354574781454,1.6834902547572503
23_trial_066_gap_001,Pedrotti,23,23_trial_066,1,6.0,pchip,local_natural_cubic_spline,0.1047106809659449,0.1047106809659449,0.0665171632801345,0.0,0.03819351768581039,False,0.06880410769802849,0.1971000298905693,0.05290599309182263,0.2858071797850069,0.02754097224548318,0.1910359200753492,0.021786364793822097,0.1047106809659449,0.02561848629337396,0.0665171632801345,0.03163733220642221,0.1960230979577342,0.032047350189649375,0.2505835240489174
23_trial_089_gap_001,Pedrotti,23,23_trial_089,3,129.0,pchip,forward_fill,0.5531545902482565,0.5531545902482565,0.4201550895307254,0.0,0.13299950071753114,False,0.30556482550409897,0.4201550895307254,0.2594219229969827,0.6414002828815147,0.21951426065275847,0.5187755483419848,0.1957930621407486,0.5531545902482565,0.3151920851847164,1.8318904890490983,1.6970228997161225,7.068688278462989,1.5500573442109438,0.4352513613756212
23_trial_096_gap_001,Pedrotti,23,23_trial_096,4,166.0,pchip,nearest_boundary,0.5666277932103692,0.5666277932103692,0.5214473677375593,0.0,0.04518042547280987,False,0.21647154454379872,0.6885049115261546,0.18763190778752287,0.5214473677375593,0.15967144011243078,0.5804023940488358,0.149024387086113,0.5666277932103692,0.32469921027449483,0.8029761046254327,0.9083525318918212,1.4872632284950886,0.8366201117331683,1.1844252716621175
23_trial_083_gap_001,Pedrotti,23,23_trial_083,3,122.0,pchip,local_natural_cubic_spline,0.9098699607811191,0.9098699607811191,0.6627453057877338,0.0,0.24712465499338532,False,0.2215246002125822,1.332651317094165,0.1763047063394625,1.0048128854263123,0.14461469576421385,1.023156163542451,0.130609469018549,0.9098699607811191,0.2947475480424376,0.6627453057877338,0.3740812085728237,1.3920249460369432,0.3401887066848976,1.1538036677020758
23_trial_063_gap_001,Pedrotti,23,23_trial_063,4,152.0,pchip,nearest_boundary,0.3846416138766915,0.3846416138766915,0.3568414860995361,0.0,0.027800127777155403,False,0.26409083645161197,0.8946519110260769,0.18080865539145918,0.3568414860995361,0.14001813860808035,0.3940879364480377,0.13447932654077155,0.3846416138766915,0.21783793807939883,0.5549323636403751,0.2165890254259244,0.5172914077095315,0.20521399828306128,0.5996312387158034
23_trial_073_gap_001,Pedrotti,23,23_trial_073,1,28.0,pchip,template,0.1787834690464506,0.1787834690464506,0.1606543768194811,0.0,0.018129092226969484,False,0.0726135647097612,0.5553889271066099,0.05513196381276591,0.2390465840743242,0.037476799648522505,0.1878688457955227,0.032901407242828376,0.1787834690464506,0.04518241016268419,0.4156879840768248,0.05076434473253678,0.2372871453304837,0.048414358654500535,0.1606543768194811
23_trial_050_gap_001,Pedrotti,23,23_trial_050,3,145.0,pchip,local_natural_cubic_spline,0.3054504821000645,0.3054504821000645,0.2423372419647986,0.0,0.06311324013526587,False,0.7237852135266342,0.5850667930865091,0.44943491157796006,0.4150338985591123,0.3661366579473213,0.3487743507318865,0.3516887876576415,0.3054504821000645,0.3626701147378276,0.2423372419647986,0.3948290738081216,0.3845309357231442,0.38090661533880155,0.3521341160411421
23_trial_079_gap_001,Pedrotti,23,23_trial_079,2,61.0,pchip,pchip,0.6005739582832121,0.6005739582832121,0.6005739582832121,0.0,0.0,True,0.10833776783029099,0.692695446641833,0.08775714534988913,0.6012355216026741,0.07144974250473754,0.6021129293466055,0.06252162139177127,0.6005739582832121,0.11883990693654134,0.6505212830044463,0.18235566578740958,0.6759065234670828,0.1505308533755912,0.6131171652274048
23_trial_078_gap_001,Pedrotti,23,23_trial_078,1,48.0,pchip,linear,0.1125695882248602,0.1125695882248602,0.1090645445077351,0.0,0.0035050437171250948,False,0.14773952838874066,0.1196484749246049,0.12372503018970986,0.1194278737230364,0.10511920441722282,0.1090645445077351,0.10239147969647736,0.1125695882248602,0.16464442699195123,0.4739033055767326,0.5428178659285628,0.794248022803942,0.49699022395959724,0.6283321378959195
23_trial_085_gap_001,Pedrotti,23,23_trial_085,2,50.0,pchip,forward_fill,0.3603258351598171,0.3603258351598171,0.3515717644936351,0.0,0.008754070666182001,False,0.06095934826239291,0.3515717644936351,0.05422851818660399,0.3620675567187977,0.04698122265677004,0.3601706578938921,0.043391186776370126,0.3603258351598171,0.09299445240448824,0.8923650837832294,0.17945806111090853,0.4491414662203281,0.14086778581673762,0.4979297752710135
23_trial_057_gap_001,Pedrotti,23,23_trial_057,2,51.0,pchip,linear,0.9344648930949764,0.9344648930949764,0.9091766857088672,0.0,0.02528820738610915,False,0.17649476927822388,1.2664130505616669,0.12829823113643585,1.228521645950453,0.09781246902089798,0.9091766857088672,0.09419641486672845,0.9344648930949764,0.13941812742356866,1.214217509638921,0.13274798021537465,1.14832591830072,0.12870124442340908,0.9242929807558352
23_trial_067_gap_001,Pedrotti,23,23_trial_067,4,197.0,pchip,template,0.4274822512611854,0.4274822512611854,0.3713561273477917,0.0,0.056126123913393666,False,0.22868641860067515,0.6334728989842645,0.20158543511329197,0.4438875086293251,0.163843984002376,0.4352151832068749,0.14218991608118214,0.4274822512611854,0.4465643399843846,2.156420635729656,0.2829397076921904,0.4150157974779364,0.24270804537980525,0.3713561273477917
23_trial_064_gap_001,Pedrotti,23,23_trial_064,2,90.0,pchip,forward_fill,0.5712628701239482,0.5712628701239482,0.5377937182518935,0.0,0.03346915187205468,False,0.4365742801855773,0.5377937182518935,0.3780526338824161,0.7409378160410071,0.3117668578055394,0.5424155798555931,0.2973789261284582,0.5712628701239482,0.5224320786122786,1.1322998717108024,0.7463700423086541,1.4130224262031397,0.7076184434254116,1.7253625273597577
23_trial_092_gap_001,Pedrotti,23,23_trial_092,3,121.0,pchip,template,0.2078657830910652,0.2078657830910652,0.183280420043036,0.0,0.02458536304802922,False,0.14928703958243444,0.21454364738914,0.12599304950681453,0.2370339282777427,0.10687009315399895,0.197322650721837,0.09605991714867149,0.2078657830910652,0.23064378204753846,0.2585427773323314,0.2317476169037291,0.2408551887359006,0.19540763674789371,0.183280420043036
23_trial_052_gap_001,Pedrotti,23,23_trial_052,4,198.0,pchip,polyfit_bic,0.5781243259458875,0.5781243259458875,0.553769204101764,0.0,0.024355121844123473,False,0.6662349017027398,1.075453839050169,0.4209395802782558,0.737345323834659,0.34882364905749386,0.5943266540263777,0.33248424257182957,0.5781243259458875,0.3480204039117517,0.5600722941570843,0.3791015750659705,0.553769204101764,0.36307966867012276,0.5625276890390873
25_trial_072_gap_001,Pedrotti,25,25_trial_072,2,75.0,pchip,local_natural_cubic_spline,0.2749745885627576,0.2749745885627576,0.2345320719336432,0.0,0.04044251662911438,False,0.08544969621367998,0.2661326344482408,0.07477655959766469,0.2819465576293718,0.06393283401823885,0.2721056475882103,0.057220462332625247,0.2749745885627576,0.15498700821383157,0.2345320719336432,0.2167712802674484,0.29770139158945,0.1638468358080241,0.3686103973958747
25_trial_096_gap_001,Pedrotti,25,25_trial_096,3,108.0,pchip,pchip,0.0524392422493054,0.0524392422493054,0.0524392422493054,0.0,0.0,True,0.09708282621771808,0.0946627272903897,0.0854558066819748,0.0666200436239426,0.07061521241686239,0.053543308222942,0.0600866772828794,0.0524392422493054,0.19526342054750215,0.2875611905847134,0.2756573388010414,0.0866944701390325,0.1867227620742096,0.1312696580916885
25_trial_063_gap_001,Pedrotti,25,25_trial_063,3,142.0,pchip,forward_fill,0.2311302188573303,0.2311302188573303,0.2100839536580081,0.0,0.02104626519932218,False,0.6100041089359863,0.2100839536580081,0.400655372420446,0.5197987251027202,0.33014555019336655,0.3637576018985689,0.30585485075303004,0.2311302188573303,0.3366579250348158,0.5755563450970649,0.3689186492602653,0.4354800801088848,0.3565608241557331,0.3962979607151979
25_trial_054_gap_001,Pedrotti,25,25_trial_054,1,14.0,pchip,local_natural_cubic_spline,0.2243979445425381,0.2243979445425381,0.1972083729770642,0.0,0.027189571565473913,False,0.046037728645883125,0.2529708912926673,0.041457593633554,0.2182093452378514,0.0342244806975401,0.2230770670049509,0.031328275948081234,0.2243979445425381,0.05587408377451122,0.1972083729770642,0.08751403569836262,0.3129284657456084,0.07362428449058224,0.269398682490602
25_trial_060_gap_001,Pedrotti,25,25_trial_060,2,94.0,pchip,linear,0.2636666340929045,0.2636666340929045,0.2150850377457762,0.0,0.048581596347128275,False,0.26494821702870314,0.3692012884517963,0.19531648080403297,0.3320596612339539,0.15482679148426357,0.2150850377457762,0.1512379404296211,0.2636666340929045,0.2470253658534821,2.8342025055459823,0.20266976041333512,0.3134464895028717,0.1990766486707935,0.2767097823024305
25_trial_085_gap_001,Pedrotti,25,25_trial_085,5,244.0,pchip,template,0.6405150347183415,0.6405150347183415,0.5136769927683547,0.0,0.12683804194998682,False,0.4587935607107485,1.8122066343603391,0.36771811360825885,0.8478544197897984,0.29656631327645044,0.6329512289172792,0.28516093540835663,0.6405150347183415,0.40575291620898146,5.762916540138412,0.3866772330899362,0.5972546825557142,0.3805539955596207,0.5136769927683547
25_trial_055_gap_001,Pedrotti,25,25_trial_055,3,129.0,pchip,linear,1.1802020092077985,1.1802020092077985,0.9935977411190948,0.0,0.18660426808870367,False,0.2654755059870549,1.3413535675381032,0.2285278008163699,1.0100408706745736,0.18482174225544798,0.9935977411190948,0.15926018233224706,1.1802020092077985,0.36533286232598683,6.389674726046287,0.2847347133869522,1.1555902367625115,0.2601894599655807,1.01547997522143
25_trial_065_gap_001,Pedrotti,25,25_trial_065,4,197.0,pchip,nearest_boundary,1.7666355478854736,1.7666355478854736,1.6487238105160815,0.0,0.11791173736939209,False,1.0621928274923305,4.583218851959285,0.9771384307172106,1.6487238105160815,0.8023459982578334,1.996495727756949,0.7562066121211175,1.7666355478854736,1.106125247656028,1.785524467409889,1.2550236870810418,2.342260563064026,1.1985529704031206,2.6265736455689224
25_trial_062_gap_001,Pedrotti,25,25_trial_062,4,166.0,pchip,linear,0.1167921592814283,0.1167921592814283,0.1144956633365324,0.0,0.002296495944895907,False,0.2909029335189425,0.4046234493222723,0.2264953628257089,0.2643171868875016,0.18458579846113943,0.1144956633365324,0.16394606616961088,0.1167921592814283,0.3733802978654581,1.1281675167819976,0.33136324745902035,0.6293189989922271,0.3056990810824902,0.5751512894311241
25_trial_067_gap_001,Pedrotti,25,25_trial_067,4,180.0,pchip,template,0.1469844111795926,0.1469844111795926,0.1271262083651174,0.0,0.0198582028144752,False,0.10240934673893404,0.2071943411140738,0.08764265581239064,0.1539569274388914,0.0705015816283531,0.1438920522047233,0.05693477940477459,0.1469844111795926,0.2561105959534078,0.1986392831150104,0.3112529484117387,0.421643134503117,0.1852284667365811,0.1271262083651174
25_trial_057_gap_001,Pedrotti,25,25_trial_057,5,213.0,pchip,local_natural_cubic_spline,0.4123741446806638,0.4123741446806638,0.3009552698695782,0.0,0.11141887481108559,False,0.7699065046002559,0.738553581377414,0.5372809295861734,0.5990879339477415,0.43559956413265327,0.5051197806278905,0.425719847693416,0.4123741446806638,0.4775070690931242,0.3009552698695782,0.4799882155899226,0.6065430570595282,0.48135808060074103,0.546806646721143
25_trial_056_gap_001,Pedrotti,25,25_trial_056,4,174.0,pchip,nearest_boundary,0.2634412962428835,0.2634412962428835,0.244746504935296,0.0,0.01869479130758747,False,0.0964385736653402,0.2467070608266469,0.08380419771567675,0.244746504935296,0.07156383866205993,0.2554309537654486,0.06417503713129595,0.2634412962428835,0.2033406520590988,0.4615224065632708,0.269433320367942,0.3673605372577143,0.2067725435708823,0.3686731430831123
25_trial_086_gap_001,Pedrotti,25,25_trial_086,1,47.0,pchip,local_natural_cubic_spline,0.0955145025113218,0.0955145025113218,0.0749193866414519,0.0,0.02059511586986991,False,0.14825109493388983,0.2572423353409315,0.11740487658398227,0.1617266786612803,0.08809256878856284,0.1169915286557077,0.07058991312549952,0.0955145025113218,0.13015178029543248,0.0749193866414519,0.1974920258981729,0.3070470293027897,0.15238876469229906,0.144560274373898
25_trial_095_gap_001,Pedrotti,25,25_trial_095,5,217.0,pchip,nearest_boundary,0.2457977080433961,0.2457977080433961,0.0978995741509574,0.0,0.1478981338924387,False,0.5021185485185494,0.5744026274842313,0.36574873119039586,0.0978995741509574,0.2964683797512109,0.2216142535787189,0.2777732413875677,0.2457977080433961,0.40568520367432764,0.2840491651756842,0.42587826449050425,1.077007373307716,0.41171706581978584,1.0436038975703872
25_trial_074_gap_001,Pedrotti,25,25_trial_074,4,187.0,pchip,nearest_boundary,0.1426460786972056,0.1426460786972056,0.1411359093604214,0.0,0.0015101693367842173,False,0.06673805615921427,0.1822088983558161,0.05756979477149455,0.1411359093604214,0.04777064422910421,0.1436900456983509,0.04286114380874635,0.1426460786972056,0.1467262901706832,0.9025818348478586,0.28097047928236113,0.5677266969153256,0.20201563565634195,0.4657190518615576
25_trial_069_gap_001,Pedrotti,25,25_trial_069,1,21.0,pchip,template,0.4147812268127437,0.4147812268127437,0.295287035859884,0.0,0.11949419095285974,False,0.0982115439873344,0.7482133983710292,0.07668426496989528,0.4255478531641876,0.049388159037317754,0.3928361088463759,0.04046649967073821,0.4147812268127437,0.05331349935212916,0.4871990299235078,0.06735403409914215,0.3926077440410268,0.06342055109670505,0.295287035859884
25_trial_081_gap_001,Pedrotti,25,25_trial_081,4,178.0,pchip,local_natural_cubic_spline,0.049274073500543,0.049274073500543,0.0187875655320156,0.0,0.030486507968527397,False,0.041121811775738294,0.0385283534005002,0.03191853405581493,0.0649667166192365,0.02637529719771891,0.0604228172824227,0.02343387085570584,0.049274073500543,0.09085466664753605,0.0187875655320156,0.17982811387452124,0.1594612288063607,0.13741346841441662,0.070667815082012
25_trial_073_gap_001,Pedrotti,25,25_trial_073,4,198.0,pchip,polyfit_bic,0.2503961817757152,0.2503961817757152,0.222811781108102,0.0,0.027584400667613196,False,0.4443772837816026,0.3599451921296194,0.3112268831223647,0.2836481366777961,0.24018949495242972,0.236662984701116,0.19871590664877609,0.2503961817757152,0.2506028035264537,0.3488295025666761,0.30468493230853844,0.222811781108102,0.25743303439043486,0.2685615410953876
25_trial_066_gap_001,Pedrotti,25,25_trial_066,2,72.0,pchip,linear,0.0602604256722142,0.0602604256722142,0.0577899541899853,0.0,0.0024704714822288976,False,0.16888153966243644,0.3685734855918414,0.13409268361789536,0.1673715472877327,0.1074796371754376,0.0577899541899853,0.09746036097043817,0.0602604256722142,0.18979261862582594,0.0616912326647598,0.29856154628130527,0.5019940579749256,0.26465953338404935,0.3649951763909215
25_trial_064_gap_001,Pedrotti,25,25_trial_064,2,91.0,pchip,local_natural_cubic_spline,0.3742041675462931,0.3742041675462931,0.3010438424032368,0.0,0.07316032514305632,False,0.210315390420859,0.6704168382628092,0.16560457302376277,0.4860361576070398,0.13639179588205297,0.4717458397805399,0.1235464818229006,0.3742041675462931,0.31655726719073496,0.3010438424032368,0.2665564664257151,0.953017497954342,0.23634080905942198,0.7249500240589526
25_trial_050_gap_001,Pedrotti,25,25_trial_050,3,133.0,pchip,nearest_boundary,0.3096287902006207,0.3096287902006207,0.2566905766131356,0.0,0.05293821358748507,False,0.11026471830206766,0.275278095919508,0.0983577341129093,0.2566905766131356,0.08424041354254128,0.2775131714145626,0.0787492523552229,0.3096287902006207,0.16716599772416812,1.2006527571286785,0.3817513554408809,0.345143094601851,0.3327302203899302,0.4756950576141008
25_trial_082_gap_001,Pedrotti,25,25_trial_082,1,20.0,pchip,template,0.2791157658019451,0.2791157658019451,0.2259462620350026,0.0,0.05316950376694249,False,0.13498208199402345,0.5640337321526283,0.10392167383618721,0.5530199730626258,0.07789352115685282,0.2812562996534105,0.07763234185243614,0.2791157658019451,0.1371878097440785,0.2574866015642585,0.0928910875340031,0.2927603802788879,0.09574690935227183,0.2259462620350026
25_trial_075_gap_001,Pedrotti,25,25_trial_075,3,111.0,pchip,nearest_boundary,0.277477415434456,0.277477415434456,0.1076489901649792,0.0,0.16982842526947678,False,0.3594154892185222,0.5182774137517042,0.31205617728570023,0.1076489901649792,0.2423315815643643,0.1961143686672534,0.2007663827505925,0.277477415434456,0.2542680155019612,0.992997403133282,0.30126569137999154,0.2183568469912223,0.2687700208752802,0.2015458177722471
25_trial_049_gap_001,Pedrotti,25,25_trial_049,1,12.0,pchip,pchip,0.3019777402679691,0.3019777402679691,0.3019777402679691,0.0,0.0,True,0.5794580930753979,1.3685468251058988,0.5366760576578424,0.7090258613774433,0.4424474439744786,0.3409548833796936,0.4252589239306921,0.3019777402679691,0.6484594707080827,0.505961939325521,0.5562254627844898,0.9743302906180592,0.557085332965594,0.5152256092667785
25_trial_079_gap_001,Pedrotti,25,25_trial_079,3,119.0,pchip,linear,0.2510433672572109,0.2510433672572109,0.238929965450214,0.0,0.012113401806996882,False,0.2034661250698565,0.2396777962773017,0.17602017410111437,0.263633380348397,0.14964286394521584,0.238929965450214,0.14271622401932083,0.2510433672572109,0.2680775045200471,0.7902689997353473,0.7414061143822729,1.552394393170186,0.6871949296274078,1.6843082282561033
25_trial_087_gap_001,Pedrotti,25,25_trial_087,2,77.0,pchip,linear,0.2914245176769378,0.2914245176769378,0.2166282611044427,0.0,0.07479625657249508,False,0.1839655500502491,0.4501629115294357,0.14830127913425853,0.2744339828625502,0.11562668051081788,0.2166282611044427,0.10241224449494415,0.2914245176769378,0.2105480208541783,0.7220257073184317,0.18384847756011463,0.2484574794710106,0.15835153155632684,0.3524121981622546
25_trial_078_gap_001,Pedrotti,25,25_trial_078,1,27.0,pchip,polyfit_bic,0.2334221609509323,0.2334221609509323,0.1764572972246422,0.0,0.05696486372629009,False,0.06146551397410337,0.3065688420381792,0.05474992304831004,0.286440424027141,0.042482631684449594,0.25903135656573,0.03775563208414046,0.2334221609509323,0.056871779465913916,0.497109747029926,0.06171047963350902,0.1764572972246422,0.057245474718579825,0.2533171578331189
25_trial_076_gap_001,Pedrotti,25,25_trial_076,1,45.0,pchip,polyfit_bic,0.0814734862303182,0.0814734862303182,0.0666763837989328,0.0,0.014797102431385406,False,0.15178521120272467,0.3293854890759883,0.11037728312090007,0.2042589260973211,0.07290080116691926,0.0820006116468585,0.0565226963783701,0.0814734862303182,0.06292404865513182,0.0856285773840989,0.10314445943189236,0.0666763837989328,0.09347858214574559,0.083317886713656
25_trial_068_gap_001,Pedrotti,25,25_trial_068,5,225.0,pchip,linear,0.2774955081047802,0.2774955081047802,0.1200425328070049,0.0,0.1574529752977753,False,0.5109752216599165,0.6200070683427882,0.3364786482177067,0.2942702184728888,0.2729655356918307,0.1200425328070049,0.2610575406570535,0.2774955081047802,0.33710542147034184,1.187629994685671,0.3433020926011143,1.3421776113222166,0.33657891139545126,0.3766208063825181
25_trial_051_gap_001,Pedrotti,25,25_trial_051,3,101.0,pchip,local_natural_cubic_spline,0.1372572793178502,0.1372572793178502,0.0992527108263937,0.0,0.0380045684914565,False,0.038823609904511155,0.1548804091126771,0.03245834158113479,0.1412110193884954,0.027220939397141524,0.1391904179687335,0.024298196899543795,0.1372572793178502,0.08794414904476432,0.0992527108263937,0.22519727386319977,0.4309244447859811,0.16724120886711857,0.3135905525720883
25_trial_059_gap_001,Pedrotti,25,25_trial_059,2,98.0,pchip,forward_fill,0.0920682407135856,0.0920682407135856,0.0743637437487632,0.0,0.017704496964822403,False,0.047118830030999134,0.0743637437487632,0.03841982504903227,0.0962366142687285,0.03237551975359615,0.0909132094261553,0.02974078146962047,0.0920682407135856,0.07471054575720905,0.15263400976475,0.17164690043026062,0.1564764244358282,0.14978905225778252,0.1896819552189915
25_trial_089_gap_001,Pedrotti,25,25_trial_089,2,94.0,pchip,forward_fill,0.6220664644373668,0.6220664644373668,0.5904373731621092,0.0,0.03162909127525759,False,0.12834707858351665,0.5904373731621092,0.10694494792630589,0.6082025969795614,0.09244232292296833,0.6088801437893461,0.08893722116860567,0.6220664644373668,0.1520207986345083,3.0205865969644514,0.5686181011003131,0.8132753785605872,0.50590415884672,0.8454383054773016
25_trial_053_gap_001,Pedrotti,25,25_trial_053,2,80.0,pchip,nearest_boundary,0.1803636056864559,0.1803636056864559,0.1714126815773804,0.0,0.008950924109075498,False,0.15948927884937825,0.2782815159456885,0.13943274519122273,0.1714126815773804,0.11732970433515995,0.1861077312966609,0.11091069783562783,0.1803636056864559,0.23397036541463792,0.9828403633362262,0.40412371339219133,0.2332647471000475,0.39328633406241903,0.1898504238368413
25_trial_084_gap_001,Pedrotti,25,25_trial_084,4,182.0,pchip,template,0.3539296247079967,0.3539296247079967,0.2134476370755058,0.0,0.14048198763249092,False,0.40645828627699704,0.2963049198865881,0.3653789692089822,0.4074071484148,0.28534122286843344,0.3005982734573634,0.23343229815102373,0.3539296247079967,0.2731500527229535,0.4592952451659524,0.3472447426658979,0.2583512102487846,0.30001948166193215,0.2134476370755058
25_trial_091_gap_001,Pedrotti,25,25_trial_091,3,104.0,pchip,template,0.2590995868837927,0.2590995868837927,0.1804618570609499,0.0,0.07863772982284281,False,0.19952867753930553,0.2074558427613459,0.18655101793260034,0.2635883638541931,0.1506760637743793,0.2611171755748079,0.12886787715731532,0.2590995868837927,0.41157182675363035,0.5097876428655641,0.29578696855180225,0.7272702038746783,0.23307101430379626,0.1804618570609499
25_trial_088_gap_001,Pedrotti,25,25_trial_088,5,207.0,pchip,linear,0.5568181682940794,0.5568181682940794,0.5231136978582709,0.0,0.03370447043580849,False,0.5926495833843249,0.928500349576148,0.3999089347194246,0.6604676476877884,0.32468324314510133,0.5231136978582709,0.31283893628553533,0.5568181682940794,0.38862868281677576,0.6243065146977538,0.3994757306453616,0.5916450763801777,0.39661712469404486,0.6163649958621694
25_trial_052_gap_001,Pedrotti,25,25_trial_052,1,20.0,pchip,pchip,0.1449311025763137,0.1449311025763137,0.1449311025763137,0.0,0.0,True,0.08181633997020768,0.4078469421779396,0.06364887822130093,0.2826110129327785,0.03835338207879577,0.1994345067057817,0.033180643046951175,0.1449311025763137,0.04492374554624221,0.1870262964015062,0.048986663170756534,0.2970346802105135,0.04710426376988575,0.2418571859566358
25_trial_070_gap_001,Pedrotti,25,25_trial_070,5,200.0,pchip,linear,0.5002628679899017,0.5002628679899017,0.3346576022641733,0.0,0.16560526572572842,False,0.2937111414838599,0.7703810265189615,0.2535805397244578,0.3592105324634184,0.2105861562922568,0.3346576022641733,0.1902186154559126,0.5002628679899017,0.36644549968293344,1.4330727205491238,0.5894188235619651,0.6999608572078366,0.5425100831574758,0.3715836539963686
25_trial_093_gap_001,Pedrotti,25,25_trial_093,5,226.0,pchip,linear,0.437029975625657,0.437029975625657,0.3447045369842464,0.0,0.09232543864141057,False,0.5799503031632717,0.5265015808530549,0.40636467648509184,0.3871383696028348,0.32954181484862366,0.3447045369842464,0.3113887793071081,0.437029975625657,0.382378282751157,0.6830981506094991,0.3810733243866163,0.4593862117750831,0.37198954245567917,0.4580824246013645
25_trial_080_gap_001,Pedrotti,25,25_trial_080,5,229.0,pchip,linear,0.1136734935407314,0.1136734935407314,0.1129779204364397,0.0,0.0006955731042917052,False,0.09007739895074637,0.1410301915182223,0.07666847544102656,0.1262883830566557,0.06415071402254004,0.1129779204364397,0.056870559577771006,0.1136734935407314,0.17115227547405673,2.8735640787125063,0.2144305009009501,0.1433773607810833,0.16932273752697577,0.1992963681832119
28_trial_027_gap_001,Pedrotti,28,28_trial_027,2,55.0,pchip,pchip,0.1933354821492205,0.1933354821492205,0.1933354821492205,0.0,0.0,True,0.13749220166612253,0.2505571236732425,0.11838526305242103,0.2713988636056308,0.09975576073483745,0.2348879536355967,0.09705423136921155,0.1933354821492205,0.17178528000502508,0.1995761178505885,0.5531645236097552,0.8001212085920616,0.5393379323995985,1.336242211915997
28_trial_014_gap_001,Pedrotti,28,28_trial_014,2,56.0,pchip,pchip,0.7249825431777038,0.7249825431777038,0.7249825431777038,0.0,0.0,True,0.1595598507948913,0.8812257132140539,0.11340330404171316,1.1167288684035148,0.08733195817797923,0.8821711777295325,0.08491948169560047,0.7249825431777038,0.13764561583650298,3.746993653245569,0.11398148084262234,1.4489240505599756,0.11289653716447766,0.987103450991937
28_trial_017_gap_001,Pedrotti,28,28_trial_017,3,108.0,pchip,local_natural_cubic_spline,0.367861662289196,0.367861662289196,0.166913302501959,0.0,0.200948359787237,False,0.24380874490116536,0.3310066262869645,0.1699997765331832,0.4701815357124781,0.1289326120214147,0.3645000232322556,0.12161520357891019,0.367861662289196,0.21924146063922523,0.166913302501959,0.18187942565391382,0.3874981636058465,0.17421222222477753,0.3892982072025305
28_trial_026_gap_001,Pedrotti,28,28_trial_026,2,96.0,pchip,local_natural_cubic_spline,0.1036766053634712,0.1036766053634712,0.0965033175030433,0.0,0.007173287860427896,False,0.15884857210399406,0.1612001242884053,0.1421716968390634,0.1434332174943474,0.11473084746923694,0.1094412336796877,0.09500204031318843,0.1036766053634712,0.2871887294638618,0.0965033175030433,0.3068349951940841,0.4876139803461971,0.21395038608597094,0.2470488814564133
28_trial_008_gap_001,Pedrotti,28,28_trial_008,1,39.0,pchip,polyfit_bic,0.3515091453765916,0.3515091453765916,0.1957013660193388,0.0,0.15580777935725282,False,0.0846140518495497,0.3928588177657647,0.07189043194242432,0.3862193671250129,0.060850272846008635,0.3182593067072492,0.056697889958935134,0.3515091453765916,0.09105272365928642,0.3679714013969882,0.10898523389051594,0.1957013660193388,0.10274313497805754,0.4578498765250108
28_trial_012_gap_001,Pedrotti,28,28_trial_012,4,177.0,pchip,pchip,0.4057606203129935,0.4057606203129935,0.4057606203129935,0.0,0.0,True,0.37078970464209826,0.7764532114243736,0.2782695003710146,0.5663890098244778,0.2197422982348517,0.4428318254487778,0.18920117178892124,0.4057606203129935,0.2939991066889965,0.4759417771424392,0.2850550135355187,0.4508338136700479,0.25786209873339644,0.4701149371268539
28_trial_036_gap_001,Pedrotti,28,28_trial_036,4,184.0,pchip,forward_fill,0.6349331825664,0.6349331825664,0.4267342226666643,0.0,0.2081989598997357,False,0.2731693232362041,0.4267342226666643,0.23608912114329783,0.7029331380387864,0.18717094669418094,0.6165299346110237,0.1592346934356994,0.6349331825664,0.35771767583844905,0.8236252133302917,0.27070238351788484,0.7627470233155572,0.23462243158632304,0.6870473480044761
28_trial_006_gap_001,Pedrotti,28,28_trial_006,3,124.0,pchip,local_natural_cubic_spline,0.194681741832252,0.194681741832252,0.1343909929697207,0.0,0.0602907488625313,False,0.1889014742100816,0.2218164616842016,0.17453103707219278,0.2449401704025589,0.14297194977402353,0.1694007337999899,0.12633647475175208,0.194681741832252,0.3003526653484031,0.1343909929697207,0.35004014383940124,0.5796927155624968,0.3006126166681242,0.4408629134376152
28_trial_039_gap_001,Pedrotti,28,28_trial_039,2,69.0,pchip,pchip,0.2961647610877556,0.2961647610877556,0.2961647610877556,0.0,0.0,True,0.22888285084040683,0.5513966535526721,0.16742691166131746,0.6329726811869045,0.1317333888958118,0.3635414603950023,0.12994022690777396,0.2961647610877556,0.22101911714530728,0.7439804427122724,0.16464164517440116,0.4695367955084077,0.1644075409466175,0.5454684380582171
28_trial_042_gap_001,Pedrotti,28,28_trial_042,3,134.0,pchip,forward_fill,0.0307485794118094,0.0307485794118094,0.0252853291883854,0.0,0.005463250223424001,False,0.037941768146746206,0.0252853291883854,0.031556851350072884,0.0276016487269035,0.026716697975269387,0.0275225880065578,0.024995948079340323,0.0307485794118094,0.0721557109860004,0.099279746371625,0.24800512085611934,0.083111136497288,0.19460954535182062,0.2057172616743505
28_trial_021_gap_001,Pedrotti,28,28_trial_021,3,143.0,pchip,local_natural_cubic_spline,0.2700342418272651,0.2700342418272651,0.2582667764085211,0.0,0.011767465418744016,False,0.18494534268489216,0.374319767366622,0.17958801309174424,0.4336919766642367,0.1458642791862289,0.3137640192229119,0.12651682730064184,0.2700342418272651,0.3395915854640383,0.2582667764085211,0.2577575844301704,0.2613811811991377,0.20835293350381803,0.3798798633907412
28_trial_038_gap_001,Pedrotti,28,28_trial_038,3,109.0,pchip,pchip,0.1409124273922002,0.1409124273922002,0.1409124273922002,0.0,0.0,True,0.2591080919751324,0.4987999015859253,0.1785154416968002,0.4021635845417318,0.1391926745090146,0.1612816412512205,0.13456908213289026,0.1409124273922002,0.23494731855388054,0.7487070143257711,0.19036993419591527,0.1971927117989269,0.18563531327890434,0.193691107946498
28_trial_048_gap_001,Pedrotti,28,28_trial_048,2,89.0,pchip,linear,0.2377320846965365,0.2377320846965365,0.1874020703039496,0.0,0.050330014392586914,False,0.22409294471710745,0.4798651687111425,0.18428101744930647,0.1952250449122039,0.15006633512513798,0.1874020703039496,0.13421274014275555,0.2377320846965365,0.2435010012963741,0.80613991021314,0.36374011737390516,0.232013645621548,0.33519868702493577,0.5166735140699876
28_trial_001_gap_001,Pedrotti,28,28_trial_001,5,206.0,pchip,pchip,0.2674538676566684,0.2674538676566684,0.2674538676566684,0.0,0.0,True,0.2379103822721037,0.420357494188486,0.1764468758288771,0.5293089973559386,0.1388095251436979,0.4199236415624703,0.13331291939291087,0.2674538676566684,0.2480116280792157,5.651783946806895,0.19288658223818894,0.4936033577781574,0.18759751464872015,0.5094294667940198
28_trial_003_gap_001,Pedrotti,28,28_trial_003,2,54.0,pchip,pchip,0.5466597997614145,0.5466597997614145,0.5466597997614145,0.0,0.0,True,0.12535744699376228,0.6290024738767853,0.1065292920856344,0.5712021799573187,0.08790102091301417,0.5611358156045283,0.07855056844864595,0.5466597997614145,0.16616747821770422,0.843602203252893,0.12982892334339477,0.7497198596996785,0.1190751578611256,0.5482727846052302
28_trial_043_gap_001,Pedrotti,28,28_trial_043,4,197.0,pchip,polyfit_bic,0.6514773806434353,0.6514773806434353,0.3931017315386845,0.0,0.2583756491047508,False,0.07496565893771624,0.6227406380426396,0.06729393997692831,0.6498448387632882,0.060399560129877225,0.6513792520619837,0.05710437965315872,0.6514773806434353,0.17449664629296038,0.396972154401319,0.34032223487888946,0.3931017315386845,0.29167834062080467,0.3998828645066298
28_trial_013_gap_001,Pedrotti,28,28_trial_013,1,4.0,pchip,local_natural_cubic_spline,0.1075084706534956,0.1075084706534956,0.0486989102631255,0.0,0.0588095603903701,False,0.056199222978735024,0.473486992873577,0.04485942820945265,0.257153583832639,0.026110693618548456,0.1857836707826517,0.022781235019093782,0.1075084706534956,0.030893500191120412,0.0486989102631255,0.03162762302569213,0.3726918402429363,0.03123522283705622,0.2849796621660264
28_trial_023_gap_001,Pedrotti,28,28_trial_023,1,43.0,linear,pchip,0.6489463457979132,0.6266719653757735,0.6266719653757735,-0.022274380422139695,0.022274380422139695,False,0.13139838647618213,1.1155696737214815,0.1126666535551752,0.7561791213473262,0.09369010187571437,0.6489463457979132,0.09596261662531229,0.6266719653757735,0.17836330500231623,0.8034225396613836,0.1025892299078943,1.1208414827444635,0.10804702586937827,0.961275013335516
28_trial_035_gap_001,Pedrotti,28,28_trial_035,1,36.0,pchip,linear,0.2074784746025305,0.2074784746025305,0.198768354537065,0.0,0.008710120065465482,False,0.07122363994090528,0.2067793953512423,0.06322749211136225,0.2079844775266809,0.05370560241891718,0.198768354537065,0.04954990519622886,0.2074784746025305,0.07880365642976156,0.2799625478171176,0.08648906600255768,0.292424993066296,0.07915299868091667,0.2413809091906233
28_trial_029_gap_001,Pedrotti,28,28_trial_029,4,168.0,pchip,nearest_boundary,0.577778173097403,0.577778173097403,0.546781931897458,0.0,0.03099624119994493,False,0.21402825314046942,0.6926682013224899,0.18041731590796783,0.546781931897458,0.14747457681284531,0.5764624478673754,0.1294020146296293,0.577778173097403,0.42636781333219753,1.418969143953532,0.28722607708019615,0.6694257776315186,0.24966250341428703,0.7327720974546471
28_trial_037_gap_001,Pedrotti,28,28_trial_037,1,30.0,pchip,polyfit_bic,0.1539362521950891,0.1539362521950891,0.1040626009086414,0.0,0.049873651286447704,False,0.06427994622883272,0.2624749315402157,0.05787514626652576,0.1802143464600623,0.045515199945078744,0.1477052187623251,0.039607769213121286,0.1539362521950891,0.05954408121479698,0.2176837822641902,0.07904472783520396,0.1040626009086414,0.06972358745296695,0.1843332167157106
28_trial_004_gap_001,Pedrotti,28,28_trial_004,5,227.0,pchip,nearest_boundary,0.2301453929743305,0.2301453929743305,0.1572098303660675,0.0,0.072935562608263,False,0.15036614713374802,0.3171311493515051,0.13728351557430474,0.1572098303660675,0.11337768391047562,0.2052652568721819,0.09842273901960934,0.2301453929743305,0.27745765512323645,1.0284394285101446,0.26297109729945695,0.1700848412416014,0.19997651988499682,0.2199647914069043
28_trial_046_gap_001,Pedrotti,28,28_trial_046,4,177.0,pchip,local_natural_cubic_spline,0.3559716387710618,0.3559716387710618,0.2485617480520689,0.0,0.1074098907189929,False,0.5591661717394694,0.9178375580542112,0.3972136569790482,0.6228091644464914,0.320996229097587,0.5044944319943564,0.3063494719421435,0.3559716387710618,0.3938589011400557,0.2485617480520689,0.396060801501365,0.7403614503183381,0.39494792537435564,0.717038087894262
28_trial_024_gap_001,Pedrotti,28,28_trial_024,1,16.0,pchip,linear,0.2551562515651555,0.2551562515651555,0.248080922855687,0.0,0.007075328709468476,False,0.06066109030313394,0.3468073371001879,0.05197408850040573,0.2705172225294595,0.03736419539720266,0.248080922855687,0.03366121725553962,0.2551562515651555,0.054780028901953895,0.5092213194269624,0.046320511738389504,0.2872817010322316,0.04464362835741936,0.2825320750120841
28_trial_002_gap_001,Pedrotti,28,28_trial_002,5,248.0,pchip,local_natural_cubic_spline,0.3730405469765244,0.3730405469765244,0.321054127752817,0.0,0.05198641922370739,False,0.698812647681845,0.980158456008526,0.46424096632195816,0.4987068549008607,0.3813549735123018,0.4442248874911652,0.36855364198821455,0.3730405469765244,0.3945106523567563,0.321054127752817,0.42159645792266803,0.5693189543751477,0.41124063092480956,0.5462926509192493
28_trial_034_gap_001,Pedrotti,28,28_trial_034,4,184.0,pchip,polyfit_bic,0.3684412802802773,0.3684412802802773,0.3082936522078504,0.0,0.060147628072426906,False,0.08050539371467426,0.3672145508250886,0.07127354299374047,0.3705291279239779,0.06133657361971607,0.3823042503848436,0.05562888723935671,0.3684412802802773,0.18558051358448668,3.5101447094600284,0.2808077250961294,0.3082936522078504,0.21314575901248378,0.4854338625567685
28_trial_009_gap_001,Pedrotti,28,28_trial_009,2,64.0,pchip,nearest_boundary,0.2576546454658509,0.2576546454658509,0.2538654411033149,0.0,0.0037892043625359917,False,0.13086087963020526,0.3154303403234134,0.110020501682521,0.2538654411033149,0.09061058969598514,0.2641280005461181,0.08118707155365641,0.2576546454658509,0.19646112797516588,0.9424417666260644,0.16426459024358026,0.2665301304372124,0.14156988135664403,0.3622450401012688
28_trial_019_gap_001,Pedrotti,28,28_trial_019,1,26.0,linear,template,0.291503010280681,0.3278755999871276,0.1423774590655212,0.036372589706446634,0.14912555121515977,False,0.10548662621930659,0.6070143252503947,0.08886250398043262,0.4153271966733945,0.07163568970855018,0.291503010280681,0.0737588442199506,0.3278755999871276,0.14140653207504122,0.4118928720181535,0.07683669234491611,0.3669308626541553,0.08195747626801222,0.1423774590655212
28_trial_018_gap_001,Pedrotti,28,28_trial_018,5,204.0,pchip,nearest_boundary,0.3235398551325453,0.3235398551325453,0.3027762787034882,0.0,0.020763576429057073,False,0.07261523001076511,0.3487826747218378,0.06279022541522022,0.3027762787034882,0.05330129692046393,0.3155565958903904,0.048970433004159326,0.3235398551325453,0.16723912150807857,3.334954787986341,0.24797698834615572,0.3841237288779509,0.19261802435571476,0.4111387557759291
28_trial_031_gap_001,Pedrotti,28,28_trial_031,5,246.0,pchip,nearest_boundary,0.5521416042646848,0.5521416042646848,0.5412278177338641,0.0,0.010913786530820757,False,0.099011069387409,0.5414578182917291,0.08659938460488224,0.5412278177338641,0.0746766406148715,0.5467308886922319,0.06719651436212962,0.5521416042646848,0.23776492771125285,8.772922407182868,0.28408171230794443,0.5781698141084404,0.21742993629354296,0.6804609335588248
28_trial_020_gap_001,Pedrotti,28,28_trial_020,3,120.0,pchip,template,0.3813408633173427,0.3813408633173427,0.2792073076778403,0.0,0.10213355563950238,False,0.38999304367111376,0.5189622898938121,0.3019417658330089,0.3421310759300602,0.23580932547710468,0.2994019870922618,0.19777635180765293,0.3813408633173427,0.26240077902510833,0.6101634609589373,0.2975196681014158,0.3068510104692199,0.266458928849685,0.2792073076778403
28_trial_010_gap_001,Pedrotti,28,28_trial_010,3,108.0,pchip,forward_fill,0.8493704644333369,0.8493704644333369,0.7553850771926004,0.0,0.09398538724073646,False,0.12687389996232748,0.7553850771926004,0.11499455695428495,0.7822151166697088,0.09735877639503464,0.7959366705643952,0.08655598484134595,0.8493704644333369,0.28159986953414223,3.160469679673122,0.24576725280680534,0.9675500185686255,0.20497513243910326,0.8251141786609821
28_trial_047_gap_001,Pedrotti,28,28_trial_047,1,1.0,pchip,linear,0.010191948360798,0.010191948360798,0.0,0.0,0.010191948360798,False,0.0461869755183727,0.1141498216408865,0.03814073350414746,0.1141498216408865,0.017911161643004003,0.0,0.0154483921989825,0.010191948360798,0.019781483796908216,0.0107015457788304,0.019093659612590932,0.00951248513669,0.020367847603135262,0.0
28_trial_045_gap_001,Pedrotti,28,28_trial_045,4,152.0,pchip,forward_fill,0.68933535904287,0.68933535904287,0.5756465342998497,0.0,0.11368882474302033,False,0.6460514232246701,0.5756465342998497,0.4115585136764598,0.7158754369472221,0.3388451866026062,0.6125049371066771,0.3251219083694474,0.68933535904287,0.3610544628296626,0.7980462894174803,0.3733828525768326,0.6536986012087691,0.3589825638722718,0.6326615899389968
28_trial_041_gap_001,Pedrotti,28,28_trial_041,4,174.0,pchip,nearest_boundary,0.7030719469999825,0.7030719469999825,0.6935568163252271,0.0,0.009515130674755401,False,0.18664046462126724,0.7592296155942099,0.16883354581273166,0.6935568163252271,0.14393387721116402,0.7075887629627736,0.13301676490562672,0.7030719469999825,0.28818177375791976,5.1174393792933675,0.6300879163071117,0.9365001216996371,0.5924182011983102,1.591183495974122
28_trial_011_gap_001,Pedrotti,28,28_trial_011,5,234.0,pchip,pchip,0.0826663182738454,0.0826663182738454,0.0826663182738454,0.0,0.0,True,0.15440388493315232,0.1681851296591459,0.15837668113129685,0.1081924447624066,0.1264880002961771,0.085395345147556,0.10544021090198133,0.0826663182738454,0.3046833303427043,2.885605328961802,0.2812432576913596,0.363139494070382,0.20398289948500822,0.1563149098472411
28_trial_022_gap_001,Pedrotti,28,28_trial_022,3,144.0,pchip,nearest_boundary,0.5065100975596195,0.5065100975596195,0.4163702649455952,0.0,0.0901398326140243,False,0.2517278061378115,0.9055555555555506,0.18714082812413405,0.4163702649455952,0.1486753777886706,0.4710795279661344,0.14487775385176718,0.5065100975596195,0.25676015628222926,4.028640494840296,0.19875390607365093,0.6246050911996551,0.1949796419676633,0.7230099295929926
28_trial_016_gap_001,Pedrotti,28,28_trial_016,5,227.0,pchip,forward_fill,0.2468179263681927,0.2468179263681927,0.1641186964263883,0.0,0.0826992299418044,False,0.20520610549472668,0.1641186964263883,0.1612684995409622,0.3875116855950984,0.1319422322121362,0.3425972911302703,0.11924713266208574,0.2468179263681927,0.33828332461260946,0.6208916182942177,0.2699420490757562,0.1979095360194729,0.24221126778066804,0.2367863237668599
28_trial_040_gap_001,Pedrotti,28,28_trial_040,5,216.0,pchip,linear,0.2796214822896532,0.2796214822896532,0.2684406754312535,0.0,0.011180806858399728,False,0.2525920611455645,0.348121542040073,0.20418576079840936,0.3326076236216755,0.1609943406575332,0.2684406754312535,0.1404506793926987,0.2796214822896532,0.3456471765845361,0.617378019757519,0.24659236658622935,0.398388005928195,0.21380008204605216,0.3659517829675215
28_trial_015_gap_001,Pedrotti,28,28_trial_015,2,91.0,pchip,template,0.533558210821303,0.533558210821303,0.2855789811670096,0.0,0.24797922965429336,False,0.265537979553108,0.7513562716182319,0.23053505750747078,0.5245606190240361,0.18211057074272036,0.4028115392115833,0.1536822792764454,0.533558210821303,0.2977669680522947,0.8121474475572542,0.2534246022074407,0.5252684923913262,0.22595665916531976,0.2855789811670096
31_trial_072_gap_001,Pedrotti,31,31_trial_072,4,160.0,pchip,template,0.2670215974587042,0.2670215974587042,0.258386468291021,0.0,0.008635129167683164,False,0.1610818409137352,0.2670215974587042,0.13797223012931964,0.2670215974587042,0.11605676577970438,0.2670215974587042,0.10982117339984945,0.2670215974587042,0.2121951306494355,1.8815848847587544,0.7892047586774791,0.4065553934577507,0.7079894764196536,0.258386468291021
31_trial_077_gap_001,Pedrotti,31,31_trial_077,2,86.0,pchip,linear,0.4166959758441064,0.4166959758441064,0.3883880134361214,0.0,0.028307962407985,False,0.18264107408562463,0.8339199576234515,0.15070622068856576,0.4542197837241359,0.1247986186484836,0.3883880134361214,0.12132094703220483,0.4166959758441064,0.2163461198344771,0.8210844016714338,0.5574279089338322,1.220843263696189,0.5247696146431476,1.1483554392344733
31_trial_082_gap_001,Pedrotti,31,31_trial_082,2,55.0,pchip,linear,0.6276900746917471,0.6276900746917471,0.5679635478013016,0.0,0.05972652689044544,False,0.1915144632272866,0.9167036001860503,0.13976041197170755,0.6126513315926145,0.10618611597635998,0.5679635478013016,0.1008604331380906,0.6276900746917471,0.14368926638173837,0.7991225336885606,0.14389563324504936,0.8304567170397721,0.1391150920384064,0.663712602855308
31_trial_065_gap_001,Pedrotti,31,31_trial_065,3,109.0,pchip,forward_fill,0.1011331743817259,0.1011331743817259,0.0819703390022667,0.0,0.01916283537945919,False,0.2783697165101261,0.0819703390022667,0.23997854527041954,0.2391836484680141,0.18556386878443457,0.1738626967515662,0.1493909564480758,0.1011331743817259,0.397212845316425,0.3752908945622532,0.3347229701860521,0.3646934355488642,0.24037996292555916,0.2250518640221341
31_trial_056_gap_001,Pedrotti,31,31_trial_056,1,1.0,pchip,pchip,0.0004673333956652,0.0004673333956652,0.0004673333956652,0.0,0.0,True,0.06293860686861043,0.0486026731470341,0.049652457569009385,0.0486026731470341,0.032619608651341746,0.0121506682867447,0.03149383510031176,0.0004673333956652,0.05020756114224361,0.0060753341433723,0.039626188820740434,0.0040502227622758,0.04280809416905953,0.0121506682867447
31_trial_069_gap_001,Pedrotti,31,31_trial_069,3,137.0,pchip,forward_fill,0.0936984749179851,0.0936984749179851,0.0801639125914043,0.0,0.01353456232658079,False,0.04468107186762634,0.0801639125914043,0.03615889592182984,0.0928869147293479,0.03051322036011262,0.0936413780530231,0.027903111057803607,0.0936984749179851,0.07994759480125262,0.2690714877135856,0.1846638273456245,0.1721613098132114,0.15244927902299915,0.1659378585856752
31_trial_059_gap_001,Pedrotti,31,31_trial_059,5,205.0,pchip,linear,0.5332679007839706,0.5332679007839706,0.3925625690269358,0.0,0.14070533175703476,False,0.3757234789131156,0.7654444823645341,0.33436387442296966,0.4828339464872943,0.2622812422565859,0.3925625690269358,0.21681717053244162,0.5332679007839706,0.3218455148283929,0.7934058849885728,0.33172824524934413,0.468574992243426,0.2963368417521328,0.4410668744260681
31_trial_075_gap_001,Pedrotti,31,31_trial_075,1,17.0,pchip,polyfit_bic,0.2696450094859135,0.2696450094859135,0.2428425137842958,0.0,0.026802495701617718,False,0.05675620052566087,0.296927479828033,0.05292054567552669,0.2487750473079769,0.04514675596535651,0.2444828147408571,0.041664864601996435,0.2696450094859135,0.07047006653411149,0.5372758027694319,0.06520597529792134,0.2428425137842958,0.05998302665374014,0.4657568097352543
31_trial_080_gap_001,Pedrotti,31,31_trial_080,4,192.0,pchip,local_natural_cubic_spline,0.6258967648244369,0.6258967648244369,0.3724126124430266,0.0,0.2534841523814103,False,0.25507383183847243,0.4810881895707579,0.2191960191635232,0.6347295916053164,0.17526906066839826,0.6292497078699603,0.150922088434819,0.6258967648244369,0.3763866995602446,0.3724126124430266,0.2668810879859499,0.4167562554144369,0.2295626576543568,0.6082959962047907
31_trial_091_gap_001,Pedrotti,31,31_trial_091,1,37.0,pchip,forward_fill,0.7553286633794969,0.7553286633794969,0.6113660082223674,0.0,0.14396265515712947,False,0.07211603975150895,0.6113660082223674,0.0579920437724252,0.7713932523060683,0.04491658826084885,0.7580544326769112,0.04062290299972602,0.7553286633794969,0.05793973166521884,0.9883128876664542,0.06486660809471857,0.6643144620571332,0.06046882727482062,0.6545883661334164
31_trial_092_gap_001,Pedrotti,31,31_trial_092,3,117.0,pchip,pchip,0.140578019970122,0.140578019970122,0.140578019970122,0.0,0.0,True,0.22627831561886758,0.6041145117970025,0.19098017887625326,0.3206954442219909,0.15933372220513867,0.2257931745530702,0.15137347570254028,0.140578019970122,0.27300629713827845,2.0475637686137853,0.8927067864321951,0.5540609276422164,0.8196402360908173,0.5407058895166527
31_trial_073_gap_001,Pedrotti,31,31_trial_073,5,218.0,pchip,linear,0.0573137816678623,0.0573137816678623,0.0386720862928454,0.0,0.0186416953750169,False,0.06461328802559901,0.0793825416577353,0.058721843061558004,0.0518751997791211,0.04732683178485796,0.0386720862928454,0.039921244880494415,0.0573137816678623,0.22252348773120917,0.2016326686531714,0.2810011453948932,0.2408228271389005,0.1675661936043627,0.0407559513308001
31_trial_071_gap_001,Pedrotti,31,31_trial_071,5,203.0,pchip,template,0.2702432290317237,0.2702432290317237,0.2237569053354736,0.0,0.04648632369625011,False,0.560273855078775,0.6386023230884275,0.40869948035686265,0.2375341474006168,0.33093434637413577,0.2724903829557837,0.30524411432933307,0.2702432290317237,0.38595135191163854,0.336337962292885,0.38741907947546184,0.2953930849933361,0.3758799171701112,0.2237569053354736
31_trial_063_gap_001,Pedrotti,31,31_trial_063,2,53.0,pchip,pchip,0.1282026924373936,0.1282026924373936,0.1282026924373936,0.0,0.0,True,0.05792726925692529,0.1329793864129372,0.051589921677096966,0.1329793864129369,0.04322508546444084,0.1288508352631676,0.0386739263776948,0.1282026924373936,0.09769682477485526,0.1660541172883833,0.18522991008954223,0.2116839005952839,0.13492037663707468,0.149871047000246
31_trial_066_gap_001,Pedrotti,31,31_trial_066,4,190.0,pchip,linear,0.3170450311952296,0.3170450311952296,0.2732190073661427,0.0,0.0438260238290869,False,0.32371521821098864,0.5135188647279207,0.28220953708219687,0.279313369559274,0.23864742867664213,0.2732190073661427,0.22257604933895092,0.3170450311952296,0.4422612002858766,3.941046870346727,1.119211058973635,0.8180269976243291,1.0404495156982092,3.3021331080222263
31_trial_062_gap_001,Pedrotti,31,31_trial_062,2,59.0,pchip,nearest_boundary,0.2023954536467971,0.2023954536467971,0.1797834771279447,0.0,0.022611976518852384,False,0.6470002269422662,0.6852946088131249,0.3433409789917195,0.1797834771279447,0.2882971100537659,0.258136665987817,0.26502025830367376,0.2023954536467971,0.2688248231003126,0.2396293784887534,0.32208463593558456,0.316690295818172,0.30046255943190825,0.2601774896755886
31_trial_079_gap_001,Pedrotti,31,31_trial_079,5,205.0,pchip,forward_fill,0.6903786538817126,0.6903786538817126,0.3215074973398496,0.0,0.368871156541863,False,0.5742344738514931,0.3215074973398496,0.41361060832936164,0.8391167883669551,0.3342452077492424,0.6469040895860383,0.32043615184033575,0.6903786538817126,0.39678734192055654,1.3032999834035532,0.389727063622289,0.4315511721539484,0.38447686350087995,0.5938438157162009
31_trial_049_gap_001,Pedrotti,31,31_trial_049,1,5.0,pchip,local_natural_cubic_spline,0.2229349925807531,0.2229349925807531,0.1850730924173997,0.0,0.03786190016335342,False,0.08474090392677643,0.3631465716841456,0.057903336654397924,0.2369354517679822,0.03281574826835994,0.2283956043695832,0.030196254510185032,0.2229349925807531,0.038027518220025244,0.1850730924173997,0.039792482898398596,0.229725420607532,0.03994108094067735,0.1901508436202341
31_trial_095_gap_001,Pedrotti,31,31_trial_095,2,59.0,pchip,forward_fill,0.79106500140246,0.79106500140246,0.7057448364883919,0.0,0.08532016491406813,False,0.12536606463862898,0.7057448364883919,0.10605003994475988,0.9013759273740346,0.08799441177358766,0.8423066297701559,0.07851144951585527,0.79106500140246,0.17471441522350106,0.7547385998024454,0.15848884762936882,0.8961835305417045,0.14311818915835045,0.986460593573022
31_trial_084_gap_001,Pedrotti,31,31_trial_084,5,221.0,pchip,forward_fill,1.8766365200992097,1.8766365200992097,0.7912045554002696,0.0,1.08543196469894,False,0.8098882171992775,0.7912045554002696,0.7353831980233104,2.729564772526591,0.6036852655869528,2.135148506095223,0.5744449615119506,1.8766365200992097,0.8420245171091529,1.5973588897823907,0.8084006454478667,1.8138806309213105,0.7942970613349841,2.337534179325526
31_trial_078_gap_001,Pedrotti,31,31_trial_078,4,197.0,pchip,linear,0.6871232732647692,0.6871232732647692,0.6796342213497217,0.0,0.007489051915047451,False,0.7815645109866044,1.2827255594029838,0.5288911902142849,0.8199295839995856,0.4282086407162325,0.6796342213497217,0.4189036532220848,0.6871232732647692,0.4626037104489259,0.7835973937271975,0.4686747204840163,0.7038340072584901,0.47414062834345105,0.7158197546532491
31_trial_054_gap_001,Pedrotti,31,31_trial_054,2,55.0,pchip,nearest_boundary,0.2973596458503145,0.2973596458503145,0.1581354049923002,0.0,0.1392242408580143,False,0.5199641234645223,0.7956843183085867,0.305047111565615,0.1581354049923002,0.2444328142947454,0.3523895538324425,0.2246378001823965,0.2973596458503145,0.2408300246149198,0.2571516786867671,0.281583797860001,0.4310647533524639,0.2678421711575854,0.3395615716698968
31_trial_053_gap_001,Pedrotti,31,31_trial_053,4,199.0,pchip,local_natural_cubic_spline,0.2486074110773453,0.2486074110773453,0.1845729112459622,0.0,0.0640344998313831,False,0.5746277788929489,0.7737898253960125,0.4185104607806344,0.3836055393348616,0.3376311965518708,0.3136834435582368,0.3141621303548417,0.2486074110773453,0.3742028677193549,0.1845729112459622,0.376417784351339,0.3200697906676564,0.37172773195962405,0.3394067471044136
31_trial_087_gap_001,Pedrotti,31,31_trial_087,1,9.0,pchip,local_natural_cubic_spline,0.1241289005050473,0.1241289005050473,0.0671750825904238,0.0,0.05695381791462349,False,0.38331377601323385,0.5755929261052023,0.3622093007992885,0.3034351457370678,0.29743331695098313,0.1068275435852668,0.287718083942168,0.1241289005050473,0.41951208616404917,0.0671750825904238,0.3386053873006332,0.1791756476392611,0.33890567251381915,0.0789415262544041
31_trial_093_gap_001,Pedrotti,31,31_trial_093,1,4.0,pchip,local_natural_cubic_spline,0.1058935747433234,0.1058935747433234,0.062933647521341,0.0,0.0429599272219824,False,0.05501339777600467,0.0876240576065025,0.04599549569146332,0.1708107338296493,0.027658585983939735,0.1531124372460316,0.024219240781176737,0.1058935747433234,0.034032617621799634,0.062933647521341,0.03094791092440762,0.1557269164924762,0.031506788049738346,0.1829818880881717
31_trial_050_gap_001,Pedrotti,31,31_trial_050,1,2.0,pchip,linear,0.0225487390169473,0.0225487390169473,0.0072306579898705,0.0,0.0153180810270768,False,0.06218233254700276,0.0826005759855114,0.049053628666760885,0.0433839479392723,0.03179879345166317,0.0072306579898705,0.03052285254500385,0.0225487390169473,0.048777069519798905,0.0356559804273365,0.037899165376321174,0.0328259131243121,0.04127934119851001,0.0072306579898705
31_trial_052_gap_001,Pedrotti,31,31_trial_052,5,242.0,pchip,linear,0.1897021094058663,0.1897021094058663,0.1787773356338753,0.0,0.010924773771990998,False,0.21200575588236534,0.2283615354284758,0.17716498865268335,0.2135986808856083,0.14841531570158592,0.1787773356338753,0.13561610549108052,0.1897021094058663,0.30314203116433014,0.2515118232828735,0.5633055289030673,0.8007170554619347,0.49718931659481647,0.4451796257170454
31_trial_067_gap_001,Pedrotti,31,31_trial_067,2,88.0,pchip,pchip,0.1966771212856543,0.1966771212856543,0.1966771212856543,0.0,0.0,True,0.6619372936779853,0.7121183578990062,0.39641409707739667,0.2419838523350197,0.32871767089547277,0.2288316463310027,0.3108576238980347,0.1966771212856543,0.3377985828689187,0.1986736724525127,0.3679415712266251,0.2498589984362576,0.3549564064419211,0.2242112594116706
31_trial_085_gap_001,Pedrotti,31,31_trial_085,3,139.0,pchip,pchip,0.3139521703531007,0.3139521703531007,0.3139521703531007,0.0,0.0,True,0.2859759172655551,0.5920284920266624,0.2542006412862951,0.3648481907372572,0.20036647969908813,0.3184139672199979,0.16740602169031427,0.3139521703531007,0.3338513974193809,0.5676871602391577,0.27190824722037915,0.3634754927071168,0.24239274009226572,0.3649363119013787
31_trial_061_gap_001,Pedrotti,31,31_trial_061,4,177.0,pchip,linear,0.2429881744228407,0.2429881744228407,0.1748727381570408,0.0,0.06811543626579991,False,0.24897793562469403,0.2430070528005257,0.21782990433060573,0.2092640500343139,0.1812065121725792,0.1748727381570408,0.1619568925198686,0.2429881744228407,0.4143017724713614,0.4903056393826003,0.5270945926932054,1.0986285876094202,0.468451882899218,1.1570112762459417
31_trial_068_gap_001,Pedrotti,31,31_trial_068,3,111.0,pchip,template,0.535169789587588,0.535169789587588,0.5149979649641978,0.0,0.020171824623390178,False,0.26981772145598687,0.669120799300859,0.2231280616524291,0.5321021253532837,0.17488351427976748,0.554684580396745,0.14978071325229775,0.535169789587588,0.3547146506020336,0.6464730890966419,0.26832638835681905,0.5398148184596199,0.23296967037773683,0.5149979649641978
31_trial_074_gap_001,Pedrotti,31,31_trial_074,5,207.0,pchip,linear,0.3623059478536218,0.3623059478536218,0.3459403947903969,0.0,0.016365553063224902,False,0.2899784047541932,0.3692706198617577,0.2474419769277829,0.3582862993006929,0.2117532955309562,0.3459403947903969,0.19749169267622133,0.3623059478536218,0.40061442572204964,2.7273395392561772,1.093579856127939,0.7454392328839685,1.0005577206131138,0.7842133900603002
31_trial_076_gap_001,Pedrotti,31,31_trial_076,3,113.0,pchip,nearest_boundary,0.1881366015514452,0.1881366015514452,0.1845570432417596,0.0,0.003579558309685621,False,0.07054569427453534,0.1975947064178754,0.06196286716562539,0.1845570432417596,0.053027627697113035,0.18782617118471,0.048034965693537594,0.1881366015514452,0.15179230235397004,0.4056588686016773,0.2470442105841625,0.3667342579996578,0.1883885992512302,0.2677696762298721
31_trial_083_gap_001,Pedrotti,31,31_trial_083,4,194.0,pchip,pchip,0.2808970246866591,0.2808970246866591,0.2808970246866591,0.0,0.0,True,0.6414111521369101,0.5336195533602548,0.4362578010864934,0.5363809304804269,0.3564665941655924,0.3536122346004786,0.3449390662656485,0.2808970246866591,0.3901305425210286,0.3703201577157946,0.39502004024215714,0.3873760208034081,0.38833177634211985,0.3611075034554249
31_trial_086_gap_001,Pedrotti,31,31_trial_086,3,128.0,pchip,local_natural_cubic_spline,0.0850049401869301,0.0850049401869301,0.0823546262570229,0.0,0.0026503139299071943,False,0.048649585706123225,0.0855906245505718,0.04096369137227813,0.0846042111499218,0.03492584727412288,0.0857132531019447,0.0327778603294092,0.0850049401869301,0.08925487725301795,0.0823546262570229,0.24515629705197173,0.3549775914313706,0.18924338500277774,0.3220611754007212
31_trial_057_gap_001,Pedrotti,31,31_trial_057,4,182.0,pchip,local_natural_cubic_spline,0.3487788888641474,0.3487788888641474,0.2764597330367941,0.0,0.07231915582735327,False,0.658811311281512,0.8833312670190455,0.414719813811533,0.4868745815765188,0.34596804726167185,0.3848333421309538,0.3266561504369448,0.3487788888641474,0.3544664432709294,0.2764597330367941,0.3781447114512661,0.4153950148516159,0.36202570099713927,0.4285141591529493
31_trial_094_gap_001,Pedrotti,31,31_trial_094,5,237.0,pchip,pchip,0.0595420367678359,0.0595420367678359,0.0595420367678359,0.0,0.0,True,0.09726935818639358,0.0730842470597093,0.08130425387961121,0.0750992274340596,0.06677176216803246,0.0745150039521216,0.05702285102248804,0.0595420367678359,0.21878880256981706,0.3295321820861147,0.2919349045567734,0.1829007189336292,0.19508223000204614,0.1358280727257883
31_trial_064_gap_001,Pedrotti,31,31_trial_064,3,105.0,pchip,nearest_boundary,0.1520965222068804,0.1520965222068804,0.1493057311570996,0.0,0.0027907910497808053,False,0.14251297985887634,0.2271436713271582,0.13557028234386442,0.1493057311570996,0.11458252655241344,0.1517094388820567,0.09945009035850792,0.1520965222068804,0.3418749451416027,1.68143248667654,0.3401145540219245,0.2612741991332836,0.27933230530897457,0.4363622330653963
31_trial_051_gap_001,Pedrotti,31,31_trial_051,2,87.0,pchip,forward_fill,0.9435387345712242,0.9435387345712242,0.8135885677065495,0.0,0.12995016686467464,False,0.516917125976495,0.8135885677065495,0.45210051964130443,1.084353191162886,0.37551758724709117,0.8789478857481773,0.35641578113997374,0.9435387345712242,0.6029400945374819,3.2006926232955313,0.7746419694123202,2.7832496184582056,0.752844400907077,2.713935713999125
31_trial_055_gap_001,Pedrotti,31,31_trial_055,1,39.0,pchip,pchip,0.4145826819935063,0.4145826819935063,0.4145826819935063,0.0,0.0,True,0.08683669208528053,0.6006940040561085,0.07175013928403542,0.5057266036617905,0.0573766949606652,0.4792805330617891,0.05094557440054938,0.4145826819935063,0.07463403299102829,0.6884983543896701,0.09682442942708046,0.5093451774862625,0.0885962445880803,0.4348587751738212
36_trial_003_gap_001,Pedrotti,36,36_trial_003,5,228.0,pchip,forward_fill,0.8421285001537999,0.8421285001537999,0.438355872434969,0.0,0.40377262771883093,False,0.4800368137963655,0.438355872434969,0.4175589868230858,0.9357924363682524,0.34506529068769354,0.8153800028356409,0.3230493634153508,0.8421285001537999,0.56971594135439,2.58340442808484,1.1465832347710534,3.0227936659880963,1.0498132849612658,2.8007127792158237
36_trial_018_gap_001,Pedrotti,36,36_trial_018,3,144.0,pchip,pchip,0.0670080092658081,0.0670080092658081,0.0670080092658081,0.0,0.0,True,0.06630692525155861,0.1289869298522218,0.058228004041653,0.0967858741183823,0.048139467901951095,0.0875327319721323,0.04122948962849836,0.0670080092658081,0.20472887324460098,0.103890611301977,0.30103733083273926,0.1835389535086109,0.1888349613715176,0.1971332466204521
36_trial_017_gap_001,Pedrotti,36,36_trial_017,4,182.0,pchip,linear,0.1065587339665026,0.1065587339665026,0.1004955747779576,0.0,0.006063159188544998,False,0.2386794744661803,0.1608580746415261,0.21406129032524335,0.1581437881774452,0.17105393048718717,0.1004955747779576,0.14595932741443188,0.1065587339665026,0.32727889263482735,0.173640272707636,0.32039778005659375,0.335034908877215,0.24452848919736442,0.2919776505900715
36_trial_048_gap_001,Pedrotti,36,36_trial_048,2,51.0,pchip,linear,0.4947373383624232,0.4947373383624232,0.4662208809777092,0.0,0.028516457384713978,False,0.575716125804617,0.860979786608951,0.33502118576460904,0.6653004997361417,0.2710570709975406,0.4662208809777092,0.24247403815808993,0.4947373383624232,0.2510494547787171,0.5189280279016404,0.30454178997573605,0.4784141914567281,0.2849430762233921,0.4774757714305951
36_trial_001_gap_001,Pedrotti,36,36_trial_001,3,128.0,pchip,pchip,0.0296950702573917,0.0296950702573917,0.0296950702573917,0.0,0.0,True,0.03633473212189265,0.0326586012921913,0.02963663992549597,0.0311793232454751,0.025457110520500006,0.0309562920351764,0.023864806382178777,0.0296950702573917,0.07287699752713696,0.0687436267884218,0.2435600435952954,0.1911444287646656,0.19770591826278094,0.1922849198386963
36_trial_006_gap_001,Pedrotti,36,36_trial_006,2,96.0,pchip,linear,0.2932323004675227,0.2932323004675227,0.2886946526654569,0.0,0.004537647802065781,False,0.269214727783002,0.6835135075626438,0.2236811053405139,0.3951423468572412,0.18450811021083033,0.2886946526654569,0.1757861994956227,0.2932323004675227,0.30666982176978663,1.627672034502377,0.9086370489624831,4.731614604054375,0.8518255476828006,2.513619385286335
36_trial_034_gap_001,Pedrotti,36,36_trial_034,5,209.0,pchip,forward_fill,0.1509856928303877,0.1509856928303877,0.041584026505486,0.0,0.1094016663249017,False,0.2678698014212555,0.041584026505486,0.2575907186234737,0.2756442662882198,0.19860447100345202,0.2235627976803476,0.1613149681741908,0.1509856928303877,0.43366750300410556,0.9122610486760712,0.35957053680504136,0.5108629243738728,0.24304279219451042,0.3133099413384493
36_trial_022_gap_001,Pedrotti,36,36_trial_022,2,96.0,pchip,linear,0.2930094483101735,0.2930094483101735,0.2860281892574983,0.0,0.006981259052675215,False,0.11298537891746592,0.3672166827729396,0.09251442605567954,0.3278031498043746,0.07692158474429918,0.2860281892574983,0.07517565743362345,0.2930094483101735,0.13797770388593422,1.039460406530618,0.5338505901662085,0.6361456063024137,0.5277829222305047,0.8489207431754183
36_trial_009_gap_001,Pedrotti,36,36_trial_009,4,150.0,pchip,local_natural_cubic_spline,0.3235901002848704,0.3235901002848704,0.1825782827103463,0.0,0.1410118175745241,False,0.1707483237020607,0.3753725774063102,0.15037201601560676,0.3095416047011425,0.12623046210839234,0.3322729202960562,0.12041935485882604,0.3235901002848704,0.2366624294224901,0.1825782827103463,0.8293063020748461,1.237329777101334,0.7617319037750628,1.4256891930448328
36_trial_044_gap_001,Pedrotti,36,36_trial_044,4,171.0,pchip,polyfit_bic,0.4111461174545653,0.4111461174545653,0.3659501822287055,0.0,0.045195935225859796,False,0.6369600880758962,0.5762600964762349,0.44156894765591537,0.5350857779223884,0.3598980972936627,0.4128486243151962,0.343177964374351,0.4111461174545653,0.3750757373874959,0.4952318846341506,0.3879928241406022,0.3659501822287055,0.3726291329333267,0.3768089964598052
36_trial_041_gap_001,Pedrotti,36,36_trial_041,5,214.0,pchip,forward_fill,0.0862241442233308,0.0862241442233308,0.0853821357823836,0.0,0.0008420084409472006,False,0.04352706958444199,0.0853821357823836,0.04141447094199873,0.086172539006803,0.03457271139715833,0.0862863174951625,0.02979069140471915,0.0862241442233308,0.17139912538369953,1.553686399631902,0.2899707560750683,0.2237818028568215,0.1634708371762956,0.090957882522161
36_trial_025_gap_001,Pedrotti,36,36_trial_025,3,102.0,pchip,linear,0.0154904127581052,0.0154904127581052,0.0148293889897925,0.0,0.0006610237683127001,False,0.06392183015270946,0.0160644780257691,0.057068044266647154,0.0187342183417107,0.04965804321806656,0.0148293889897925,0.04580350362546968,0.0154904127581052,0.1384067673120327,0.2323837709771725,0.3386084200090652,0.6329277977395644,0.2768194125296998,0.3121678347554978
36_trial_015_gap_001,Pedrotti,36,36_trial_015,4,165.0,pchip,local_natural_cubic_spline,0.6139107564011372,0.6139107564011372,0.5997872355341317,0.0,0.014123520867005523,False,0.911808076381128,0.8438136516932718,0.6990708511299486,0.849828093339359,0.5656063633923971,0.6861636023963699,0.5474822343084692,0.6139107564011372,0.6352649757121112,0.5997872355341317,0.6606192677681819,0.7442920376979986,0.6578799524652632,0.719559507858379
36_trial_035_gap_001,Pedrotti,36,36_trial_035,4,168.0,pchip,linear,0.8250279620172353,0.8250279620172353,0.7111407745749373,0.0,0.11388718744229798,False,0.9205914519050582,1.1252595742963991,0.7371596344720017,0.931849413434046,0.5995370073725426,0.7111407745749373,0.5768149936722303,0.8250279620172353,0.6919734749334708,0.8357577810411986,0.7174808757195817,0.7133614290696176,0.7128911191183559,0.758977661313237
36_trial_043_gap_001,Pedrotti,36,36_trial_043,5,235.0,pchip,linear,0.3393721126695642,0.3393721126695642,0.3143178378540724,0.0,0.025054274815491773,False,0.7075882884646018,0.6949794735160186,0.441337284672637,0.3216513839487646,0.36545924997949897,0.3143178378540724,0.3531498746659876,0.3393721126695642,0.37885039752617555,0.6273819583858647,0.40499610692710486,0.3565453102745537,0.38773307168017945,0.3324332843086064
36_trial_011_gap_001,Pedrotti,36,36_trial_011,1,42.0,pchip,polyfit_bic,0.8306575989557872,0.8306575989557872,0.6592186461386814,0.0,0.17143895281710575,False,0.20574195924603852,0.9545588923419196,0.17752751642828632,0.7122395240902053,0.12466240706750506,0.7426808325952111,0.08996629225999744,0.8306575989557872,0.1055954645996474,1.028564212464978,0.18667871738177055,0.6592186461386814,0.15684740804421451,0.6756637069623198
36_trial_013_gap_001,Pedrotti,36,36_trial_013,3,130.0,pchip,pchip,0.3493571900913379,0.3493571900913379,0.3493571900913379,0.0,0.0,True,0.711745452783892,0.6373668614662173,0.41779201545645733,0.422149377583465,0.3455488993780955,0.3698599566628376,0.33097505853205794,0.3493571900913379,0.34936642094491516,0.3516669183503729,0.3810818450231565,0.3872913728066508,0.3622906114394438,0.3568258743913399
36_trial_014_gap_001,Pedrotti,36,36_trial_014,4,184.0,pchip,linear,0.6146431715829683,0.6146431715829683,0.517545336770954,0.0,0.09709783481201428,False,0.6927897398680423,0.978296428508726,0.4443233112288288,0.6419787762651935,0.36560087058082946,0.517545336770954,0.35145038197349765,0.6146431715829683,0.36495885080388113,0.7530946896393411,0.3992115524761101,0.5550907081081061,0.3850716509361767,0.5380825726711862
36_trial_002_gap_001,Pedrotti,36,36_trial_002,3,124.0,pchip,nearest_boundary,0.3481140495861808,0.3481140495861808,0.3375524835139212,0.0,0.01056156607225961,False,0.14781398334697815,0.3548953697363269,0.12834649115970403,0.3375524835139212,0.10724734366753615,0.3386871700022241,0.102469902168277,0.3481140495861808,0.19846609435540252,0.6665192343931884,0.7628348660830808,1.7455367803659236,0.7109170116113008,1.5719975317684836
36_trial_033_gap_001,Pedrotti,36,36_trial_033,3,121.0,pchip,linear,0.2212189855296767,0.2212189855296767,0.1901007301918733,0.0,0.031118255337803408,False,0.14222955120513092,0.2350160330510876,0.1251918406943935,0.2385677487696286,0.10552787938262474,0.1901007301918733,0.10219573865592048,0.2212189855296767,0.18946537025785623,2.1989561148421934,0.6604522394410145,1.2338530201810305,0.6167447075451186,1.2302421975113456
36_trial_045_gap_001,Pedrotti,36,36_trial_045,2,86.0,pchip,local_natural_cubic_spline,0.1836790123946981,0.1836790123946981,0.1270279657483775,0.0,0.05665104664632062,False,0.2543088402012091,0.2179620784755159,0.19572911871050835,0.1829380194246801,0.15707494826727125,0.1941994177172795,0.13698259136649468,0.1836790123946981,0.29921995333985946,0.1270279657483775,0.2535014629371372,0.3631426982019626,0.23266778244526617,0.2337211020926446
36_trial_010_gap_001,Pedrotti,36,36_trial_010,3,131.0,pchip,polyfit_bic,0.1011956733004948,0.1011956733004948,0.0687942378417194,0.0,0.0324014354587754,False,0.041779886262508975,0.1015769675990614,0.037635804906420454,0.1002417945804014,0.03251254669919249,0.1005613302561319,0.029864070059334842,0.1011956733004948,0.11783094539138207,0.1717126916931631,0.2627661278877178,0.0687942378417194,0.18958292793935402,0.2050876337355532
36_trial_046_gap_001,Pedrotti,36,36_trial_046,1,14.0,linear,nearest_boundary,0.0987503568591032,0.1087260717542728,0.0876285728501185,0.009975714895169602,0.011121784008984698,False,0.10997906795630132,0.1415883123120319,0.09736859108591289,0.0876285728501185,0.08012361651314455,0.0987503568591032,0.08347480856111622,0.1087260717542728,0.15919664419439103,0.0888125585661122,0.08541342530730558,0.1323399823448827,0.09231562931570021,0.0962129476760438
36_trial_038_gap_001,Pedrotti,36,36_trial_038,1,5.0,pchip,local_natural_cubic_spline,0.1666388271216,0.1666388271216,0.1265571485714519,0.0,0.0400816785501481,False,0.039169084877438136,0.1792825206823541,0.03526728428028483,0.1703330071751491,0.02577829038134396,0.1666162886824556,0.02254396701302434,0.1666388271216,0.03504279195182822,0.1265571485714519,0.06258390459805004,0.2187270164585998,0.05522631919931516,0.178642687722003
36_trial_005_gap_001,Pedrotti,36,36_trial_005,4,151.0,pchip,polyfit_bic,0.4959585749366629,0.4959585749366629,0.3302417955599557,0.0,0.1657167793767072,False,0.4058124460488548,0.8337384490268712,0.31048502333602124,0.5761165142200664,0.24890236512090894,0.4787561920768767,0.21839452934163758,0.4959585749366629,0.42592456166480114,0.5539781170726611,0.37983123006906977,0.3302417955599557,0.3503292518463324,0.4618803178480578
36_trial_039_gap_001,Pedrotti,36,36_trial_039,1,35.0,pchip,template,0.2626302682432421,0.2626302682432421,0.1577303553906733,0.0,0.1048999128525688,False,0.11037532809016826,0.3261659266907041,0.0920230911578183,0.2634590898275882,0.06948987460020535,0.267247273150748,0.05299355075475226,0.2626302682432421,0.14897330785566978,0.6548241083352212,0.2344454324046116,0.4369710221545195,0.15514811456227298,0.1577303553906733
36_trial_004_gap_001,Pedrotti,36,36_trial_004,2,92.0,pchip,forward_fill,0.0285820339273193,0.0285820339273193,0.0272702916140775,0.0,0.0013117423132418017,False,0.0431075433117319,0.0272702916140775,0.038846495140526655,0.0281645699992843,0.03290625880975484,0.0286891010546564,0.030364509231350915,0.0285820339273193,0.08946652362382936,0.135860649719542,0.24414113752418648,0.2217700934330833,0.1844679663059489,0.1973668516929058
36_trial_040_gap_001,Pedrotti,36,36_trial_040,4,155.0,pchip,linear,0.4355681290109359,0.4355681290109359,0.4310572602732422,0.0,0.004510868737693685,False,0.3792467844693188,0.5430282240725717,0.3368688545873901,0.503258717775291,0.2659379981594623,0.4310572602732422,0.223031879734967,0.4355681290109359,0.35885692234641375,0.444799239639662,0.3476200119122385,0.4583459656894365,0.3115835507437407,0.4553163725604264
36_trial_020_gap_001,Pedrotti,36,36_trial_020,1,23.0,pchip,forward_fill,0.2938047941821132,0.2938047941821132,0.212674313919248,0.0,0.0811304802628652,False,0.43203042585807166,0.212674313919248,0.4102097798493327,0.3657230860975461,0.3411860976934348,0.273074121500317,0.33264967801052314,0.2938047941821132,0.506606184685341,0.3866457269729287,0.3951542600041653,0.3476444999788542,0.40235695792368364,0.3435660929645111
36_trial_028_gap_001,Pedrotti,36,36_trial_028,5,229.0,pchip,pchip,0.2904734857607662,0.2904734857607662,0.2904734857607662,0.0,0.0,True,0.26311350622293933,0.3050399009509147,0.23037160400265466,0.3041861764722981,0.19709373647014208,0.2918648407808627,0.1828306740530393,0.2904734857607662,0.3893555338556287,0.5723072197805582,1.0914682456335087,0.598155491786721,1.008351126325272,1.2220953639711245
36_trial_026_gap_001,Pedrotti,36,36_trial_026,1,25.0,pchip,local_natural_cubic_spline,0.3624267799902212,0.3624267799902212,0.2249553104857058,0.0,0.13747146950451541,False,0.10205862270675686,0.3991068219984783,0.07516255323693787,0.411860193661621,0.05158762395356195,0.37601285117318,0.04879668069098892,0.3624267799902212,0.07342004214171399,0.2249553104857058,0.06238634826459808,1.0522746751539176,0.06315902859996356,0.9235837886769548
36_trial_027_gap_001,Pedrotti,36,36_trial_027,2,84.0,pchip,linear,0.5579843537209664,0.5579843537209664,0.5477104773460463,0.0,0.010273876374920166,False,0.6774804278934188,1.0065760984227845,0.37325867092584636,0.7020210522809388,0.3164510978557974,0.5477104773460463,0.29875298243219217,0.5579843537209664,0.3143020069549862,0.6346537154693548,0.35070903744674653,0.5575970643823593,0.32828464732525664,0.5502017203092041
36_trial_008_gap_001,Pedrotti,36,36_trial_008,5,202.0,pchip,local_natural_cubic_spline,0.3271186824262885,0.3271186824262885,0.299714302768944,0.0,0.02740437965734449,False,0.6889031090397331,0.90898670551463,0.4630457769143419,0.5060409848859326,0.3777668278355787,0.4178804817015115,0.3639815372414433,0.3271186824262885,0.44364003131815244,0.299714302768944,0.47125825206238586,0.6841214636043114,0.4681119464733707,0.7362993143928265
36_trial_032_gap_001,Pedrotti,36,36_trial_032,5,234.0,pchip,linear,0.0185461900357946,0.0185461900357946,0.0164650142245909,0.0,0.002081175811203699,False,0.05776438373318588,0.0394001610452674,0.047035044072375465,0.026668430806815,0.03922582460589284,0.0164650142245909,0.0355873501035713,0.0185461900357946,0.13758835722684,0.0714822297922644,0.3161799786486975,0.2698917471672126,0.25442030660584497,0.1743943305812744
36_trial_007_gap_001,Pedrotti,36,36_trial_007,1,30.0,pchip,pchip,0.1643923803070657,0.1643923803070657,0.1643923803070657,0.0,0.0,True,0.08380088566053762,0.4005041916630469,0.0628783044682813,0.1726332658867158,0.04094762945639514,0.1958299639265598,0.03501294615061882,0.1643923803070657,0.04576915139065632,0.3938826159183843,0.052632002304901386,0.3254952471481401,0.0512140875382362,0.2090295532745769
36_trial_042_gap_001,Pedrotti,36,36_trial_042,5,210.0,pchip,local_natural_cubic_spline,0.2626378404019917,0.2626378404019917,0.2232281255845994,0.0,0.03940971481739228,False,0.6223184860331415,0.4765993524920566,0.3847891132217869,0.4833529671098479,0.3252526755443352,0.3531010592301708,0.3037339545480316,0.2626378404019917,0.3415728005265901,0.2232281255845994,0.3827935191247512,0.4670434369172404,0.3600089778532601,0.438053076071865
36_trial_019_gap_001,Pedrotti,36,36_trial_019,1,47.0,pchip,linear,0.0995403845686964,0.0995403845686964,0.0958494976054102,0.0,0.003690886963286205,False,0.08462889684697682,0.1530179188445834,0.07029580544827371,0.1158700294190345,0.05794754211201139,0.0958494976054102,0.05361925643669705,0.0995403845686964,0.09778620513984139,0.1434206457323538,0.07575243342161828,0.1123038478504996,0.07289520862442125,0.1163193399635707
36_trial_030_gap_001,Pedrotti,36,36_trial_030,2,90.0,pchip,nearest_boundary,0.28244837481566,0.28244837481566,0.2761204724588275,0.0,0.006327902356832504,False,0.12185876007040698,0.3643702420087934,0.10737926197303092,0.2761204724588275,0.09210151021843441,0.2823521410640531,0.08429374697182863,0.28244837481566,0.21221975821101935,0.8836317500242247,0.20473186716881211,0.5080137641832411,0.18032496087787292,0.3070754716514145
36_trial_031_gap_001,Pedrotti,36,36_trial_031,2,83.0,pchip,nearest_boundary,0.4485899642051171,0.4485899642051171,0.3984502496248557,0.0,0.050139714580261396,False,0.19537316353314887,0.5845497637998603,0.17575663908546577,0.3984502496248557,0.1430486511917367,0.4672598655333468,0.1241546006320964,0.4485899642051171,0.385222260662908,1.8185658203221264,0.2597483590008745,0.6707937226255151,0.21431688586716505,0.5344386145453665
36_trial_012_gap_001,Pedrotti,36,36_trial_012,3,103.0,pchip,local_natural_cubic_spline,0.8402169558995535,0.8402169558995535,0.7476223542431087,0.0,0.09259460165644473,False,0.5775736332263403,1.3038202493903583,0.5069138074444065,0.920799485098964,0.4203904089238798,0.9307153639455916,0.39884831536168547,0.8402169558995535,0.6665572758564795,0.7476223542431087,0.9181662657736969,1.236473182190945,0.8726895928068171,1.224968257819267
YAC_NR7_ET_gap_001,ZuCo,YAC,YAC_NR7_ET,1,4.0,local_natural_cubic_spline,linear,0.0033960366727612,0.0036174081371137,0.0025262094227631,0.00022137146435250018,0.0008698272499981,False,0.1811154476343824,0.0075786282682851,0.11746794964275238,0.0075786282682851,0.04720291075044846,0.0025262094227631,0.039990170944508144,0.0036174081371137,0.0394794493189686,0.0033960366727612,0.05391100337006552,0.0032596912721024,0.05114978414341135,0.0025262094227631
YAC_NR7_ET_gap_002,ZuCo,YAC,YAC_NR7_ET,1,16.0,pchip,local_natural_cubic_spline,0.0036607400024616,0.0036607400024616,0.0025521985111586,0.0,0.0011085414913029998,False,0.34493426506541025,0.0445949310190973,0.24526603577510547,0.0202294017658786,0.18250447984148277,0.0039608622210062,0.17545819802887203,0.0036607400024616,0.27960185883799854,0.0025521985111586,0.24396985282693318,0.0073543972727188,0.2152899998054282,0.0044347790820821
YAC_NR7_ET_gap_003,ZuCo,YAC,YAC_NR7_ET,1,8.0,local_natural_cubic_spline,local_natural_cubic_spline,0.0233052268298639,0.0641305747402573,0.0233052268298639,0.0408253479103934,0.0,True,0.21690101356784103,0.502114998326488,0.13659279364248803,0.2647314881304136,0.07984685623772088,0.1631199284793388,0.05732041754228623,0.0641305747402573,0.04996673136226355,0.0233052268298639,0.08355205331963281,0.0773601695169623,0.08854010647097355,0.1597520086678132
YAC_NR7_ET_gap_004,ZuCo,YAC,YAC_NR7_ET,1,10.0,pchip,forward_fill,0.0099690846073049,0.0099690846073049,0.0058692681889877,0.0,0.0040998164183172,False,0.15773609180723988,0.0058692681889877,0.10621651162455942,0.0147706676943503,0.0692430171570928,0.0114635910517501,0.05485979822024933,0.0099690846073049,0.05618192694170549,0.0076119856916724,0.08183106599567413,0.0114192669931028,0.07736225447775884,0.0117661011226561
YAC_NR7_ET_gap_005,ZuCo,YAC,YAC_NR7_ET,2,64.0,pchip,linear,0.3161431837771283,0.3161431837771283,0.307093135934787,0.0,0.009050047842341313,False,0.6648993219419032,0.8266028140433541,0.31631278807868635,0.4290100434687018,0.2704250000619712,0.307093135934787,0.24357121077903726,0.3161431837771283,0.24543630752161363,0.3160002373024034,0.3018377912353967,0.3174716990634377,0.2739067605545958,0.3073447393195483
YAC_NR7_ET_gap_006,ZuCo,YAC,YAC_NR7_ET,2,90.0,pchip,pchip,0.2457449894087556,0.2457449894087556,0.2457449894087556,0.0,0.0,True,0.4188540082396523,0.7007635989433423,0.32460593419829187,0.4765158692173104,0.2503735457466625,0.3743942002799515,0.20921528353768126,0.2457449894087556,0.2948938051408219,0.4059287928035854,0.31772023360377644,0.5187511361892017,0.27215559539226675,0.4145397802234478
YAC_NR7_ET_gap_007,ZuCo,YAC,YAC_NR7_ET,2,94.0,pchip,linear,0.0048128075765605,0.0048128075765605,0.0044748733752097,0.0,0.0003379342013508004,False,0.02531939731036817,0.0057667893582118,0.019655778958612057,0.0066481930055518,0.016918343022245392,0.0044748733752097,0.015680815781010205,0.0048128075765605,0.04467842041820251,0.0051980620732171,0.14433860502016435,0.0870141102810199,0.1259606577891887,0.1371580502062518
YAC_NR7_ET_gap_008,ZuCo,YAC,YAC_NR7_ET,2,54.0,local_natural_cubic_spline,local_natural_cubic_spline,0.2519906662214928,0.2669185174541789,0.2519906662214928,0.014927851232686085,0.0,True,0.5035458692080479,0.3386857890783791,0.342430274084509,0.4392930391496273,0.26704350199109256,0.3312361151184521,0.22352358839141345,0.2669185174541789,0.21428567018342093,0.2519906662214928,0.30196930375367864,0.3476905535756165,0.27705256970222125,0.3422239010940718
YAC_NR7_ET_gap_009,ZuCo,YAC,YAC_NR7_ET,3,142.0,linear,nearest_boundary,0.0729207259213342,0.0667212993629055,0.0645408881658181,-0.0061994265584287,0.008379837755516095,False,0.4478840739345992,0.1232670592348754,0.4000727599625405,0.0645408881658181,0.3486214565080441,0.0729207259213342,0.35136984046343567,0.0667212993629055,1.03152094504047,0.1684650133159172,1.6902097586204357,0.2206086450072047,1.4738554638347272,0.3386104479329976
YAC_NR7_ET_gap_010,ZuCo,YAC,YAC_NR7_ET,3,120.0,pchip,pchip,0.0178707298662607,0.0178707298662607,0.0178707298662607,0.0,0.0,True,0.44593127485123973,0.1079546257509116,0.4415587618349029,0.0477051940723278,0.3890185976156518,0.0199611561798119,0.38735644489317606,0.0178707298662607,0.9288504294489814,0.0398701925030323,2.49017830321022,0.4391920817743946,2.13721956304129,0.5151869079088813
YAC_NR7_ET_gap_011,ZuCo,YAC,YAC_NR7_ET,3,124.0,pchip,local_natural_cubic_spline,0.1509574502603567,0.1509574502603567,0.1118845601502601,0.0,0.0390728901100966,False,0.2698270174314104,0.4337552275392105,0.21090406111022122,0.2913784519160589,0.16254317118925315,0.226200194449076,0.1349773066928117,0.1509574502603567,0.2839523334001075,0.1118845601502601,0.29785211231765324,0.3984412487082466,0.21848178005488023,0.2735294992203589
YAC_NR7_ET_gap_012,ZuCo,YAC,YAC_NR7_ET,3,140.0,pchip,forward_fill,0.051673339112618,0.051673339112618,0.0481458872268351,0.0,0.0035274518857828993,False,0.4054691598379112,0.0481458872268351,0.424274864729191,0.0896604209342457,0.37301298835796076,0.071071609213578,0.3718040300000753,0.051673339112618,0.8055450115281254,0.0686868920971661,2.5919524775222027,1.0987159574902856,2.018443888265781,0.775816517724588
YAC_NR7_ET_gap_013,ZuCo,YAC,YAC_NR7_ET,4,180.0,pchip,forward_fill,0.5324043319880982,0.5324043319880982,0.1744626798085189,0.0,0.3579416521795793,False,0.71219137312239,0.1744626798085189,0.5512430703907105,1.0233072598025146,0.4722458269357523,0.800352094586279,0.4520743470359839,0.5324043319880982,0.8056367468996464,2.752264007009123,0.9670725369641172,2.8729602499914004,0.8271868631140459,1.8563547914306493
YAC_NR7_ET_gap_014,ZuCo,YAC,YAC_NR7_ET,4,198.0,pchip,local_natural_cubic_spline,0.1160039758314754,0.1160039758314754,0.058003590949036,0.0,0.058000384882439394,False,0.20513616690198516,0.3111374787687346,0.15589418681702935,0.2118521278713297,0.12514703056599746,0.167035620881158,0.106030850894271,0.1160039758314754,0.1454553115924876,0.058003590949036,0.19908217175814477,0.1971423172758292,0.1613894656562522,0.1553227537253208
YAC_NR7_ET_gap_015,ZuCo,YAC,YAC_NR7_ET,4,158.0,pchip,pchip,0.0655545331248839,0.0655545331248839,0.0655545331248839,0.0,0.0,True,0.1739274585019689,0.2085341188753638,0.16304139772966922,0.1387591986159765,0.12979170756696712,0.1114703644242936,0.10803120307354755,0.0655545331248839,0.37281863906265444,0.3093404513491521,0.30598612714074414,0.4106932064470461,0.20122034138229558,0.1876690624844472
YAC_NR7_ET_gap_016,ZuCo,YAC,YAC_NR7_ET,4,198.0,pchip,local_natural_cubic_spline,0.2336704427194243,0.2336704427194243,0.0863825344091486,0.0,0.14728790831027572,False,0.43159491869083116,0.1589673795811657,0.29270481241087826,0.4417537371595668,0.22811846647008124,0.3435765720585073,0.20450771331281253,0.2336704427194243,0.23826522824082086,0.0863825344091486,0.304126877988798,0.2913776429420063,0.2601678622744112,0.3129208745050504
YAC_NR7_ET_gap_017,ZuCo,YAC,YAC_NR7_ET,5,236.0,pchip,nearest_boundary,0.2288771079420717,0.2288771079420717,0.0857687510743401,0.0,0.1431083568677316,False,0.6560503103180576,0.6594930819492464,0.516048525495127,0.0857687510743401,0.44366741956457145,0.2601605767929302,0.4087083972867761,0.2288771079420717,0.8402401711021535,0.2245777904759299,0.6963089610879822,0.4414608907048081,0.6357355455917564,0.419441512378278
YAC_NR7_ET_gap_018,ZuCo,YAC,YAC_NR7_ET,5,248.0,pchip,template,0.2705364225291094,0.2705364225291094,0.1462711576800951,0.0,0.12426526484901432,False,0.3340416920681433,0.2376774876366716,0.2770887358515807,0.3106299747820565,0.21251554240528564,0.2266560969005762,0.17448406097680713,0.2705364225291094,0.3246009448647169,0.2750042896049328,0.31237007215528945,0.1541987755276142,0.241550159502146,0.1462711576800951
YAC_NR7_ET_gap_019,ZuCo,YAC,YAC_NR7_ET,5,206.0,pchip,nearest_boundary,0.2275123652583815,0.2275123652583815,0.1938281521710296,0.0,0.033684213087351894,False,0.6931456019100048,0.6403680183646466,0.3964143346456005,0.1938281521710296,0.323531541220791,0.2669078989641853,0.30437689406165835,0.2275123652583815,0.3093410982962351,0.2258625491314777,0.3486089244292289,0.2776426401214559,0.32352062354006805,0.2147608211203633
YAC_NR7_ET_gap_020,ZuCo,YAC,YAC_NR7_ET,5,208.0,pchip,nearest_boundary,0.0506127467034045,0.0506127467034045,0.048493211728267,0.0,0.0021195349751375048,False,0.3419673803568515,0.0516597943221196,0.3068774723441632,0.048493211728267,0.27110513097578937,0.0505130450134125,0.26534978269495874,0.0506127467034045,0.9546666573604745,0.0876125745691209,0.5022955277797666,0.0742667611225318,0.4405352039610114,0.0748816202882566
YAC_NR4_ET_gap_001,ZuCo,YAC,YAC_NR4_ET,1,16.0,pchip,pchip,0.0562523806381134,0.0562523806381134,0.0562523806381134,0.0,0.0,True,0.1028448792644523,0.2097759421324302,0.07905810050626406,0.0825028724128236,0.05995780909988609,0.0652382292524508,0.056289067865328196,0.0562523806381134,0.08252182622385867,0.1282818767569656,0.15182678644859884,0.3351602060975262,0.1298802605112435,0.1884935052320072
YAC_NR4_ET_gap_002,ZuCo,YAC,YAC_NR4_ET,1,2.0,pchip,forward_fill,0.0,0.0,0.0,0.0,0.0,False,0.08133502422091515,0.0,0.07369495893077002,0.0,0.060991596786231894,0.0,0.05734018377960602,0.0,0.08379384397543407,0.0027644673792866,0.11882332747343288,0.0024573043371441,0.10771025797292277,0.0
YAC_NR4_ET_gap_003,ZuCo,YAC,YAC_NR4_ET,1,48.0,pchip,forward_fill,0.0335377506349547,0.0335377506349547,0.023417599414033,0.0,0.010120151220921698,False,0.18590730652114115,0.023417599414033,0.16160658991426635,0.0401110345921355,0.13328791807948537,0.0310465261501992,0.12318623967886821,0.0335377506349547,0.24945911853875605,0.0434026439303216,0.21780597685732905,0.023844250286218,0.18672898539303034,0.0403895018049267
YAC_NR4_ET_gap_004,ZuCo,YAC,YAC_NR4_ET,1,12.0,pchip,local_natural_cubic_spline,0.0132244289350177,0.0132244289350177,0.0074587363278224,0.0,0.0057656926071953,False,0.1435458054374438,0.038775608399211,0.09629935921564972,0.021492635071305,0.06081934627563376,0.0192706562739367,0.054363989948805314,0.0132244289350177,0.06467346228141245,0.0074587363278224,0.07137084304468437,0.0148760500101339,0.06696178652758916,0.0199304623996551
YAC_NR4_ET_gap_005,ZuCo,YAC,YAC_NR4_ET,2,92.0,local_natural_cubic_spline,local_natural_cubic_spline,0.3890700896215022,0.4052984451069298,0.3890700896215022,0.016228355485427615,0.0,True,0.6912305907750091,0.9253544009627942,0.35104350844420446,0.5880176953045095,0.2959395186603568,0.4450441136585539,0.27250098592781674,0.4052984451069298,0.2722536836178147,0.3890700896215022,0.32497671127335515,0.4415884661698177,0.2971358289058969,0.4430797567711135
YAC_NR4_ET_gap_006,ZuCo,YAC,YAC_NR4_ET,2,76.0,local_natural_cubic_spline,linear,0.3491492626678939,0.3192091423000283,0.3106665559575158,-0.02994012036786564,0.03848270671037812,False,0.4795718882769407,0.4207340452274022,0.3900108552501117,0.4238813305640431,0.30559668167915377,0.3106665559575158,0.25279827387203585,0.3192091423000283,0.23251075703113927,0.3491492626678939,0.3413662803837178,0.3249182169332728,0.31559290791692884,0.3163007129059171
YAC_NR4_ET_gap_007,ZuCo,YAC,YAC_NR4_ET,2,58.0,pchip,local_natural_cubic_spline,0.3315810214345666,0.3315810214345666,0.3267250210725034,0.0,0.004856000362063184,False,0.7037576736505767,0.3373182252220751,0.37831300905280024,0.5000254197015161,0.31447996068062783,0.3730781323453561,0.29186543442055385,0.3315810214345666,0.29456677760224076,0.3267250210725034,0.3448662914460804,0.3627399684531488,0.32156535645579404,0.3715747374203164
YAC_NR4_ET_gap_008,ZuCo,YAC,YAC_NR4_ET,2,76.0,pchip,forward_fill,0.3995015974150076,0.3995015974150076,0.372833157674406,0.0,0.026668439740601624,False,0.6892149478170265,0.372833157674406,0.3645020984643513,0.522218927170946,0.30275066335116724,0.3821797947379396,0.27958917565069136,0.3995015974150076,0.28153480716423684,0.4180152440238077,0.33076067255700337,0.3829703443802261,0.3063952632505564,0.384066255692333
YAC_NR4_ET_gap_009,ZuCo,YAC,YAC_NR4_ET,3,106.0,pchip,polyfit_bic,0.1901436760246612,0.1901436760246612,0.1779901179782226,0.0,0.012153558046438612,False,0.2050989609800367,0.233646410931829,0.18237961812886844,0.1934503874157412,0.14856341832947872,0.1917645952651955,0.13349683767937126,0.1901436760246612,0.32958178031188795,0.2025116942053828,0.2495015923785615,0.1779901179782226,0.19659979358579874,0.1821506383136021
YAC_NR4_ET_gap_010,ZuCo,YAC,YAC_NR4_ET,3,110.0,local_natural_cubic_spline,local_natural_cubic_spline,0.3549018577840455,0.3629089845022546,0.3549018577840455,0.008007126718209134,0.0,True,0.7245229694429391,0.4789391932826585,0.39692677274287025,0.4762204215393376,0.31932904209281954,0.3577209413459425,0.30016192624109705,0.3629089845022546,0.29956934823943626,0.3549018577840455,0.3460470292618307,0.3813833265121437,0.3223797911900716,0.3603580925737711
YAC_NR4_ET_gap_011,ZuCo,YAC,YAC_NR4_ET,3,132.0,pchip,linear,0.0265073089889957,0.0265073089889957,0.0247894483612541,0.0,0.0017178606277416,False,0.04491590332274451,0.0266220762332537,0.037104272298195094,0.0347838845923805,0.03191842806106104,0.0247894483612541,0.02947110707688403,0.0265073089889957,0.10396464729074642,0.0416816319323775,0.18284473125478964,0.0751082327903285,0.1431077379405203,0.1372831582756285
YAC_NR4_ET_gap_012,ZuCo,YAC,YAC_NR4_ET,3,112.0,pchip,pchip,0.0110891847216729,0.0110891847216729,0.0110891847216729,0.0,0.0,True,0.05092640481325603,0.013498333405829,0.040928765596465994,0.0241342264794958,0.03402083959891552,0.0150244328332439,0.030402340351024786,0.0110891847216729,0.09694726323066895,0.052550034747006,0.19475425548976225,0.1449745884175456,0.13711780692432746,0.0977508780414319
YAC_NR4_ET_gap_013,ZuCo,YAC,YAC_NR4_ET,4,194.0,linear,forward_fill,0.0474162230653194,0.04776209953393,0.0464574540760207,0.0003458764686105967,0.0009587689892987042,False,0.34290235955144444,0.0464574540760207,0.330601781824766,0.0483804755103385,0.29359612759603854,0.0474162230653194,0.293738379640542,0.04776209953393,0.930660107350869,0.0570690376574316,1.5300901336567065,0.6838087613262666,1.414820380963275,0.775241467090837
YAC_NR4_ET_gap_014,ZuCo,YAC,YAC_NR4_ET,4,200.0,pchip,pchip,0.0314436984898001,0.0314436984898001,0.0314436984898001,0.0,0.0,True,0.08635779273654924,0.0838740050354163,0.07771382869491372,0.0560824403824535,0.0640572643119287,0.0459348153976702,0.053271964205597586,0.0314436984898001,0.28544566270072197,0.3949234633930685,0.2930683336869703,0.2781059400347123,0.15990408412518015,0.0811966957392774
YAC_NR4_ET_gap_015,ZuCo,YAC,YAC_NR4_ET,4,172.0,pchip,pchip,0.2137179767967481,0.2137179767967481,0.2137179767967481,0.0,0.0,True,0.31560415785969004,0.6091796068425024,0.2944125323673594,0.4185956491434183,0.22574129806945914,0.3345017697241245,0.18037502815426049,0.2137179767967481,0.389108082397114,0.6787223621201142,0.3444248164833295,0.5002075970663504,0.26241816365251597,0.3756180289138584
YAC_NR4_ET_gap_016,ZuCo,YAC,YAC_NR4_ET,4,180.0,pchip,template,0.2190476165555279,0.2190476165555279,0.0940749483609873,0.0,0.1249726681945406,False,0.32503733089879416,0.255000167225225,0.2703925563374044,0.3122938533553664,0.20675921288416985,0.2256247183851156,0.17267112831231252,0.2190476165555279,0.28378646079549563,0.2096921378985829,0.3122122722290221,0.1447253375848757,0.23735178984104635,0.0940749483609873
YAC_NR4_ET_gap_017,ZuCo,YAC,YAC_NR4_ET,5,220.0,pchip,template,0.137859693491733,0.137859693491733,0.1265859220589338,0.0,0.011273771432799201,False,0.5105188662168086,0.4824061369677814,0.4196309319913684,0.1482633979963539,0.363964610666416,0.1672854509162533,0.3378844445897718,0.137859693491733,0.9720602798916751,0.1396663355853503,0.6698290839855529,0.264246218876276,0.57607547794803,0.1265859220589338
YAC_NR4_ET_gap_018,ZuCo,YAC,YAC_NR4_ET,5,244.0,pchip,forward_fill,0.0625694337042054,0.0625694337042054,0.0554416493187376,0.0,0.007127784385467795,False,0.07967620816276523,0.0554416493187376,0.07592276954101716,0.0709282443051343,0.06384261112226458,0.0690824941629387,0.05760677686586804,0.0625694337042054,0.21844648544132841,0.4032980296112987,0.20963149766576222,0.0848621339710806,0.160588829657799,0.1719737223943743
YAC_NR4_ET_gap_019,ZuCo,YAC,YAC_NR4_ET,5,234.0,pchip,polyfit_bic,0.4218120160944427,0.4218120160944427,0.3605306284236974,0.0,0.06128138767074531,False,0.6324474329451263,0.3947284380268961,0.3528240901929754,0.5285595572699008,0.30322787450505456,0.388165175170529,0.2780785954824177,0.4218120160944427,0.28727614913704647,0.4381638545327034,0.3350289710094364,0.3605306284236974,0.31469378149189764,0.3941188091479233
YAC_NR4_ET_gap_020,ZuCo,YAC,YAC_NR4_ET,5,226.0,pchip,pchip,0.1744403309266867,0.1744403309266867,0.1744403309266867,0.0,0.0,True,0.49185734291362837,0.6921899716293813,0.4069839468840074,0.4142338214005059,0.3183136241761748,0.3075638256463108,0.2745099463287327,0.1744403309266867,0.28099694562846667,0.3881716030737474,0.35537812989298456,0.3706598439051788,0.3274501610566176,0.3288260579062237
YAG_NR3_ET_gap_001,ZuCo,YAG,YAG_NR3_ET,1,8.0,pchip,forward_fill,0.0041256808464024,0.0041256808464024,0.0,0.0,0.0041256808464024,False,1.514837375563621,0.0,1.2083666360323266,0.0050078383936721,1.0342643492059533,0.0038790549398381,1.0179696628860064,0.0041256808464024,1.2883068480764508,0.0047140150725925,1.4265972516512206,0.0022870945743131,1.3810865376733275,0.003318283430239
YAG_NR3_ET_gap_002,ZuCo,YAG,YAG_NR3_ET,1,18.0,pchip,local_natural_cubic_spline,0.0030371106195757,0.0030371106195757,0.0025808514304511,0.0,0.0004562591891246002,False,0.19492808457977465,0.021764741400599,0.1297775828591897,0.0118035882908404,0.09030084844596337,0.0039502361970424,0.07368742653000095,0.0030371106195757,0.08651206094045628,0.0025808514304511,0.10951782147634048,0.0124261076193127,0.10113134734281312,0.0098712963748554
YAG_NR3_ET_gap_003,ZuCo,YAG,YAG_NR3_ET,1,14.0,pchip,forward_fill,0.0113889044350777,0.0113889044350777,0.0059855117190404,0.0,0.0054033927160373,False,0.23050552881740596,0.0059855117190404,0.21634766266815394,0.0151422799950382,0.1623103397859142,0.0146461692551633,0.1304420591360682,0.0113889044350777,0.25111451270559343,0.0112751604026195,0.2520710903349245,0.0159415029355014,0.20837849452662086,0.0165237061898985
YAG_NR3_ET_gap_004,ZuCo,YAG,YAG_NR3_ET,1,32.0,pchip,linear,0.0105004287892113,0.0105004287892113,0.0098672881872417,0.0,0.0006331406019696,False,0.12133660805047224,0.0198742424934884,0.0929977551332468,0.0130107458009027,0.07016358759067386,0.0098672881872417,0.06504541287825603,0.0105004287892113,0.11052045381982045,0.0153635656811479,0.15842472753664408,0.0183106388529451,0.13640304157801386,0.014329950910217
YAG_NR3_ET_gap_005,ZuCo,YAG,YAG_NR3_ET,2,78.0,pchip,template,0.2282290268396228,0.2282290268396228,0.1783586928228842,0.0,0.0498703340167386,False,0.48885994196273796,0.7454877970371456,0.30519623381083966,0.2322948342610237,0.25118912380594327,0.274283347649526,0.22913698695092502,0.2282290268396228,0.3423952629068188,0.2303742560787089,0.32687191519472936,0.3702067474442215,0.2995765528228832,0.1783586928228842
YAG_NR3_ET_gap_006,ZuCo,YAG,YAG_NR3_ET,2,64.0,pchip,pchip,0.032166482071183,0.032166482071183,0.032166482071183,0.0,0.0,True,0.11016838167248523,0.0584658330553607,0.10402077258844349,0.0404814631934642,0.08835609812692127,0.036565120399667,0.07897955493756113,0.032166482071183,0.2779345977022134,0.4136374383412873,0.2838876632723406,0.4030867738190122,0.1885837209756703,0.1836264975587964
YAG_NR3_ET_gap_007,ZuCo,YAG,YAG_NR3_ET,2,76.0,pchip,forward_fill,0.1409175948868387,0.1409175948868387,0.0635077014611592,0.0,0.0774098934256795,False,0.2332244967008451,0.0635077014611592,0.2757360653549326,0.2861840908337777,0.22601627180611,0.220434159371388,0.18645870109332022,0.1409175948868387,0.5614629189377891,0.4309671493232753,0.3788901484938676,0.4937443759770067,0.2797681113961338,0.2817225700072137
YAG_NR3_ET_gap_008,ZuCo,YAG,YAG_NR3_ET,2,96.0,linear,forward_fill,0.0156321167896872,0.0104989618226843,0.0097479124730731,-0.005133154967002899,0.005884204316614098,False,0.1886740389584586,0.0097479124730731,0.15979600320515255,0.0174316067288412,0.14083108269631822,0.0156321167896872,0.14090332404583067,0.0104989618226843,0.3513296013954959,0.0733602439776285,0.6541596778615619,0.4857340691665019,0.5250625099970109,0.5572207824192865
YAG_NR3_ET_gap_009,ZuCo,YAG,YAG_NR3_ET,3,140.0,pchip,local_natural_cubic_spline,0.1354010976716287,0.1354010976716287,0.0485088254454445,0.0,0.0868922722261842,False,0.29228037260399153,0.4207730845670488,0.212136229578208,0.277183463259278,0.16568767836654053,0.211654522937024,0.132956353081953,0.1354010976716287,0.22799259776520378,0.0485088254454445,0.2745873010229166,0.3849613294698155,0.20450653527886237,0.2778174336487637
YAG_NR3_ET_gap_010,ZuCo,YAG,YAG_NR3_ET,3,106.0,pchip,forward_fill,0.5021304606649974,0.5021304606649974,0.3556322541439011,0.0,0.14649820652109635,False,0.6815756432491495,0.3556322541439011,0.4197562851237965,0.6567436377541255,0.3508230588395053,0.4987259546907845,0.3240281880589502,0.5021304606649974,0.33399718599265743,0.4928894887777327,0.38165379314158876,0.4466941082651571,0.3598797529403663,0.4814892768910696
YAG_NR3_ET_gap_011,ZuCo,YAG,YAG_NR3_ET,3,126.0,pchip,local_natural_cubic_spline,0.3415244944837042,0.3415244944837042,0.2415212901305469,0.0,0.1000032043531573,False,0.5326787364135228,0.8549940075052097,0.35227398192420994,0.5856818449262239,0.2834301927122564,0.4507198591012198,0.2501965538846225,0.3415244944837042,0.26800555258040654,0.2415212901305469,0.33504354843951994,0.3337222373750935,0.3042870421349122,0.3933546206406039
YAG_NR3_ET_gap_012,ZuCo,YAG,YAG_NR3_ET,3,110.0,pchip,linear,0.0093198590491432,0.0093198590491432,0.0040316839025424,0.0,0.0052881751466008,False,0.11132252893292768,0.0444691000193335,0.09551951050071755,0.0225132155925572,0.08165011934655393,0.0040316839025424,0.07641652289841275,0.0093198590491432,0.1782582249716186,0.0052142871718666,0.3993688257819736,0.3227327348977378,0.32706436844927184,0.3287049489861257
YAG_NR3_ET_gap_013,ZuCo,YAG,YAG_NR3_ET,4,166.0,pchip,linear,0.0112202121711531,0.0112202121711531,0.0030169102397043,0.0,0.0082033019314488,False,0.043562640570987035,0.0226433078450532,0.03669233084627921,0.012665595249648,0.030992049233776128,0.0030169102397043,0.028758207142374488,0.0112202121711531,0.09720191898595862,0.0825842101131506,0.24040132062337793,0.1221346891159372,0.1703353569966955,0.1400518170590005
YAG_NR3_ET_gap_014,ZuCo,YAG,YAG_NR3_ET,4,164.0,pchip,local_natural_cubic_spline,0.5697291635054209,0.5697291635054209,0.2869642115946824,0.0,0.2827649519107385,False,0.7087166077389807,0.6164485785339314,0.4263250216827857,0.658561494004895,0.3579755325260599,0.6132818164821008,0.3360181734714395,0.5697291635054209,0.3595229745707497,0.2869642115946824,0.3907786195009784,0.6374088537024931,0.37572897729809684,0.7741916542383864
YAG_NR3_ET_gap_015,ZuCo,YAG,YAG_NR3_ET,4,196.0,pchip,linear,0.0332990459553625,0.0332990459553625,0.0184102327636094,0.0,0.014888813191753097,False,0.08389810983007356,0.062074170911458,0.06363038065151772,0.0447824067158625,0.05299255755353582,0.0184102327636094,0.048371023520688415,0.0332990459553625,0.1535683138457028,0.1805465975617124,0.26996972520230267,0.2832550797878317,0.20043006446338257,0.2172485798031694
YAG_NR3_ET_gap_016,ZuCo,YAG,YAG_NR3_ET,4,196.0,pchip,template,0.270117819749253,0.270117819749253,0.2354906919032171,0.0,0.03462712784603589,False,0.5559980404268905,0.4433938044208798,0.39007196448700737,0.3655332954526224,0.31246936626606925,0.2889225868939017,0.29222153381824884,0.270117819749253,0.3451045785374562,0.2721564944278051,0.37007948600512125,0.2493612326178322,0.33945087856174144,0.2354906919032171
YAG_NR3_ET_gap_017,ZuCo,YAG,YAG_NR3_ET,5,210.0,local_natural_cubic_spline,local_natural_cubic_spline,0.1791899868699676,0.1793047307624711,0.1791899868699676,0.00011474389250351602,0.0,True,0.5319143188697818,0.6100817004821519,0.37220653899769496,0.2126004723287296,0.2922687307513756,0.2133998496002479,0.24896645382834298,0.1793047307624711,0.240166277438839,0.1791899868699676,0.3285664987255902,0.246939839193451,0.30131049712281793,0.1956594549205211
YAG_NR3_ET_gap_018,ZuCo,YAG,YAG_NR3_ET,5,246.0,pchip,local_natural_cubic_spline,0.2318484567055428,0.2318484567055428,0.2176617467776494,0.0,0.014186709927893393,False,0.6992468420411772,0.7445495252138087,0.41618293394002925,0.2216943060966729,0.3386487878382057,0.2898704116527323,0.3145539322362002,0.2318484567055428,0.33558823805312255,0.2176617467776494,0.3643843933363612,0.3989044185395305,0.3421532194234737,0.3047785401003463
YAG_NR3_ET_gap_019,ZuCo,YAG,YAG_NR3_ET,5,236.0,pchip,nearest_boundary,0.2263165411473895,0.2263165411473895,0.1937100192413368,0.0,0.032606521906052705,False,0.4062223649083922,0.5548717971267418,0.28232487408969686,0.1937100192413368,0.22441665996788823,0.2550182439191449,0.2039981325743775,0.2263165411473895,0.24167608360178103,0.2457067678715788,0.27590246102448535,0.3694131220906637,0.24029824921856516,0.2670370818320082
YAG_NR3_ET_gap_020,ZuCo,YAG,YAG_NR3_ET,5,230.0,pchip,linear,0.002173636280259,0.002173636280259,0.0021678678203603,0.0,5.768459898700031e-06,False,0.04938169823052716,0.0028441850007999,0.046394511728026104,0.0024197157497052,0.04111828321993738,0.0021678678203603,0.03802323340118559,0.002173636280259,0.15353636986479013,0.0042490189984547,0.27107485510759094,0.3034196222587939,0.16810021206256817,0.1460875394098514
YAG_NR5_ET_gap_001,ZuCo,YAG,YAG_NR5_ET,1,6.0,pchip,local_natural_cubic_spline,0.0183515217330799,0.0183515217330799,0.0165077446420241,0.0,0.001843777091055803,False,0.20241546248446132,0.433448109391592,0.13934180823170386,0.2671080678642785,0.07149196001998684,0.0245522077709417,0.06288659893742382,0.0183515217330799,0.0789704696415597,0.0165077446420241,0.0842102331429376,0.0355112957328132,0.08009278285908725,0.0317845677799427
YAG_NR5_ET_gap_002,ZuCo,YAG,YAG_NR5_ET,1,42.0,pchip,pchip,0.0489992955103762,0.0489992955103762,0.0489992955103762,0.0,0.0,True,0.0656975519942496,0.0648713710558927,0.051609499205263296,0.0615850304097076,0.043761425206387226,0.0551842014964386,0.039671420817563204,0.0489992955103762,0.11981143173362525,0.0925251318256226,0.1489725381182358,0.2203329263998523,0.13276934279280592,0.1572440355028589
YAG_NR5_ET_gap_003,ZuCo,YAG,YAG_NR5_ET,1,50.0,linear,nearest_boundary,0.0321642316145837,0.0311886912058986,0.0291601925050379,-0.0009755404086850966,0.0030040391095457995,False,0.12333420777671028,0.0332477348854044,0.10375746343531814,0.0291601925050379,0.08540941529361294,0.0321642316145837,0.0896890352645805,0.0311886912058986,0.19156923896448894,0.0747809732420731,0.8812890101422362,1.1273780846419246,0.7224250650406315,0.6826054985072469
YAG_NR5_ET_gap_004,ZuCo,YAG,YAG_NR5_ET,1,38.0,pchip,local_natural_cubic_spline,0.0348967617666134,0.0348967617666134,0.0259999807939503,0.0,0.008896780972663103,False,0.3202431953496818,0.0499677412986574,0.21305135148049745,0.0696579029582164,0.14720307801252347,0.0544240406862056,0.12532480708669388,0.0348967617666134,0.15547449000438007,0.0259999807939503,0.17619311114537733,0.0556895471174176,0.16293429381825025,0.0641729937642856
YAG_NR5_ET_gap_005,ZuCo,YAG,YAG_NR5_ET,2,60.0,pchip,template,0.2822342672902674,0.2822342672902674,0.2719697952280392,0.0,0.010264472062228192,False,0.6426086696664257,0.5110377637747208,0.33352422843496987,0.3976146148831583,0.2905550091258554,0.2854479677203809,0.26117188864803603,0.2822342672902674,0.26862132071655975,0.2839556620132127,0.3230647000070482,0.2998832036328918,0.29632859785582627,0.2719697952280392
YAG_NR5_ET_gap_006,ZuCo,YAG,YAG_NR5_ET,2,80.0,pchip,nearest_boundary,0.2358125092374221,0.2358125092374221,0.1417788529769969,0.0,0.0940336562604252,False,0.5412825202641087,0.651175152644162,0.34938466478933583,0.1417788529769969,0.28358103920177374,0.2585623749193129,0.2503645549072594,0.2358125092374221,0.2567419589372739,0.2339142774201344,0.3179764503542467,0.2810201715152817,0.2959978797353615,0.2574295299906791
YAG_NR5_ET_gap_007,ZuCo,YAG,YAG_NR5_ET,2,58.0,pchip,local_natural_cubic_spline,0.0506736706744487,0.0506736706744487,0.0246251113279059,0.0,0.026048559346542804,False,0.23512243278142525,0.2953555591314732,0.17896245450257278,0.1278815086563565,0.1422510014145982,0.084218883960798,0.12163244494428392,0.0506736706744487,0.19013656292418676,0.0246251113279059,0.23345538738951846,0.2316109029075184,0.1848445069539346,0.0750612210578291
YAG_NR5_ET_gap_008,ZuCo,YAG,YAG_NR5_ET,2,86.0,pchip,local_natural_cubic_spline,0.0106455284876139,0.0106455284876139,0.0083738668929705,0.0,0.0022716615946434,False,0.04807053590357079,0.0306271244244394,0.0376202489768304,0.0184338255805814,0.03242612742799551,0.0148266969384016,0.030656133447998203,0.0106455284876139,0.1005846013622769,0.0083738668929705,0.28105925910157153,0.314957509418963,0.20453991682384268,0.2260399851119654
YAG_NR5_ET_gap_009,ZuCo,YAG,YAG_NR5_ET,3,138.0,pchip,local_natural_cubic_spline,0.0126564545475056,0.0126564545475056,0.0065900863515816,0.0,0.006066368195923999,False,0.04835214585711739,0.0122202018532155,0.04384561233286263,0.0214793876417245,0.036446633673062896,0.0148456898499065,0.03276130512868292,0.0126564545475056,0.1609724881693955,0.0065900863515816,0.21736306593178598,0.1396683645442462,0.14760589777434502,0.1320899854235909
YAG_NR5_ET_gap_010,ZuCo,YAG,YAG_NR5_ET,3,110.0,pchip,forward_fill,0.4502509951662083,0.4502509951662083,0.3360420322359564,0.0,0.1142089629302519,False,0.6763478656678427,0.3360420322359564,0.36537313310002073,0.56992942225385,0.30789993734364185,0.4268335841189421,0.2843719545042205,0.4502509951662083,0.28665834242854715,0.4399091034263438,0.33899052747664077,0.3938398647034254,0.3126581834127695,0.4166341928192369
YAG_NR5_ET_gap_011,ZuCo,YAG,YAG_NR5_ET,3,114.0,pchip,local_natural_cubic_spline,0.0423758939024183,0.0423758939024183,0.0303455992379802,0.0,0.012030294664438099,False,0.1351240029904802,0.0462037070836036,0.11316414812706421,0.0435832656460241,0.09687131353715608,0.0437137994456941,0.09301978572878383,0.0423758939024183,0.24356211434120814,0.0303455992379802,0.4735406349674349,0.2827885575399588,0.38583439163809974,0.2807025233868027
YAG_NR5_ET_gap_012,ZuCo,YAG,YAG_NR5_ET,3,138.0,pchip,template,0.1753138136538659,0.1753138136538659,0.0572948903445712,0.0,0.1180189233092947,False,0.24379973485936632,0.2827556046129153,0.2702017222052028,0.1889176035220139,0.21402125869281202,0.0993183844292209,0.16640259970869595,0.1753138136538659,0.5367634345441662,0.4359769862169259,0.38342405201155805,0.2491866474756422,0.26540910135303525,0.0572948903445712
YAG_NR5_ET_gap_013,ZuCo,YAG,YAG_NR5_ET,4,156.0,pchip,local_natural_cubic_spline,0.1987118029683721,0.1987118029683721,0.1413345418793571,0.0,0.057377261089015,False,0.33212480013400114,0.5348219192202527,0.22684462866891403,0.3675171105963427,0.1762032360154133,0.2895377541300052,0.14646391066924802,0.1987118029683721,0.16483191360679775,0.1413345418793571,0.2333456091179383,0.3338622919480644,0.18785806005566605,0.2818417841407897
YAG_NR5_ET_gap_014,ZuCo,YAG,YAG_NR5_ET,4,182.0,pchip,linear,0.1725797992537018,0.1725797992537018,0.161964584613782,0.0,0.010615214639919796,False,0.640337125374754,0.6574866650860915,0.38377209752767505,0.3507679162514092,0.3312500681413826,0.161964584613782,0.30696225510268976,0.1725797992537018,0.49394650436309046,0.1738334859505298,0.6936078111718379,0.6499551586301471,0.6003888190605393,0.6011538831506803
YAG_NR5_ET_gap_015,ZuCo,YAG,YAG_NR5_ET,4,192.0,pchip,polyfit_bic,0.6374379681457728,0.6374379681457728,0.4868467215582617,0.0,0.1505912465875111,False,0.9695971508399824,0.6584733568162723,0.6803815762777471,0.8101237052211097,0.5613773263510777,0.6172408613397037,0.5502626217565604,0.6374379681457728,0.6571659124898012,0.6522431366821752,0.6297226225918877,0.4868467215582617,0.6153461986219777,0.5230888384319637
YAG_NR5_ET_gap_016,ZuCo,YAG,YAG_NR5_ET,4,186.0,pchip,polyfit_bic,0.5519548693465088,0.5519548693465088,0.295403685294611,0.0,0.25655118405189786,False,0.6457864967239099,0.4074633320292639,0.4332691604827919,0.5519785228506033,0.3570726474459503,0.4430741857374163,0.33308296105706414,0.5519548693465088,0.39992361537596743,0.8032385437747745,0.47914218960001836,0.295403685294611,0.4445664932925185,0.404124881441789
YAG_NR5_ET_gap_017,ZuCo,YAG,YAG_NR5_ET,5,214.0,pchip,polyfit_bic,0.3817412216243652,0.3817412216243652,0.2571899916116589,0.0,0.1245512300127063,False,0.542147233138122,0.7854524041414267,0.3880382261206487,0.4836279792116256,0.31202310350011986,0.3624073326306509,0.27882474188621664,0.3817412216243652,0.28715707230762705,0.3780226440268333,0.3517778229633984,0.2571899916116589,0.3233012328480398,0.2597711028467763
YAG_NR5_ET_gap_018,ZuCo,YAG,YAG_NR5_ET,5,210.0,pchip,local_natural_cubic_spline,0.0845939426498267,0.0845939426498267,0.057765287853548,0.0,0.026828654796278696,False,0.037095046162227,0.0906606263638847,0.028351209826551493,0.0852636114628111,0.02442286890575515,0.0843133708255092,0.022996649488116538,0.0845939426498267,0.06543821035913532,0.057765287853548,0.20110642221770916,0.2360851368620197,0.16571794530173262,0.1415441365080169
YAG_NR5_ET_gap_019,ZuCo,YAG,YAG_NR5_ET,5,232.0,pchip,local_natural_cubic_spline,0.2604793469942973,0.2604793469942973,0.2603981957502981,0.0,8.115124399921125e-05,False,0.5869771967041089,0.453109576012439,0.4671689102485464,0.3105363948271623,0.4048695616480752,0.2805246073899061,0.37453224756756537,0.2604793469942973,0.8340626129453979,0.2603981957502981,0.7673945295888273,0.932480931267052,0.6888353979292027,1.0008228142541695
YAG_NR5_ET_gap_020,ZuCo,YAG,YAG_NR5_ET,5,232.0,pchip,nearest_boundary,0.0700461080416472,0.0700461080416472,0.0691080499049435,0.0,0.0009380581367036955,False,0.4470752764451564,0.093533504631128,0.3981945772291634,0.0691080499049435,0.34927560505112915,0.0705694997990488,0.3469253513964905,0.0700461080416472,1.1292903971444406,0.1518439028635488,1.251277988001029,0.559238422774588,1.188029988502639,1.3015742860292734
YAK_NR6_ET_gap_001,ZuCo,YAK,YAK_NR6_ET,1,2.0,pchip,pchip,0.0004500601955507,0.0004500601955507,0.0004500601955507,0.0,0.0,True,0.115746397654891,0.013951866062085,0.08056215711860203,0.013951866062085,0.03547964502888282,0.0034879665155222,0.031445744894653335,0.0004500601955507,0.03485563621180168,0.0008719916288795,0.042041670998847494,0.0011626555051846,0.040188339312881696,0.0034879665155222
YAK_NR6_ET_gap_002,ZuCo,YAK,YAK_NR6_ET,1,6.0,pchip,local_natural_cubic_spline,0.0022830784551655,0.0022830784551655,0.0020456468422852,0.0,0.00023743161288030008,False,0.21537895972099794,0.020536590783231,0.15025040202670617,0.0133578947716268,0.08793993113334149,0.0024663647756773,0.07647114981145517,0.0022830784551655,0.0844947964426996,0.0020456468422852,0.11588171287530843,0.0047525711277969,0.10594200538821297,0.0042718691014714
YAK_NR6_ET_gap_003,ZuCo,YAK,YAK_NR6_ET,1,34.0,linear,local_natural_cubic_spline,0.0153708164832018,0.0142382836601231,0.0063770875257148,-0.001132532823078701,0.008993728957487,False,0.5100890566670276,0.0174132293681108,0.44287612577117735,0.0119594550308595,0.35910920578196237,0.0153708164832018,0.3647475708397982,0.0142382836601231,0.676356457123201,0.0063770875257148,0.4935646788186464,0.0288553752354028,0.44821662156891107,0.018578407946781
YAK_NR6_ET_gap_004,ZuCo,YAK,YAK_NR6_ET,1,36.0,pchip,forward_fill,0.0055784766529556,0.0055784766529556,0.0040275568133223,0.0,0.0015509198396333,False,0.24036143409371732,0.0040275568133223,0.20211160847017862,0.009587502908072,0.17342640704646523,0.0083500156546847,0.17101675360280916,0.0055784766529556,0.3057204797462969,0.0233777484660671,0.35485622031703995,0.0209287169252493,0.32572971703371517,0.0107641772804202
YAK_NR6_ET_gap_005,ZuCo,YAK,YAK_NR6_ET,2,84.0,pchip,pchip,0.0280852789601608,0.0280852789601608,0.0280852789601608,0.0,0.0,True,0.26067238891885103,0.1231113603971044,0.1994491719992132,0.0750791037831088,0.15552135213158547,0.03505420616788,0.14010059285828813,0.0280852789601608,0.28002511676923647,0.031431512236876,0.24398394421439296,0.1021812209892407,0.19509784564914853,0.08374497426593
YAK_NR6_ET_gap_006,ZuCo,YAK,YAK_NR6_ET,2,82.0,pchip,pchip,0.0150360385320387,0.0150360385320387,0.0150360385320387,0.0,0.0,True,0.1299852004649098,0.0947579288337261,0.10572110825213574,0.0483191957816251,0.0856370285362694,0.0243482157609169,0.07149876267987273,0.0150360385320387,0.3020370311934482,0.0156091222129772,0.2465089673887333,0.2214782952007757,0.16114629066126368,0.1440027266940295
YAK_NR6_ET_gap_007,ZuCo,YAK,YAK_NR6_ET,2,80.0,pchip,local_natural_cubic_spline,0.0094005703048088,0.0094005703048088,0.0057965644505736,0.0,0.0036040058542352003,False,0.02800657225381934,0.0105688546359408,0.022255504708651664,0.009784055720039,0.018154026372930995,0.0097820463360832,0.015882811789009157,0.0094005703048088,0.04296106572032175,0.0057965644505736,0.13274314089106767,0.1601262038288632,0.12238194148005756,0.1277039709887857
YAK_NR6_ET_gap_008,ZuCo,YAK,YAK_NR6_ET,2,76.0,local_natural_cubic_spline,nearest_boundary,0.2181760411703544,0.2096246730205479,0.1542157518021457,-0.008551368149806504,0.06396028936820872,False,0.5638777788316981,0.597974333000136,0.32314611133582116,0.1542157518021457,0.26325528417446087,0.244137465889895,0.23299700605624774,0.2096246730205479,0.23285737605127083,0.2181760411703544,0.29705196564144976,0.2889581198044442,0.27144279657419135,0.2562274081344448
YAK_NR6_ET_gap_009,ZuCo,YAK,YAK_NR6_ET,3,128.0,pchip,linear,0.0115284577607911,0.0115284577607911,0.0068266692134193,0.0,0.004701788547371799,False,0.03696741870430028,0.0165558197863754,0.030463619252203433,0.0077233835849719,0.02547020255559659,0.0068266692134193,0.022215645705997544,0.0115284577607911,0.05617935277842985,0.0240512199077099,0.1637821878128166,0.0635472742354259,0.14016976607786905,0.1166844104836138
YAK_NR6_ET_gap_010,ZuCo,YAK,YAK_NR6_ET,3,124.0,pchip,local_natural_cubic_spline,0.3367244621823633,0.3367244621823633,0.3297178181623605,0.0,0.0070066440200027835,False,0.5673965724342478,0.7871596123854544,0.397473376372024,0.4750334449365678,0.32258421048315233,0.3546552647427066,0.28872844915589924,0.3367244621823633,0.30147746200929537,0.3297178181623605,0.3792864421583271,0.4494375983267499,0.3546913077939472,0.5469731845467828
YAK_NR6_ET_gap_011,ZuCo,YAK,YAK_NR6_ET,3,148.0,pchip,forward_fill,0.0549406353195116,0.0549406353195116,0.0266469146083724,0.0,0.0282937207111392,False,0.0757400431746046,0.0266469146083724,0.06174101934227585,0.0813706522301878,0.05214428304735514,0.0733635347064697,0.0477765744220424,0.0549406353195116,0.1538756431703726,0.4486539836924663,0.28401946672297823,0.4413483460985554,0.21018195817192256,0.1933472784043318
YAK_NR6_ET_gap_012,ZuCo,YAK,YAK_NR6_ET,3,114.0,local_natural_cubic_spline,linear,0.2989370060030232,0.2990449072368192,0.2975935173495171,0.00010790123379600391,0.0013434886535060864,False,0.7194686926391286,0.8239502140233048,0.37014503859746123,0.4291659997899281,0.29317571596108066,0.2975935173495171,0.27326499177976854,0.2990449072368192,0.27283949965730114,0.2989370060030232,0.3199988750099221,0.314399430551404,0.2946596469401475,0.2996551039888408
YAK_NR6_ET_gap_013,ZuCo,YAK,YAK_NR6_ET,4,168.0,pchip,forward_fill,0.0530154809377569,0.0530154809377569,0.0316594960958393,0.0,0.0213559848419176,False,0.14949536268734864,0.0316594960958393,0.13115106503530646,0.0725085024606046,0.11059412536537859,0.0666619473553423,0.10737585947863737,0.0530154809377569,0.22253844368926765,0.0373131746794463,0.6103302821524186,0.8009802503101976,0.46492462288022723,0.426489859684569
YAK_NR6_ET_gap_014,ZuCo,YAK,YAK_NR6_ET,4,174.0,linear,forward_fill,0.3680619260031434,0.2576407463097214,0.0899477202463514,-0.11042117969342202,0.278114205756792,False,0.31762605354629925,0.0899477202463514,0.27251524024383217,0.4293866838914689,0.2305797876048361,0.3680619260031434,0.23091026466820486,0.2576407463097214,0.6486005639168824,0.7087044009088368,1.011825212322045,1.095476405110092,0.8332642741679174,0.9978224311127852
YAK_NR6_ET_gap_015,ZuCo,YAK,YAK_NR6_ET,4,192.0,pchip,template,0.0893916347541707,0.0893916347541707,0.0543747374703334,0.0,0.0350168972838373,False,0.1871898973298459,0.2228585234568401,0.14862430076328878,0.1213886535812435,0.1180774879475724,0.0891325824650372,0.09794938058618367,0.0893916347541707,0.16530185933648162,0.0856994819378972,0.2179601778491568,0.0807844747145019,0.1623574053218472,0.0543747374703334
YAK_NR6_ET_gap_016,ZuCo,YAK,YAK_NR6_ET,4,196.0,pchip,template,0.3652263391044463,0.3652263391044463,0.344294760804325,0.0,0.020931578300121323,False,0.6370605835536256,0.8656016438668019,0.32906538135801544,0.4871167461736154,0.2676498423966192,0.3535732453226026,0.24018939036798187,0.3652263391044463,0.2432830729882348,0.3668111654546185,0.29536232674575374,0.3698068856947689,0.2672212178305523,0.344294760804325
YAK_NR6_ET_gap_017,ZuCo,YAK,YAK_NR6_ET,5,222.0,pchip,nearest_boundary,0.0771552892648528,0.0771552892648528,0.0535651259272974,0.0,0.023590163337555398,False,0.28877427293089464,0.2366542283373727,0.23931102515326402,0.0535651259272974,0.2037222642052759,0.094515514933841,0.19097305543949125,0.0771552892648528,0.47601199797344795,0.0762764706246766,0.5352572682541652,0.7358177258840881,0.45038892698783617,0.5870977509117483
YAK_NR6_ET_gap_018,ZuCo,YAK,YAK_NR6_ET,5,214.0,pchip,pchip,0.0683922030870221,0.0683922030870221,0.0683922030870221,0.0,0.0,True,0.19875027683100838,0.1736655854155985,0.14994323820076963,0.0799117890836031,0.12736759259948224,0.0814248227648088,0.1138191120237689,0.0683922030870221,0.19452833558341484,0.0693801053918354,0.2712014006321111,0.4212672215525863,0.2255462716004257,0.2810423875966679
YAK_NR6_ET_gap_019,ZuCo,YAK,YAK_NR6_ET,5,242.0,pchip,template,0.1884647149395152,0.1884647149395152,0.0667924580382296,0.0,0.1216722569012856,False,0.2492626151170909,0.3630595630437759,0.2216368601753966,0.2313123093019161,0.17261872064515477,0.1755431181851367,0.13861472679613107,0.1884647149395152,0.30869882122009146,0.1879410131016554,0.3024570523696967,0.1444946995170192,0.21421487382913193,0.0667924580382296
YAK_NR6_ET_gap_020,ZuCo,YAK,YAK_NR6_ET,5,244.0,pchip,template,0.4165041076332353,0.4165041076332353,0.3134500046356588,0.0,0.1030541029975765,False,0.6038210846837196,0.8074976834405676,0.3791598339429476,0.5135288511697873,0.30646196662130465,0.3866330305680645,0.2827264664174157,0.4165041076332353,0.3094285313482689,0.4159957392120953,0.3582206794085457,0.4136673747718271,0.32720253818077627,0.3134500046356588
YAK_NR3_ET_gap_001,ZuCo,YAK,YAK_NR3_ET,1,30.0,pchip,nearest_boundary,0.0207717418332429,0.0207717418332429,0.0134089512091949,0.0,0.007362790624048002,False,0.1996056324535869,0.044621947675106,0.18526605645686792,0.0134089512091949,0.13965667986668404,0.0201547699752253,0.11283723353341962,0.0207717418332429,0.17534132439818134,0.0265781358893499,0.21575841838021692,0.0156924219412053,0.17626294469749668,0.0193715696172916
YAK_NR3_ET_gap_002,ZuCo,YAK,YAK_NR3_ET,1,6.0,pchip,polyfit_bic,0.0070702607158634,0.0070702607158634,0.0022355978380001,0.0,0.004834662877863299,False,0.1539896479116219,0.0070702607158634,0.13776594666272834,0.0070702607158634,0.12124059021561938,0.0070702607158634,0.11838213226452174,0.0070702607158634,0.17269210448657346,0.0058363912310136,0.23550851454598395,0.0022355978380001,0.19802362721914618,0.0061230253913167
YAK_NR3_ET_gap_003,ZuCo,YAK,YAK_NR3_ET,1,28.0,pchip,template,0.014247091387459,0.014247091387459,0.006315397425866,0.0,0.007931693961593,False,0.19684876195318513,0.0681770997595818,0.14064846713607346,0.0395430428732044,0.0892360498166743,0.0105613499652615,0.06889525671999547,0.014247091387459,0.07573213835887951,0.0160261098980054,0.12036805094212014,0.0131957410825559,0.11136595215879026,0.006315397425866
YAK_NR3_ET_gap_004,ZuCo,YAK,YAK_NR3_ET,1,36.0,pchip,linear,0.0279385456916265,0.0279385456916265,0.0159085203731871,0.0,0.0120300253184394,False,0.2514920214164623,0.1041720511620957,0.20364093113819826,0.0468484848088379,0.15429721929186593,0.0159085203731871,0.12900170945911435,0.0279385456916265,0.18369402104993246,0.029098037888976,0.21712841250990753,0.0285779436156048,0.1838925752787406,0.0185083413656703
YAK_NR3_ET_gap_005,ZuCo,YAK,YAK_NR3_ET,2,74.0,pchip,template,0.4065551431124881,0.4065551431124881,0.3207030691355572,0.0,0.0858520739769309,False,0.702278592334238,0.8497313062210643,0.3731457724905406,0.5097268589976105,0.31474151720953125,0.3324728565742923,0.29374921263285403,0.4065551431124881,0.29964809474124504,0.4054484399775321,0.34296789644263026,0.3265686756440094,0.3185731016354007,0.3207030691355572
YAK_NR3_ET_gap_006,ZuCo,YAK,YAK_NR3_ET,2,90.0,pchip,pchip,0.0077211672869603,0.0077211672869603,0.0077211672869603,0.0,0.0,True,0.07223066917246836,0.016204966657864,0.060042278454830594,0.0135646668361217,0.05339465818763274,0.0105951718740901,0.049231409102250115,0.0077211672869603,0.14004998371356117,0.0587610532799407,0.2226116522092503,0.0899822764378808,0.1705283706211661,0.0925139373725134
YAK_NR3_ET_gap_007,ZuCo,YAK,YAK_NR3_ET,2,88.0,local_natural_cubic_spline,pchip,0.2382899045207918,0.233055852300497,0.233055852300497,-0.005234052220294799,0.005234052220294799,False,0.47938549436210537,0.4512184108600831,0.39740686787923624,0.3590186295288423,0.3119886376062671,0.2590264600388265,0.2571987940293928,0.233055852300497,0.23381722893079532,0.2382899045207918,0.34976247286133516,0.2911454179293971,0.32370956667510226,0.2714369351720798
YAK_NR3_ET_gap_008,ZuCo,YAK,YAK_NR3_ET,2,54.0,pchip,forward_fill,0.0028146026448831,0.0028146026448831,0.0028146026448831,0.0,0.0,False,0.21532897139323884,0.0028146026448831,0.1887003319748803,0.0028146026448831,0.1707522556021562,0.0028146026448831,0.1634322401043913,0.0028146026448831,0.4300985954047713,0.0059117997852442,0.3772688931100367,0.259071248870714,0.31695974427323664,0.1164883697218291
YAK_NR3_ET_gap_009,ZuCo,YAK,YAK_NR3_ET,3,138.0,pchip,local_natural_cubic_spline,0.5924971688639445,0.5924971688639445,0.5071620458774465,0.0,0.08533512298649804,False,0.1502588333815874,0.6473649354812141,0.12341157155699269,0.5985468070177886,0.09939606319576937,0.5940507967817212,0.08953337595450515,0.5924971688639445,0.21935591642039934,0.5071620458774465,0.20013225903529833,0.6177487479833736,0.16279948520154078,0.6733358094865737
YAK_NR3_ET_gap_010,ZuCo,YAK,YAK_NR3_ET,3,104.0,pchip,linear,0.0335582627805542,0.0335582627805542,0.0287156860533156,0.0,0.004842576727238604,False,0.2222532831055326,0.0588184726026712,0.20885248585403834,0.0507162547505558,0.17917242112021842,0.0287156860533156,0.17120993220996866,0.0335582627805542,0.4161797621585187,0.153875312977094,0.46850864539351184,0.0521306864918155,0.4044902467580094,0.1390843873728588
YAK_NR3_ET_gap_011,ZuCo,YAK,YAK_NR3_ET,3,114.0,pchip,forward_fill,0.0125485750632752,0.0125485750632752,0.0097889262771489,0.0,0.002759648786126301,False,0.04722967152240379,0.0097889262771489,0.03690135843776769,0.0140545376483372,0.03167193138881012,0.0131851012684443,0.030091649171419526,0.0125485750632752,0.07740244451312935,0.0115036854513955,0.2891693262203485,0.0349608972952856,0.21639621214719246,0.1828610515959084
YAK_NR3_ET_gap_012,ZuCo,YAK,YAK_NR3_ET,3,134.0,pchip,polyfit_bic,0.4869274928846718,0.4869274928846718,0.4483491152909296,0.0,0.03857837759374222,False,0.6824390470743796,0.9337771793749368,0.3470887786511213,0.6074745824427232,0.2922904063419638,0.4569579408445108,0.2680891726632151,0.4869274928846718,0.26860657603027727,0.5255205750587786,0.32755150660514115,0.4483491152909296,0.29815563887713364,0.458171570498911
YAK_NR3_ET_gap_013,ZuCo,YAK,YAK_NR3_ET,4,178.0,pchip,linear,0.3694852255366715,0.3694852255366715,0.3659910742080147,0.0,0.003494151328656825,False,0.6635476363668902,0.5249843697452888,0.40655779355202004,0.4980743597534997,0.33971928189834605,0.3659910742080147,0.3150159713194881,0.3694852255366715,0.32241859538113926,0.3772051285107641,0.368044347012181,0.390985089127513,0.3455471420433507,0.3866423696295291
YAK_NR3_ET_gap_014,ZuCo,YAK,YAK_NR3_ET,4,192.0,pchip,forward_fill,0.0216693999462182,0.0216693999462182,0.0143768101105595,0.0,0.007292589835658701,False,0.061162231024825334,0.0143768101105595,0.052868685517418995,0.0231536227694126,0.04446095400297772,0.0213171506534295,0.0405424874220914,0.0216693999462182,0.20897010489780815,0.0276429583126292,0.2287349596355326,0.1256519582277837,0.15624239681206736,0.0931087734961618
YAK_NR3_ET_gap_015,ZuCo,YAK,YAK_NR3_ET,4,166.0,pchip,pchip,0.0173870281237686,0.0173870281237686,0.0173870281237686,0.0,0.0,True,0.04198605140601674,0.0398000490973059,0.0304418915248578,0.029014477423703,0.02614737049481366,0.0249353414655335,0.023510250981619553,0.0173870281237686,0.07041038092481444,0.1212385984250254,0.1732772332304651,0.2736981328978388,0.14056007180085991,0.167920528926101
YAK_NR3_ET_gap_016,ZuCo,YAK,YAK_NR3_ET,4,190.0,pchip,linear,0.0041051176129169,0.0041051176129169,0.0036987232367417,0.0,0.0004063943761751995,False,0.031088720537136717,0.0046294766958894,0.02193174230665876,0.0037333489948089,0.018738561810990387,0.0036987232367417,0.01695696447471876,0.0041051176129169,0.04883830578031803,0.0308432261549042,0.13537870618315526,0.1175468633351926,0.1204820439960444,0.1133171212053469
YAK_NR3_ET_gap_017,ZuCo,YAK,YAK_NR3_ET,5,228.0,pchip,nearest_boundary,0.0034607583214043,0.0034607583214043,0.0033675862743767,0.0,9.31720470276e-05,False,0.04161478724177862,0.0041801350319556,0.03614864919304764,0.0033675862743767,0.03219644241067762,0.0034870531416341,0.030033855717911676,0.0034607583214043,0.10153445017782464,0.0575382453362201,0.23475991950511224,0.3138330778666112,0.15547211819664353,0.1085754199589321
YAK_NR3_ET_gap_018,ZuCo,YAK,YAK_NR3_ET,5,218.0,pchip,nearest_boundary,0.0066782983591001,0.0066782983591001,0.0060906297556461,0.0,0.0005876686034540007,False,0.030907782014746334,0.0067980152221469,0.024529007629089453,0.0060906297556461,0.020867569366688498,0.0066586086933908,0.019142267483869223,0.0066782983591001,0.06981348765171669,0.0178960352480906,0.16122488256216852,0.1478860897488382,0.1123411994447432,0.0368557096707786
YAK_NR3_ET_gap_019,ZuCo,YAK,YAK_NR3_ET,5,244.0,pchip,linear,0.0946093956750046,0.0946093956750046,0.0753542534144569,0.0,0.01925514226054771,False,0.4876366482629065,0.1758980887308038,0.45378976484345995,0.1228753073767889,0.39832113985946443,0.0753542534144569,0.3913928366901856,0.0946093956750046,0.8378348531328049,0.2669581099701684,1.771036042595465,5.558921803362838,1.8216805269835825,4.157969009206309
YAK_NR3_ET_gap_020,ZuCo,YAK,YAK_NR3_ET,5,206.0,pchip,linear,0.4892378995855221,0.4892378995855221,0.4146927427708569,0.0,0.07454515681466523,False,0.6249807499217432,0.8277081382796582,0.4905620743824474,0.5322197622168088,0.4276625368343585,0.4146927427708569,0.42435909163461083,0.4892378995855221,1.0697516058759873,0.5824523887815272,1.310944367474319,1.2670591337357964,1.1476294223179493,2.385301364335884
YDG_NR5_ET_gap_001,ZuCo,YDG,YDG_NR5_ET,1,24.0,pchip,local_natural_cubic_spline,0.0650711251155458,0.0650711251155458,0.0517909665502107,0.0,0.013280158565335105,False,0.1175218256632034,0.0617848815564879,0.09460200984322463,0.0692030792322651,0.07668017522806059,0.0686275758582806,0.0741732344815297,0.0650711251155458,0.11263049440116471,0.0517909665502107,0.15143596457478356,0.1058206669256235,0.13170799969518027,0.0885000274828986
YDG_NR5_ET_gap_002,ZuCo,YDG,YDG_NR5_ET,1,12.0,pchip,local_natural_cubic_spline,0.0054002085043672,0.0054002085043672,0.0031845020409633,0.0,0.0022157064634039,False,0.23858371517009624,0.0941500625972521,0.16726333016448675,0.0460636916497463,0.1146343334366502,0.0090639360029776,0.09844247681483465,0.0054002085043672,0.13057591907369007,0.0031845020409633,0.14595727313913612,0.0069615672372472,0.1322659239706698,0.0090639360029776
YDG_NR5_ET_gap_003,ZuCo,YDG,YDG_NR5_ET,1,18.0,pchip,local_natural_cubic_spline,0.0537893868178504,0.0537893868178504,0.0349877284926469,0.0,0.018801658325203502,False,0.23895466356764453,0.0489845966917547,0.19368527500637286,0.057547317870162,0.15800334865594942,0.0589684532928575,0.14684469430580516,0.0537893868178504,0.23484276295594464,0.0349877284926469,0.20085765647405246,0.0717198334976654,0.18788121875545796,0.069016873486254
YDG_NR5_ET_gap_004,ZuCo,YDG,YDG_NR5_ET,1,24.0,pchip,local_natural_cubic_spline,0.2071542640204923,0.2071542640204923,0.1324896135280355,0.0,0.0746646504924568,False,0.23534578310859744,0.6220575489362387,0.19251570690565048,0.3768294223091774,0.13914088030621555,0.3059109050589379,0.11442951906617241,0.2071542640204923,0.19642396026407197,0.1324896135280355,0.20796094408537266,0.3854763022294484,0.170270324796671,0.3543512129660637
YDG_NR5_ET_gap_005,ZuCo,YDG,YDG_NR5_ET,2,100.0,pchip,pchip,0.0153692918605282,0.0153692918605282,0.0153692918605282,0.0,0.0,True,0.06052683166165167,0.0182106559242711,0.05906537914544845,0.015565168343833,0.05023992305383643,0.0154908551546235,0.04469468335240681,0.0153692918605282,0.25273999118774276,0.1370581129740355,0.2706024101780438,0.345226616465713,0.16060947795748434,0.1566776842524493
YDG_NR5_ET_gap_006,ZuCo,YDG,YDG_NR5_ET,2,76.0,pchip,pchip,0.0250514915338822,0.0250514915338822,0.0250514915338822,0.0,0.0,True,0.2436304752800784,0.0410781665878729,0.21662566424558913,0.0315668871715539,0.18687526729237972,0.0299687029565027,0.18444085279147782,0.0250514915338822,0.3714312843459093,0.0566732760594941,0.41006133916433296,0.0427613659297194,0.3609320848459273,0.0407767035358033
YDG_NR5_ET_gap_007,ZuCo,YDG,YDG_NR5_ET,2,74.0,pchip,pchip,0.0464399512604671,0.0464399512604671,0.0464399512604671,0.0,0.0,True,0.08046943178449402,0.1124762729858083,0.06599588005984316,0.0836341285456908,0.05432924397844944,0.0672197494822279,0.04660170122493208,0.0464399512604671,0.1812722716066995,0.2360562691394665,0.23189395125826168,0.3662443437668072,0.15473923354324925,0.178871192693883
YDG_NR5_ET_gap_008,ZuCo,YDG,YDG_NR5_ET,2,52.0,pchip,forward_fill,0.0407643601727072,0.0407643601727072,0.0193854544438154,0.0,0.0213789057288918,False,0.07391125956663942,0.0193854544438154,0.07302637441147068,0.0633083165661697,0.061814822912801784,0.055726488874412,0.05392668536675179,0.0407643601727072,0.21136254146704692,0.1600342746403252,0.2895415917023025,0.3195058739750101,0.17554591419382498,0.1855221866066056
YDG_NR5_ET_gap_009,ZuCo,YDG,YDG_NR5_ET,3,116.0,pchip,polyfit_bic,0.4987237611090389,0.4987237611090389,0.3618465485797155,0.0,0.1368772125293234,False,0.7302468412686941,0.4421702441210364,0.4770504954598253,0.6153261964975164,0.3893743506090466,0.4423071145968709,0.3738286530396963,0.4987237611090389,0.41161570736090525,0.939180676392696,0.4133708824050344,0.3618465485797155,0.3919267474079703,0.4532906398508832
YDG_NR5_ET_gap_010,ZuCo,YDG,YDG_NR5_ET,3,144.0,pchip,pchip,0.3283081219147722,0.3283081219147722,0.3283081219147722,0.0,0.0,True,0.5603457178408031,0.6256678550293003,0.4146850817562528,0.344665502408462,0.3568482338276132,0.3343819863505359,0.351315199572521,0.3283081219147722,0.784878588994081,0.3288687868636929,1.1003183062214015,1.4993942178426527,0.8923459346192726,1.5723378379196005
YDG_NR5_ET_gap_011,ZuCo,YDG,YDG_NR5_ET,3,136.0,pchip,local_natural_cubic_spline,0.0066766433716236,0.0066766433716236,0.0039559664578327,0.0,0.0027206769137909006,False,0.024403334187498526,0.0145248445242385,0.01875794073213133,0.0105854073818432,0.01611815754186435,0.0081720737086032,0.014762141330236107,0.0066766433716236,0.04408921898790314,0.0039559664578327,0.12878318251190946,0.0713185238127638,0.10803438166796243,0.0627495086582342
YDG_NR5_ET_gap_012,ZuCo,YDG,YDG_NR5_ET,3,124.0,pchip,pchip,0.0167287109531687,0.0167287109531687,0.0167287109531687,0.0,0.0,True,0.24894793274924865,0.027492924136112,0.20937874091036351,0.022848178323529,0.1836582347865066,0.0223347859389091,0.17828689100362807,0.0167287109531687,0.5344935383396169,0.0447050086856767,0.6149417633880342,0.5542251360385312,0.5226679553352773,0.5961102313054772
YDG_NR5_ET_gap_013,ZuCo,YDG,YDG_NR5_ET,4,172.0,pchip,pchip,0.0057829826347309,0.0057829826347309,0.0057829826347309,0.0,0.0,True,0.030998318247246383,0.0128701413815506,0.02598850058098275,0.0061151979450126,0.022494198867243843,0.0059100714774908,0.020881880280386345,0.0057829826347309,0.07186459913284869,0.0210120452476921,0.18969157471290257,0.276545260509114,0.13532977908252042,0.1307188127537004
YDG_NR5_ET_gap_014,ZuCo,YDG,YDG_NR5_ET,4,182.0,pchip,forward_fill,0.1600027362177194,0.1600027362177194,0.1282858026700946,0.0,0.03171693354762481,False,0.2350106090321862,0.1282858026700946,0.1671501954082561,0.2023450663454221,0.14285361370204544,0.1499669115507985,0.12991504757458253,0.1600027362177194,0.20259399806996328,0.1737860689890066,0.28437565937357295,0.3956822261552791,0.23384362012366808,0.4219978249358497
YDG_NR5_ET_gap_015,ZuCo,YDG,YDG_NR5_ET,4,200.0,pchip,nearest_boundary,0.2320939898227396,0.2320939898227396,0.1039889104779303,0.0,0.1281050793448093,False,0.5694594983985394,0.660992537361254,0.3812230224972183,0.1039889104779303,0.3066246619410343,0.2595083349970936,0.2823432918238223,0.2320939898227396,0.345575019690655,0.2296831824211758,0.3778490674575639,0.3503310151271348,0.34471116687187614,0.3024697868392569
YDG_NR5_ET_gap_016,ZuCo,YDG,YDG_NR5_ET,4,158.0,local_natural_cubic_spline,local_natural_cubic_spline,0.189900537699423,0.2605681474989045,0.189900537699423,0.0706676097994815,0.0,True,0.5680623135858389,0.7506406043278586,0.40635168030006047,0.5124422612056931,0.3102125907715178,0.3967197719138654,0.24864361347923855,0.2605681474989045,0.22122711947682205,0.189900537699423,0.3538007726204661,0.4751799980450129,0.3229561738628178,0.4170076333387917
YDG_NR5_ET_gap_017,ZuCo,YDG,YDG_NR5_ET,5,230.0,local_natural_cubic_spline,polyfit_bic,0.5216845144077681,0.4287609028946082,0.2413861363259376,-0.09292361151315987,0.28029837808183045,False,0.6011933888503673,0.3411364925721487,0.40119738194654997,0.4085696591399509,0.3064493080483419,0.3000376352207762,0.24048080979716227,0.4287609028946082,0.2104935579783142,0.5216845144077681,0.3532433168066025,0.2413861363259376,0.31989323822782295,0.2697394186196659
YDG_NR5_ET_gap_018,ZuCo,YDG,YDG_NR5_ET,5,216.0,pchip,pchip,0.1569269070557524,0.1569269070557524,0.1569269070557524,0.0,0.0,True,0.47803914227836497,0.4660535817281057,0.38547866875622144,0.1580627350916374,0.33429461491698204,0.17615312201434,0.3164607026743076,0.1569269070557524,0.8642297302658699,0.1683136364999644,0.8159579078649557,1.282190894520531,0.712148938380247,1.233128549617057
YDG_NR5_ET_gap_019,ZuCo,YDG,YDG_NR5_ET,5,236.0,pchip,forward_fill,0.3054420801653687,0.3054420801653687,0.1066635097924871,0.0,0.19877857037288163,False,0.5117101819172729,0.1066635097924871,0.3748206371482195,0.5800336344862933,0.30536865663871815,0.4598849852300975,0.27104497452654697,0.3054420801653687,0.3364966059943324,0.7609115570866968,0.3899487148618424,0.6707608415777313,0.3521524584159521,0.5565517823949455
YDG_NR5_ET_gap_020,ZuCo,YDG,YDG_NR5_ET,5,236.0,pchip,linear,0.1712933471453308,0.1712933471453308,0.1706527207183261,0.0,0.0006406264270046869,False,0.34108456477176186,0.438158633703091,0.26867343400959265,0.2399796612832977,0.2251752316740244,0.1706527207183261,0.20330058032702295,0.1712933471453308,0.5248039304728497,0.1842329271889123,0.43001699058770415,0.5699790335698129,0.36646095468982876,0.4419075202564753
YDG_NR4_ET_gap_001,ZuCo,YDG,YDG_NR4_ET,1,8.0,pchip,pchip,0.0054800295718606,0.0054800295718606,0.0054800295718606,0.0,0.0,True,0.2190640958367357,0.0334769557933126,0.1428515570103543,0.0235044886098568,0.08675140239843154,0.0064062437411995,0.07623518683990288,0.0054800295718606,0.08979393726864357,0.00674041889295,0.10646544113476339,0.0056894949920036,0.09933688451506197,0.0057445346606769
YDG_NR4_ET_gap_002,ZuCo,YDG,YDG_NR4_ET,1,34.0,pchip,linear,0.041578138503788,0.041578138503788,0.0414493104535865,0.0,0.00012882805020150018,False,0.29854581031772637,0.0660885129996348,0.23675162829144006,0.062447774969676,0.1769756790502938,0.0414493104535865,0.15302871355464323,0.041578138503788,0.24966172330985123,0.0445684545472389,0.2347589049341106,0.0521455032384357,0.199741367145086,0.0515303925750811
YDG_NR4_ET_gap_003,ZuCo,YDG,YDG_NR4_ET,1,42.0,linear,pchip,0.0363491377443203,0.0302121344503688,0.0302121344503688,-0.006137003293951504,0.006137003293951504,False,0.19323479961845408,0.0434873011065114,0.16119333997130655,0.0534158617215655,0.1334283273957603,0.0363491377443203,0.1337848688146264,0.0302121344503688,0.2772326242056063,0.0488666020159035,0.4082682008281206,0.4686892109364575,0.41636616975079366,0.45016552936096
YDG_NR4_ET_gap_004,ZuCo,YDG,YDG_NR4_ET,1,12.0,pchip,template,0.0098028475401063,0.0098028475401063,0.0026484521355639,0.0,0.0071543954045424005,False,0.3235899097629172,0.0238284352660848,0.2652538752712757,0.0177606670174735,0.21406346405419388,0.0051997908713898,0.20943653029735104,0.0098028475401063,0.34391039413048075,0.0113614844012104,0.3219819681858174,0.0084018029079024,0.2906735205014984,0.0026484521355639
YDG_NR4_ET_gap_005,ZuCo,YDG,YDG_NR4_ET,2,96.0,local_natural_cubic_spline,linear,0.3722562700697922,0.3734351375367677,0.3646056285582602,0.0011788674669755417,0.007650641511531997,False,0.59364768181373,0.8427132634406204,0.30487864565145045,0.4990149236011524,0.2503356094868737,0.3646056285582602,0.22322029740686616,0.3734351375367677,0.22136815274650593,0.3722562700697922,0.2818257491552531,0.3723618193748411,0.2541679095183477,0.3659651263081346
YDG_NR4_ET_gap_006,ZuCo,YDG,YDG_NR4_ET,2,72.0,pchip,linear,0.0308372351908442,0.0308372351908442,0.0253639327592355,0.0,0.0054733024316086995,False,0.32062675238356636,0.0740440246245233,0.3332191499928671,0.0519028418547624,0.29806580825393425,0.0253639327592355,0.29478958491999463,0.0308372351908442,0.6305240812169803,0.0534730490828917,2.198619140116657,0.7968385920960671,1.7840359541606645,0.98811498133674
YDG_NR4_ET_gap_007,ZuCo,YDG,YDG_NR4_ET,2,58.0,pchip,pchip,0.0424092497455158,0.0424092497455158,0.0424092497455158,0.0,0.0,True,0.06758802370999224,0.0545476093734135,0.05257123242464541,0.0505546244669015,0.0458068984022812,0.0473443342594422,0.04173832154736621,0.0424092497455158,0.1260442840806007,0.09849078460738,0.21053565906582286,0.3365436870398088,0.16497820671675698,0.138975950323498
YDG_NR4_ET_gap_008,ZuCo,YDG,YDG_NR4_ET,2,84.0,linear,local_natural_cubic_spline,0.0902469045038738,0.0861076226471768,0.0613075881314756,-0.004139281856697,0.02893931637239821,False,0.41225089481492244,0.1355092278351104,0.4036671568211962,0.0814773072021178,0.34639836521828915,0.0902469045038738,0.34673934927282607,0.0861076226471768,0.8753165293549237,0.0613075881314756,1.677995438576695,0.1994973673335489,1.5918275399380006,0.179549051218174
YDG_NR4_ET_gap_009,ZuCo,YDG,YDG_NR4_ET,3,130.0,pchip,polyfit_bic,0.6080683438264041,0.6080683438264041,0.3448150713505032,0.0,0.26325327247590086,False,0.733347834581699,0.3719295942322047,0.5137440433492789,0.740348856090258,0.4195911673413634,0.5723408950043812,0.40016768454803187,0.6080683438264041,0.4772347074998314,1.020952357115616,0.44718106881517977,0.3448150713505032,0.43367742125333375,0.449332270030621
YDG_NR4_ET_gap_010,ZuCo,YDG,YDG_NR4_ET,3,136.0,linear,pchip,0.0564529813506561,0.0376231478031318,0.0376231478031318,-0.0188298335475243,0.0188298335475243,False,0.2819062630522138,0.2096015310667855,0.2867655067419814,0.1109113753868595,0.24944819878794994,0.0564529813506561,0.25105933725742013,0.0376231478031318,0.5987698657203065,0.1232880974908224,2.074038932113186,4.114891297613449,1.6881614280522168,3.1790676632461907
YDG_NR4_ET_gap_011,ZuCo,YDG,YDG_NR4_ET,3,146.0,pchip,polyfit_bic,0.3343293635621819,0.3343293635621819,0.1675054792930133,0.0,0.1668238842691686,False,0.3014043630867245,0.2037535486781789,0.22986285792402092,0.2984410505472902,0.1755067794022276,0.2562246603018208,0.13553951799264188,0.3343293635621819,0.35545561837351836,0.5015470189717782,0.30686186567939877,0.1675054792930133,0.2131136451668913,0.1791204700738615
YDG_NR4_ET_gap_012,ZuCo,YDG,YDG_NR4_ET,3,116.0,linear,linear,0.0218557020717592,0.0365047112185915,0.0218557020717592,0.0146490091468323,0.0,True,0.26529303238624247,0.0871837833412535,0.2197178488842774,0.0426356309151662,0.19332311085782541,0.0218557020717592,0.19590050466237793,0.0365047112185915,0.5792489025563664,0.0755910244281884,1.0094319459096555,2.584635484032752,0.9152792668973054,2.530327273158141
YDG_NR4_ET_gap_013,ZuCo,YDG,YDG_NR4_ET,4,194.0,pchip,forward_fill,0.0381114927987695,0.0381114927987695,0.0372395404714978,0.0,0.0008719523272716981,False,0.04742494687575936,0.0372395404714978,0.038152146439615266,0.0449176422422481,0.033455171364490506,0.0426718588980017,0.03156586916712562,0.0381114927987695,0.09985529607900492,0.1466295945377562,0.19107853297360666,0.0863021094841274,0.16577302175529313,0.2163520097880616
YDG_NR4_ET_gap_014,ZuCo,YDG,YDG_NR4_ET,4,188.0,pchip,linear,0.2089440108679731,0.2089440108679731,0.1739982769861817,0.0,0.034945733881791397,False,0.2728887963715878,0.3834794565356077,0.23523870343026076,0.2422339022586453,0.1793039971431614,0.1739982769861817,0.1437579779362423,0.2089440108679731,0.34373865436025464,1.1328751327596334,0.31503245328666957,0.5132019154196754,0.22661826462593362,0.1776079081283208
YDG_NR4_ET_gap_015,ZuCo,YDG,YDG_NR4_ET,4,182.0,pchip,forward_fill,0.0177588706178423,0.0177588706178423,0.0130654271240697,0.0,0.004693443493772601,False,0.07066753224732802,0.0130654271240697,0.06499595797006598,0.0378193807942283,0.05370673132891364,0.0268590353084633,0.047122297169347106,0.0177588706178423,0.161454505410193,0.2793767369566743,0.2051345607627027,0.21876392803209,0.14458523526696837,0.0548449975819684
YDG_NR4_ET_gap_016,ZuCo,YDG,YDG_NR4_ET,4,174.0,pchip,linear,0.0670290450081798,0.0670290450081798,0.0588014449473827,0.0,0.008227600060797098,False,0.14960144021546773,0.1113249123296814,0.13242821063092602,0.0699921575329799,0.10222829748812352,0.0588014449473827,0.08416875884567317,0.0670290450081798,0.19942778957315652,0.0672376478166648,0.2279495234120553,0.0780379296966352,0.15576698486002621,0.0662641383390896
YDG_NR4_ET_gap_017,ZuCo,YDG,YDG_NR4_ET,5,202.0,pchip,template,0.1994757976774434,0.1994757976774434,0.16516844535573,0.0,0.03430735232171339,False,0.40454615136398114,0.5459817770516816,0.29541960079822543,0.2907180035621726,0.22682301173700187,0.219372247734974,0.19199625442136695,0.1994757976774434,0.24632018393983343,0.2053666548739073,0.288023226074062,0.2232223418568481,0.24090475463056454,0.16516844535573
YDG_NR4_ET_gap_018,ZuCo,YDG,YDG_NR4_ET,5,242.0,pchip,pchip,0.018972128940026,0.018972128940026,0.018972128940026,0.0,0.0,True,0.04825932031994751,0.0430849493516969,0.039266958017009454,0.0317987580892197,0.03280521791273503,0.0256754257230408,0.030320273814670576,0.018972128940026,0.11272182002213453,0.103514107002377,0.19054126881959496,0.352512949838308,0.13676842293645594,0.2063618040280983
YDG_NR4_ET_gap_019,ZuCo,YDG,YDG_NR4_ET,5,226.0,pchip,local_natural_cubic_spline,0.2451433358172101,0.2451433358172101,0.2363950995501973,0.0,0.008748236267012793,False,0.5843436941323991,0.7063630079471571,0.4032253647331793,0.3342789013594116,0.3205832941417241,0.2679557306170088,0.3002971938133184,0.2451433358172101,0.35172423136875064,0.2363950995501973,0.36621972029819927,0.3731511557855253,0.3321908763616529,0.4621196585137964
YDG_NR4_ET_gap_020,ZuCo,YDG,YDG_NR4_ET,5,204.0,pchip,forward_fill,0.2002323428380664,0.2002323428380664,0.0904155674378706,0.0,0.1098167754001958,False,0.2780752786561035,0.0904155674378706,0.2900277861982498,0.3908816822537148,0.22765065272945628,0.310566571260353,0.18510532998809964,0.2002323428380664,0.37014272996387865,0.3623149787574121,0.35111407849095966,0.4836640176749929,0.2692849338178,0.3555295607188106
YDR_NR3_ET_gap_001,ZuCo,YDR,YDR_NR3_ET,1,42.0,pchip,local_natural_cubic_spline,0.1364583608436084,0.1364583608436084,0.0829414958703501,0.0,0.053516864973258305,False,0.2698618193030586,0.1733508326402795,0.23550207015525104,0.2894004680855484,0.17983461436251819,0.2184009627534409,0.14623860936850147,0.1364583608436084,0.202154728695015,0.0829414958703501,0.27338699168444625,0.3091108103996832,0.21691373083479396,0.272065630433473
YDR_NR3_ET_gap_002,ZuCo,YDR,YDR_NR3_ET,1,18.0,pchip,local_natural_cubic_spline,0.0194945463014948,0.0194945463014948,0.0038090759257569,0.0,0.0156854703757379,False,0.10988275674310172,0.0194945463014948,0.10439785857320855,0.0194945463014948,0.0904006593235548,0.0194945463014948,0.08292261216360701,0.0194945463014948,0.265095291139859,0.0038090759257569,0.24901782149084392,0.0322110734174525,0.17718480410850962,0.0295190401449202
YDR_NR3_ET_gap_003,ZuCo,YDR,YDR_NR3_ET,1,4.0,local_natural_cubic_spline,linear,0.0035663114920129,0.0032829933442199,0.0026528717336515,-0.0002833181477929999,0.0009134397583614,False,0.15407145877181355,0.0453710873497464,0.10692264608891892,0.0318344608038205,0.03735245295710904,0.0026528717336515,0.032407502246204284,0.0032829933442199,0.03142238416545056,0.0035663114920129,0.04259189582417941,0.003423129831702,0.040165315562802784,0.0026528717336515
YDR_NR3_ET_gap_004,ZuCo,YDR,YDR_NR3_ET,1,2.0,pchip,linear,0.0051094756076276,0.0051094756076276,0.0039793076004738,0.0,0.0011301680071538,False,0.07414377737898793,0.0159172304019091,0.059921570513782406,0.0159172304019091,0.021327924956295524,0.0039793076004738,0.020197509130846746,0.0051094756076276,0.02166335120940247,0.0054715479506538,0.02583697569158019,0.0053057434672985,0.023213967432925794,0.0039793076004738
YDR_NR3_ET_gap_005,ZuCo,YDR,YDR_NR3_ET,2,86.0,pchip,local_natural_cubic_spline,0.2892660802270343,0.2892660802270343,0.1456184823331436,0.0,0.14364759789389073,False,0.49057359332395994,0.8384610745304716,0.3674888052983899,0.5524371786256334,0.3037876435798641,0.4255177574238705,0.2841520372790806,0.2892660802270343,0.5008958560673252,0.1456184823331436,0.4194763556973277,0.2680540154493016,0.40202145639355336,0.3168965253594614
YDR_NR3_ET_gap_006,ZuCo,YDR,YDR_NR3_ET,2,98.0,pchip,local_natural_cubic_spline,0.2759628463158524,0.2759628463158524,0.2375118442985083,0.0,0.03845100201734408,False,0.5520707541184549,0.3174245411020426,0.3762732230598166,0.4816366080675643,0.3030942602254726,0.3595873746382091,0.2724137538625406,0.2759628463158524,0.31435786648861014,0.2375118442985083,0.35816431778995483,0.5774564712119313,0.335566868271132,0.6934235175528811
YDR_NR3_ET_gap_007,ZuCo,YDR,YDR_NR3_ET,2,52.0,pchip,template,0.0560318903342245,0.0560318903342245,0.0431413760024396,0.0,0.012890514331784904,False,0.4276679252491697,0.0889937111619415,0.3603422575146463,0.0609117090112332,0.29749430402584937,0.0599712423771111,0.2906344437982742,0.0560318903342245,0.6962508624765723,0.056234829524097,0.45138471185363044,0.0762765590024877,0.40961133980841163,0.0431413760024396
YDR_NR3_ET_gap_008,ZuCo,YDR,YDR_NR3_ET,2,100.0,pchip,local_natural_cubic_spline,0.2918168781419117,0.2918168781419117,0.289309709644167,0.0,0.002507168497744683,False,0.700691625398435,0.819364156191895,0.3627273793736878,0.4131752995690397,0.29766726742049127,0.2902159276041558,0.2770037340654607,0.2918168781419117,0.2784892095304604,0.289309709644167,0.32588277647600805,0.3146980979939355,0.2997837987056438,0.2964029101690248
YDR_NR3_ET_gap_009,ZuCo,YDR,YDR_NR3_ET,3,110.0,pchip,local_natural_cubic_spline,0.1703751120239592,0.1703751120239592,0.0669778465301378,0.0,0.10339726549382139,False,0.3140786070106155,0.1362041632108546,0.285568880702042,0.3545058117050763,0.21703264474545378,0.2750449697662638,0.17055980990847636,0.1703751120239592,0.2844189197836162,0.0669778465301378,0.328146096664797,0.4162293069897369,0.24935456854861887,0.3258226615080029
YDR_NR3_ET_gap_010,ZuCo,YDR,YDR_NR3_ET,3,128.0,pchip,linear,0.3632198605895363,0.3632198605895363,0.3626571501196557,0.0,0.0005627104698806007,False,0.7046660499520243,0.3826897628386501,0.39388758233091486,0.4946082356891578,0.3256387037896976,0.3626571501196557,0.30107987272084274,0.3632198605895363,0.3161129917215447,0.3680779477251595,0.36537442346229404,0.4887593960194928,0.35072376864056387,0.5924533540916858
YDR_NR3_ET_gap_011,ZuCo,YDR,YDR_NR3_ET,3,144.0,pchip,pchip,0.0507143715103944,0.0507143715103944,0.0507143715103944,0.0,0.0,True,0.45088939250132076,0.0918485269674733,0.48457493283025665,0.0622259771108984,0.4350521725998719,0.0522012817372438,0.4226913092729106,0.0507143715103944,0.8483804815623461,0.114899691535146,3.008651440431958,4.67064870180006,2.9047216986110023,0.1200132347158275
YDR_NR3_ET_gap_012,ZuCo,YDR,YDR_NR3_ET,3,130.0,pchip,pchip,0.0462624477888448,0.0462624477888448,0.0462624477888448,0.0,0.0,True,0.1496043889957894,0.1453746607687935,0.1474086933848567,0.1007382112500656,0.11831735927572128,0.0767221661286736,0.09841195358264916,0.0462624477888448,0.34281995267479265,0.2682664394631061,0.2938809905034349,0.3796150663062564,0.18666765541268188,0.1884234549082927
YDR_NR3_ET_gap_013,ZuCo,YDR,YDR_NR3_ET,4,190.0,local_natural_cubic_spline,local_natural_cubic_spline,0.4560096033885218,0.4615162241113949,0.4560096033885218,0.005506620722873112,0.0,True,0.690982535182764,0.9341101910589186,0.38291990657745345,0.6088189846057731,0.31147032010840076,0.4571732506664339,0.29064250656966645,0.4615162241113949,0.28985541438327433,0.4560096033885218,0.33694566103027707,0.458581045094393,0.31199556175020654,0.482361655874344
YDR_NR3_ET_gap_014,ZuCo,YDR,YDR_NR3_ET,4,186.0,pchip,polyfit_bic,0.3551440325481645,0.3551440325481645,0.27020596724188,0.0,0.0849380653062845,False,0.6763642110626944,0.8728395954650584,0.32704703449688355,0.5018027138754904,0.2882806762258405,0.3570232169777783,0.25963668362150816,0.3551440325481645,0.26121276259677084,0.3525221079571242,0.3228882344552128,0.27020596724188,0.3021230453543129,0.3127576372829515
YDR_NR3_ET_gap_015,ZuCo,YDR,YDR_NR3_ET,4,182.0,pchip,forward_fill,0.4669559877034161,0.4669559877034161,0.3477793124349426,0.0,0.11917667526847353,False,0.6664196668403894,0.3477793124349426,0.38554382267214055,0.5846484208775499,0.3304915056189206,0.4416783778181727,0.30274425684045475,0.4669559877034161,0.30492228837482527,0.4663722106520168,0.3571849580874351,0.4182366533800297,0.33881248638862843,0.4659386791638646
YDR_NR3_ET_gap_016,ZuCo,YDR,YDR_NR3_ET,4,156.0,pchip,local_natural_cubic_spline,0.128880220233863,0.128880220233863,0.0512952673400804,0.0,0.0775849528937826,False,0.22325840882716255,0.0659365380276303,0.19046733210753697,0.2087740970519413,0.14697978505980752,0.1562038157016449,0.11479677031703513,0.128880220233863,0.2374068139421253,0.0512952673400804,0.2840424053501637,0.1792401781579165,0.19538246363178557,0.1185775256362427
YDR_NR3_ET_gap_017,ZuCo,YDR,YDR_NR3_ET,5,236.0,pchip,nearest_boundary,0.2690981781111012,0.2690981781111012,0.2532804119067829,0.0,0.015817766204318295,False,0.8285719487373288,0.8501484488680418,0.5121072363432517,0.2532804119067829,0.41886960094948233,0.3137597115442925,0.4055021230005449,0.2690981781111012,0.4464905532629148,0.2639671318997668,0.45749183157521534,0.3637954009291526,0.4464855037213667,0.4007965651377918
YDR_NR3_ET_gap_018,ZuCo,YDR,YDR_NR3_ET,5,232.0,pchip,linear,0.2021208983824284,0.2021208983824284,0.185607960004443,0.0,0.016512938377985398,False,0.2701701258357275,0.4473821010424294,0.25902197542942446,0.2552125169085012,0.20974183475316902,0.185607960004443,0.17714264277222844,0.2021208983824284,0.30971485506598445,0.2047282843164993,0.3442719745907083,0.306800314153586,0.27693056151823975,0.2361812429510738
YDR_NR3_ET_gap_019,ZuCo,YDR,YDR_NR3_ET,5,206.0,pchip,pchip,0.062920825006352,0.062920825006352,0.062920825006352,0.0,0.0,True,0.07554992225965564,0.0771143078198672,0.06768540831898497,0.0664239556174307,0.058231322209609256,0.0643290157031621,0.052287884485224735,0.062920825006352,0.34491889167090706,0.7912102435899098,0.29387870573405794,0.4397587277839951,0.1605137009787861,0.1851024017426254
YDR_NR3_ET_gap_020,ZuCo,YDR,YDR_NR3_ET,5,202.0,pchip,linear,0.4227699126478728,0.4227699126478728,0.4124747012550143,0.0,0.010295211392858494,False,0.6618092537979836,0.9850684631718452,0.3852141617436673,0.5684979350021091,0.3203210666903459,0.4124747012550143,0.29452195160835815,0.4227699126478728,0.30420636532789025,0.4231718855767227,0.3501265873092667,0.4251601773057627,0.32576291118145734,0.4294445509338708
YDR_NR5_ET_gap_001,ZuCo,YDR,YDR_NR5_ET,1,32.0,pchip,local_natural_cubic_spline,0.0903209688541758,0.0903209688541758,0.0449066403009516,0.0,0.0454143285532242,False,0.2589076501579463,0.482215826237574,0.1966475183101955,0.2533905098305388,0.1417392949318084,0.1652776383826671,0.11614613792311262,0.0903209688541758,0.14420412230345275,0.0449066403009516,0.2037944295669874,0.2287612930132825,0.17000363226238333,0.2083735167052195
YDR_NR5_ET_gap_002,ZuCo,YDR,YDR_NR5_ET,1,10.0,pchip,pchip,0.0049284138359461,0.0049284138359461,0.0049284138359461,0.0,0.0,True,0.11635292120965841,0.0113728473049725,0.09013409697727397,0.0050860919343276,0.07271414068958974,0.0059940168275023,0.06569827459863659,0.0049284138359461,0.09429523040835332,0.0138814110238612,0.09493713927968583,0.0115017723911038,0.08976590787281145,0.0080117440184158
YDR_NR5_ET_gap_003,ZuCo,YDR,YDR_NR5_ET,1,36.0,linear,linear,0.0051268257565614,0.0108509666959936,0.0051268257565614,0.0057241409394321995,0.0,True,0.31198173025938486,0.052563119021919,0.27187579720234584,0.0279220837099579,0.22917174601389084,0.0051268257565614,0.23256791108781916,0.0108509666959936,0.5047621623840934,0.007030064049744,0.7636240346698934,0.0947945645682493,0.6796858801297614,0.1024270513951827
YDR_NR5_ET_gap_004,ZuCo,YDR,YDR_NR5_ET,1,10.0,pchip,pchip,0.0044949412537886,0.0044949412537886,0.0044949412537886,0.0,0.0,True,0.27602386905737875,0.0370273081888937,0.18836586659327303,0.0209704942668407,0.11885365586094575,0.0047576033639726,0.10857441319039031,0.0044949412537886,0.1366106797559194,0.0064931948178535,0.1430977984944155,0.0086955410611132,0.13323946484876564,0.0048418152709258
YDR_NR5_ET_gap_005,ZuCo,YDR,YDR_NR5_ET,2,68.0,pchip,pchip,0.0325586200244998,0.0325586200244998,0.0325586200244998,0.0,0.0,True,0.1817360191615596,0.056393998498834,0.13373654057730203,0.0402799819674589,0.10212087549974252,0.0356857374522802,0.09954355790603964,0.0325586200244998,0.18342417464636346,0.0542776957936924,0.31145949810913737,0.0629295323711904,0.27479792082048354,0.0552587734773504
YDR_NR5_ET_gap_006,ZuCo,YDR,YDR_NR5_ET,2,82.0,pchip,local_natural_cubic_spline,0.1303013200536479,0.1303013200536479,0.1240880937944981,0.0,0.006213226259149787,False,0.655117427924568,0.6230445999852544,0.33316306657563993,0.1624804784285143,0.2871015202848743,0.1838535242628953,0.2590260213267329,0.1303013200536479,0.2596820550633851,0.1240880937944981,0.32011920485995343,0.2321846522430951,0.29299943849424287,0.1880261570601369
YDR_NR5_ET_gap_007,ZuCo,YDR,YDR_NR5_ET,2,66.0,pchip,local_natural_cubic_spline,0.1193442193801889,0.1193442193801889,0.0488087103134471,0.0,0.0705355090667418,False,0.30747128906131926,0.4851759428243294,0.24597459806265035,0.2927998725478283,0.18932401271650734,0.2068543725912461,0.15528366547936878,0.1193442193801889,0.23292620302916536,0.0488087103134471,0.27662867833821314,0.3190239903373894,0.22046705880913686,0.2667796962085119
YDR_NR5_ET_gap_008,ZuCo,YDR,YDR_NR5_ET,2,74.0,pchip,pchip,0.0769022203941567,0.0769022203941567,0.0769022203941567,0.0,0.0,True,0.33430997458148703,0.2171187360505778,0.24951168352698253,0.2755420208697399,0.1892931496188509,0.172043129979732,0.16520080853453037,0.0769022203941567,0.20735693071599606,0.174469359587028,0.24800147878854337,0.2688553787591727,0.2112688900389085,0.2110791695958296
YDR_NR5_ET_gap_009,ZuCo,YDR,YDR_NR5_ET,3,124.0,pchip,template,0.4374817888199538,0.4374817888199538,0.3297709960453101,0.0,0.10771079277464368,False,0.6378994160809197,0.345199176920609,0.3852342746296122,0.5293192516632147,0.324355287325514,0.3909272133794634,0.3007270501208076,0.4374817888199538,0.3498509227508631,0.4372415437280659,0.4384870640098214,0.3516625153337873,0.400079297898622,0.3297709960453101
YDR_NR5_ET_gap_010,ZuCo,YDR,YDR_NR5_ET,3,128.0,pchip,linear,0.0119087899097603,0.0119087899097603,0.0097625093829181,0.0,0.0021462805268421987,False,0.026610901504787513,0.0188631881904104,0.01892099169715106,0.012849030402504,0.01598133857251773,0.0097625093829181,0.0144226821683884,0.0119087899097603,0.047972118797635105,0.0207916882456441,0.12492981695894415,0.1619999586906733,0.12141051655468466,0.1158118770314823
YDR_NR5_ET_gap_011,ZuCo,YDR,YDR_NR5_ET,3,138.0,local_natural_cubic_spline,local_natural_cubic_spline,0.1797057497371164,0.1955430607028581,0.1797057497371164,0.015837310965741702,0.0,True,0.5822310109898187,0.7022169044305102,0.3907319027330029,0.2103339482144912,0.3075598907153631,0.2420703739825862,0.26245940221537434,0.1955430607028581,0.24169014296643976,0.1797057497371164,0.34291511242149536,0.2768725571643737,0.3165872444554511,0.246572320123234
YDR_NR5_ET_gap_012,ZuCo,YDR,YDR_NR5_ET,3,112.0,pchip,linear,0.0144517863158339,0.0144517863158339,0.0127405354706666,0.0,0.0017112508451673,False,0.04502195854218256,0.0160481012727274,0.03408678045788493,0.0209698330560185,0.029537945944857428,0.0127405354706666,0.027602625714726454,0.0144517863158339,0.06029971243699245,0.0140396429459425,0.2894573073712651,0.2132368514646865,0.2183196535339599,0.1551792951588086
YDR_NR5_ET_gap_013,ZuCo,YDR,YDR_NR5_ET,4,198.0,pchip,nearest_boundary,0.0774455635912624,0.0774455635912624,0.0716029107314702,0.0,0.0058426528597921995,False,0.48155246899999893,0.0912020280145106,0.4147271415285394,0.0716029107314702,0.3730800551867225,0.0806061988442269,0.3676752064730424,0.0774455635912624,1.5556793735137953,0.156380776051123,0.5863037701161695,0.0849101251021989,0.529886903293096,0.117341126157413
YDR_NR5_ET_gap_014,ZuCo,YDR,YDR_NR5_ET,4,174.0,pchip,pchip,0.3024555083289469,0.3024555083289469,0.3024555083289469,0.0,0.0,True,0.6522360494653938,0.5956319801864114,0.4188447436998366,0.4119190662381549,0.34659188470691205,0.3192205075832384,0.3252164631690512,0.3024555083289469,0.33360977207534215,0.3089336158932987,0.37086752691605934,0.3518673795537853,0.3502562413870561,0.3336975392203689
YDR_NR5_ET_gap_015,ZuCo,YDR,YDR_NR5_ET,4,192.0,pchip,forward_fill,0.00331243045336,0.00331243045336,0.0032301777343041,0.0,8.22527190559e-05,False,0.040914650965697595,0.0032301777343041,0.03231658277362843,0.0033792329415672,0.02777024488191063,0.0034110326520659,0.0263597429458328,0.00331243045336,0.08489078232946967,0.0101483570098626,0.23504258320357613,0.2476943576061371,0.1716303028003956,0.2427985793540184
YDR_NR5_ET_gap_016,ZuCo,YDR,YDR_NR5_ET,4,154.0,pchip,pchip,0.3163083914534222,0.3163083914534222,0.3163083914534222,0.0,0.0,True,0.607168365264684,0.4984651518374738,0.4243965002034314,0.4396001251223589,0.3607005817564663,0.3384501621727684,0.3326850325567629,0.3163083914534222,0.49696643170437954,0.3187332776288017,0.6071272076136164,0.4454388769057122,0.5479500977197224,0.3449839084652585
YDR_NR5_ET_gap_017,ZuCo,YDR,YDR_NR5_ET,5,250.0,pchip,pchip,0.4865004802922048,0.4865004802922048,0.4865004802922048,0.0,0.0,True,1.1672540405001144,1.3796587030314391,0.6834681580302745,0.655822390505826,0.5664452152062774,0.511975122772859,0.5602852372006955,0.4865004802922048,0.6249653074911854,0.4866686019719241,0.6211545413965576,0.7041411572341036,0.6146602191678162,0.7150558170870244
YDR_NR5_ET_gap_018,ZuCo,YDR,YDR_NR5_ET,5,212.0,pchip,nearest_boundary,0.2393237818700212,0.2393237818700212,0.1469540692540135,0.0,0.09236971261600771,False,0.6904224349798347,0.7047483604161513,0.4713249903831443,0.1469540692540135,0.4095193673018667,0.2773332594435712,0.3785854715199558,0.2393237818700212,0.736056518245198,0.2419995106282668,0.740359470442239,0.6622029150680065,0.6429571528852334,0.7216967924319762
YDR_NR5_ET_gap_019,ZuCo,YDR,YDR_NR5_ET,5,242.0,pchip,pchip,0.0153195188329851,0.0153195188329851,0.0153195188329851,0.0,0.0,True,0.29875962890036256,0.0243221286516235,0.25678616835627055,0.0188252960688672,0.22376096198535825,0.0166658610633251,0.21337954205675128,0.0153195188329851,0.9271728195446449,0.0433568930842033,0.53041599982529,0.4832499292632152,0.4559634002928882,0.5391449896068563
YDR_NR5_ET_gap_020,ZuCo,YDR,YDR_NR5_ET,5,240.0,pchip,local_natural_cubic_spline,0.1444575314392751,0.1444575314392751,0.118589663859218,0.0,0.02586786758005709,False,0.2918886404505254,0.4041354260076208,0.2431845898443524,0.199717192665603,0.18519170866167015,0.1509195584150435,0.14809071678724253,0.1444575314392751,0.22603343983617402,0.118589663859218,0.28952206290999877,0.5510538633423998,0.2276474038227182,0.3360702731741473
YFR_NR5_ET_gap_001,ZuCo,YFR,YFR_NR5_ET,1,24.0,pchip,local_natural_cubic_spline,0.1079329567645738,0.1079329567645738,0.0652194244499884,0.0,0.0427135323145854,False,0.24473934577873777,0.2116353816018747,0.19689060358744645,0.2834470456422986,0.142485323291778,0.1963494767129846,0.11324019279925762,0.1079329567645738,0.14097151598509883,0.0652194244499884,0.1968686908847464,0.2493520623943642,0.16920249017346778,0.2380675904587209
YFR_NR5_ET_gap_002,ZuCo,YFR,YFR_NR5_ET,1,34.0,linear,local_natural_cubic_spline,0.0391247527394259,0.0304882739598437,0.0145759525318751,-0.0086364787795822,0.024548800207550802,False,0.15827951500473053,0.0871978898322752,0.12578083459381623,0.061916264496258,0.10206032079513637,0.0391247527394259,0.10232613834805619,0.0304882739598437,0.20032176866155985,0.0145759525318751,0.4146133701076341,0.2703418876821261,0.37543988850744237,0.3046246537069214
YFR_NR5_ET_gap_003,ZuCo,YFR,YFR_NR5_ET,1,10.0,pchip,local_natural_cubic_spline,0.0627114922752533,0.0627114922752533,0.0451215204794756,0.0,0.017589971795777697,False,0.2433382153645831,0.2700993308083047,0.18068103486539103,0.1418367627667611,0.13714061717428186,0.0535168863269205,0.13418125897297556,0.0627114922752533,0.23342822107695435,0.0451215204794756,0.27100191914624056,0.2008755041069526,0.2542854614076863,0.1270439106778793
YFR_NR5_ET_gap_004,ZuCo,YFR,YFR_NR5_ET,1,38.0,pchip,pchip,0.0222949024920408,0.0222949024920408,0.0222949024920408,0.0,0.0,True,0.6436509075985395,0.0724550971097089,0.48744860694890463,0.0370067247608377,0.3857935431382514,0.0262221654125618,0.3791192470040345,0.0222949024920408,0.5121191171553853,0.0273109465809098,0.47471423137020413,0.0416618658358608,0.43523295036169574,0.0237554316496455
YFR_NR5_ET_gap_005,ZuCo,YFR,YFR_NR5_ET,2,96.0,pchip,local_natural_cubic_spline,0.2893807907072543,0.2893807907072543,0.2850318123818658,0.0,0.004348978325388497,False,0.686381813720374,0.8150348165888446,0.3490602213987439,0.3983686180576843,0.28845925063843053,0.292257457556879,0.2652004191085281,0.2893807907072543,0.2660685920020083,0.2850318123818658,0.31609430677143124,0.3126739360475423,0.2901814392146512,0.2930630476719151
YFR_NR5_ET_gap_006,ZuCo,YFR,YFR_NR5_ET,2,82.0,pchip,local_natural_cubic_spline,0.380650263222567,0.380650263222567,0.377903201055293,0.0,0.0027470621672739948,False,0.6731814353781433,0.900906549197402,0.3075654272255937,0.5703382594101357,0.26556365143536803,0.4090228364554525,0.2378934329836374,0.380650263222567,0.23830161428324237,0.377903201055293,0.29638607800229705,0.4080701581243753,0.2660673581852446,0.4121968707081148
YFR_NR5_ET_gap_007,ZuCo,YFR,YFR_NR5_ET,2,70.0,linear,linear,0.0487475635553096,0.0524460242963431,0.0487475635553096,0.003698460741033499,0.0,True,0.23943872202449096,0.1035690799858406,0.21154649135508244,0.0683418099849022,0.17959857741332133,0.0487475635553096,0.1857475623574288,0.0524460242963431,0.4063274378895631,0.0659123229082424,0.697298023046221,0.20811403667744,0.6515071896205548,0.1596219401791906
YFR_NR5_ET_gap_008,ZuCo,YFR,YFR_NR5_ET,2,86.0,pchip,forward_fill,0.0134734666853609,0.0134734666853609,0.0046070248289884,0.0,0.0088664418563725,False,0.041775629230124366,0.0046070248289884,0.04014440647992766,0.0230752230350511,0.033464623092213146,0.0187538722276594,0.029971915569448455,0.0134734666853609,0.12307566597355091,0.1185400268691431,0.2322480628401737,0.329663394265391,0.15508006586374715,0.1634606757169718
YFR_NR5_ET_gap_009,ZuCo,YFR,YFR_NR5_ET,3,126.0,pchip,linear,0.0059531313319284,0.0059531313319284,0.0044100262327107,0.0,0.0015431050992177004,False,0.02828041642964357,0.0082656378167363,0.02360536973933475,0.0054439226814869,0.020527795483091398,0.0044100262327107,0.01914586748280918,0.0059531313319284,0.07332374846623003,0.0094243513354239,0.17018782623227802,0.1856719547314897,0.12784294546041094,0.1394445082470223
YFR_NR5_ET_gap_010,ZuCo,YFR,YFR_NR5_ET,3,104.0,pchip,pchip,0.0887609135804724,0.0887609135804724,0.0887609135804724,0.0,0.0,True,0.41589787251342725,0.1041894339973498,0.4253312780195873,0.096195475311383,0.38348315368779734,0.0949009347459451,0.37763040499407785,0.0887609135804724,0.9248715517940878,0.1287838098031913,2.736236120162308,1.0430307636027345,2.357708633187698,1.5744028619486146
YFR_NR5_ET_gap_011,ZuCo,YFR,YFR_NR5_ET,3,146.0,linear,pchip,0.0850761201101585,0.0586706082621053,0.0586706082621053,-0.026405511848053197,0.026405511848053197,False,0.6305175824438172,0.3018603635151832,0.5068233251816725,0.1676581350625577,0.4359279972354464,0.0850761201101585,0.44105026535061637,0.0586706082621053,1.0784468657876984,0.0648980479107696,1.6045854950869003,0.2957207724402774,1.4287231549393682,0.4862089030623501
YFR_NR5_ET_gap_012,ZuCo,YFR,YFR_NR5_ET,3,110.0,pchip,forward_fill,0.0087516800121654,0.0087516800121654,0.0082136120265526,0.0,0.0005380679856127994,False,0.06698641113210925,0.0082136120265526,0.05791005749130727,0.0091234301637817,0.050664997215513714,0.008934802897319,0.04639429787942678,0.0087516800121654,0.1426507919785829,0.0941656499176162,0.26151292577753,0.2587171333849412,0.18588727258025695,0.1132268066595695
YFR_NR5_ET_gap_013,ZuCo,YFR,YFR_NR5_ET,4,190.0,pchip,local_natural_cubic_spline,0.2599419753870609,0.2599419753870609,0.2586280498974277,0.0,0.001313925489633161,False,0.6591067982786343,0.5988157732494813,0.3900006209117066,0.3297213859760581,0.32268355258521514,0.2894782817067473,0.2974234008791704,0.2599419753870609,0.31084990750256664,0.2586280498974277,0.35043980856316387,0.2645688472786072,0.3241904862441476,0.2889873744838455
YFR_NR5_ET_gap_014,ZuCo,YFR,YFR_NR5_ET,4,150.0,pchip,forward_fill,0.1666975527856674,0.1666975527856674,0.0992316791617866,0.0,0.06746587362388079,False,0.23441099699926346,0.0992316791617866,0.2142492022177017,0.2330029957128725,0.16593397182868208,0.1808887890538911,0.13062151295368982,0.1666975527856674,0.300429621740882,0.1629600481881897,0.3062251458136218,0.1474977589258221,0.21430674900295663,0.1061385832185507
YFR_NR5_ET_gap_015,ZuCo,YFR,YFR_NR5_ET,4,196.0,pchip,forward_fill,0.3601091252663198,0.3601091252663198,0.2709264736786053,0.0,0.08918265158771449,False,0.641768937784931,0.2709264736786053,0.3184954238210554,0.5993338639524087,0.26505999551190595,0.4564675411379177,0.23520276205640986,0.3601091252663198,0.236617179042781,0.3281615669748322,0.2982020157894152,0.41852327577143,0.2680663929565275,0.4358848571644451
YFR_NR5_ET_gap_016,ZuCo,YFR,YFR_NR5_ET,4,196.0,pchip,linear,0.4194142175821075,0.4194142175821075,0.3706498547409599,0.0,0.0487643628411476,False,0.6965482822648105,0.5649104443069688,0.43413904400226255,0.4965736121372743,0.3504105933869392,0.3706498547409599,0.3301835495509937,0.4194142175821075,0.33938083217065046,0.4084847353041416,0.3766621045078807,0.4305433764015137,0.3540229423539824,0.3928089170042875
YFR_NR5_ET_gap_017,ZuCo,YFR,YFR_NR5_ET,5,212.0,pchip,linear,0.19744204731816,0.19744204731816,0.1935751682456936,0.0,0.0038668790724664115,False,0.3151010211274371,0.2933765504315656,0.20545916556652818,0.2561937731433942,0.1649464711402662,0.1935751682456936,0.14838238203960175,0.19744204731816,0.20909372961417372,0.1954341053405335,0.2708257756102172,0.2148579775553804,0.22021259455035722,0.2638050294067688
YFR_NR5_ET_gap_018,ZuCo,YFR,YFR_NR5_ET,5,234.0,pchip,linear,0.1421344628834629,0.1421344628834629,0.1223976790214493,0.0,0.019736783862013607,False,0.3277247266837286,0.356576398634626,0.2475130975064144,0.2055478279466035,0.21214860370892413,0.1223976790214493,0.19610042389083462,0.1421344628834629,0.4961413122059151,0.1399845857800787,0.4983914226084634,0.5183201210263382,0.440467539877134,0.4154925991385104
YFR_NR5_ET_gap_019,ZuCo,YFR,YFR_NR5_ET,5,226.0,pchip,template,0.110919795232662,0.110919795232662,0.05642704031739,0.0,0.054492754915272,False,0.23787009314179874,0.2130317292998557,0.1680687007868337,0.1388816846719072,0.13710574075776957,0.1197981087572063,0.1166114686636398,0.110919795232662,0.147903833456317,0.1030245114243319,0.20599965271405457,0.1311497843414955,0.163165308289571,0.05642704031739
YFR_NR5_ET_gap_020,ZuCo,YFR,YFR_NR5_ET,5,240.0,pchip,pchip,0.0772686343626858,0.0772686343626858,0.0772686343626858,0.0,0.0,True,0.3841145188411348,0.2594426456127703,0.32287883037021003,0.172186510664247,0.28188284108415695,0.1296094734985597,0.26337330991257973,0.0772686343626858,1.1162519976449004,1.2025571358988034,0.5337940542117819,0.3484354127744715,0.47418309652290663,0.367552440517309
YFR_NR6_ET_gap_001,ZuCo,YFR,YFR_NR6_ET,1,8.0,pchip,local_natural_cubic_spline,0.0305826859083846,0.0305826859083846,0.0083820690860376,0.0,0.022200616822347,False,0.16574499912652696,0.0226267428871184,0.11371238061740134,0.0387375817533306,0.07722198640892944,0.0372506895114301,0.06258759563585485,0.0305826859083846,0.06743415662405353,0.0083820690860376,0.08754033825312231,0.0252801879304814,0.0872849916805541,0.0374161964048613
YFR_NR6_ET_gap_002,ZuCo,YFR,YFR_NR6_ET,1,24.0,pchip,linear,0.0111261794480091,0.0111261794480091,0.0062755293597103,0.0,0.0048506500882988,False,0.39036234805601244,0.058371613401048,0.24482737752451336,0.033875032555875,0.18031065888556527,0.0062755293597103,0.1674836014029439,0.0111261794480091,0.2019954169459726,0.0110143205686045,0.20917048791841986,0.0086966331066067,0.19100560815666673,0.0100081306554881
YFR_NR6_ET_gap_003,ZuCo,YFR,YFR_NR6_ET,1,30.0,linear,pchip,0.0517833349832117,0.0438220275670592,0.0438220275670592,-0.007961307416152502,0.007961307416152502,False,0.1277494587917192,0.097348507277811,0.10711151923646085,0.0490955793842171,0.08460345998971036,0.0517833349832117,0.0895930124743236,0.0438220275670592,0.17845840402784094,0.0759177202237033,0.686222875688759,0.9081365549238783,0.5905216553583105,0.6669820767747683
YFR_NR6_ET_gap_004,ZuCo,YFR,YFR_NR6_ET,1,12.0,pchip,local_natural_cubic_spline,0.0126721547318524,0.0126721547318524,0.0067069549659189,0.0,0.0059651997659335,False,0.1839100267608356,0.0457658779214192,0.12108983813762675,0.0286999286236315,0.07888864601164945,0.02098618139062,0.0642420828291203,0.0126721547318524,0.07421184747968403,0.0067069549659189,0.10816071850187112,0.0190364280562685,0.09804636627842285,0.0248095384195301
YFR_NR6_ET_gap_005,ZuCo,YFR,YFR_NR6_ET,2,90.0,pchip,nearest_boundary,0.0521259239532975,0.0521259239532975,0.0485083997610819,0.0,0.0036175241922156015,False,0.2688146817333094,0.0494677886264441,0.24659472992478834,0.0485083997610819,0.20973193332110346,0.0538372856083536,0.20875908117709716,0.0521259239532975,0.5646603622720603,0.0520331016010047,1.5108213724313653,0.3604211381072538,1.5461695894181444,0.404676711206357
YFR_NR6_ET_gap_006,ZuCo,YFR,YFR_NR6_ET,2,78.0,pchip,local_natural_cubic_spline,0.0104097298762099,0.0104097298762099,0.0074557906348081,0.0,0.0029539392414017996,False,0.030088061858363904,0.0163886102716306,0.02444406061092218,0.0138113165579454,0.020218609890451884,0.0114122484595503,0.01793183279282585,0.0104097298762099,0.05441528489179922,0.0074557906348081,0.14765639884430742,0.1183860045107826,0.12533473637443376,0.1042374151199821
YFR_NR6_ET_gap_007,ZuCo,YFR,YFR_NR6_ET,2,76.0,pchip,pchip,0.002632952783089,0.002632952783089,0.002632952783089,0.0,0.0,True,0.09174751090411537,0.0066051804907753,0.08644344223984655,0.0031585965932362,0.07764189034348357,0.0029924624209976,0.0719860253900977,0.002632952783089,0.32131857708452477,0.0041474630060283,0.2951353030739751,0.1543354823818373,0.19387261641430478,0.1460769163886123
YFR_NR6_ET_gap_008,ZuCo,YFR,YFR_NR6_ET,2,52.0,pchip,local_natural_cubic_spline,0.1667572642293565,0.1667572642293565,0.135414109594375,0.0,0.031343154634981496,False,0.26752771697061384,0.2060617500551677,0.18809701531345577,0.3351989982771459,0.13100520587808215,0.2461305747429907,0.11081322931593433,0.1667572642293565,0.15583659534277347,0.135414109594375,0.17600492473058998,0.2514657923215929,0.15731789717443484,0.233314926548773
YFR_NR6_ET_gap_009,ZuCo,YFR,YFR_NR6_ET,3,114.0,pchip,template,0.4809453135703374,0.4809453135703374,0.4455642229864812,0.0,0.03538109058385619,False,0.6737901361784531,0.4577486046102892,0.38015888742757925,0.6019100335845814,0.317560076516864,0.4636627692486497,0.2931467997139051,0.4809453135703374,0.3022628828026128,0.5549204662183003,0.34379281195514577,0.4550081091071572,0.32114713512253845,0.4455642229864812
YFR_NR6_ET_gap_010,ZuCo,YFR,YFR_NR6_ET,3,142.0,pchip,linear,0.0588699688821344,0.0588699688821344,0.0357992327713331,0.0,0.0230707361108013,False,0.190240873573452,0.132636643560027,0.1468707532272784,0.0830562045522005,0.11890897031076252,0.0357992327713331,0.10583370729528205,0.0588699688821344,0.19184354001943654,0.1128068761331743,0.27339136704313277,0.1004566337752796,0.21074977555730995,0.1183513300191666
YFR_NR6_ET_gap_011,ZuCo,YFR,YFR_NR6_ET,3,142.0,pchip,pchip,0.17460235498339,0.17460235498339,0.17460235498339,0.0,0.0,True,0.23032646576630492,0.3562969675455281,0.20438199112903976,0.2628617801548677,0.1588367944924552,0.2194211518743001,0.12739985600504547,0.17460235498339,0.40119780051378584,1.19372767180794,0.3220943506168059,0.5487737945108073,0.2107458495910967,0.286256450480423
YFR_NR6_ET_gap_012,ZuCo,YFR,YFR_NR6_ET,3,138.0,pchip,polyfit_bic,0.4749907020986249,0.4749907020986249,0.2661462273250381,0.0,0.20884447477358675,False,0.6231782285374157,0.9429386919539188,0.3815406102251476,0.6368600068267136,0.31706859081447725,0.4862845121008733,0.2968449879914859,0.4749907020986249,0.3697195712339667,0.4695616016621556,0.49580122196190163,0.2661462273250381,0.44270042562929246,0.3832420287675465
YFR_NR6_ET_gap_013,ZuCo,YFR,YFR_NR6_ET,4,168.0,pchip,forward_fill,0.0225882810597698,0.0225882810597698,0.0188705514958454,0.0,0.0037177295639243997,False,0.04657549571797986,0.0188705514958454,0.04452191593221382,0.0228300228298523,0.038597148070391135,0.0226129888630616,0.035209083450063926,0.0225882810597698,0.14989460403136246,0.120481383531249,0.23700431230598706,0.3458531396263863,0.15070187067753218,0.0904892442234478
YFR_NR6_ET_gap_014,ZuCo,YFR,YFR_NR6_ET,4,172.0,pchip,polyfit_bic,0.2176679521540822,0.2176679521540822,0.1112622107590411,0.0,0.1064057413950411,False,0.28338327020568765,0.4031378535937327,0.18595551539223276,0.2379020860369393,0.1397404377285847,0.1492513378140485,0.11934934863976414,0.2176679521540822,0.15243597682505847,0.2435334570927521,0.18717741397620327,0.1112622107590411,0.15043722389958758,0.1399728438695347
YFR_NR6_ET_gap_015,ZuCo,YFR,YFR_NR6_ET,4,156.0,pchip,local_natural_cubic_spline,0.1941355582294038,0.1941355582294038,0.0635893947956085,0.0,0.13054616343379527,False,0.4090535245609316,0.616634023025653,0.3012356012762727,0.4015036116093789,0.22980411820373065,0.3065914131022387,0.18903982224517313,0.1941355582294038,0.25572082088248077,0.0635893947956085,0.3008933644451762,0.4083889784115539,0.24890058605599724,0.3333861656726382
YFR_NR6_ET_gap_016,ZuCo,YFR,YFR_NR6_ET,4,160.0,pchip,template,0.234225294709586,0.234225294709586,0.2144230294413714,0.0,0.019802265268214603,False,0.5586023824880035,0.7329639530396057,0.35777049535939404,0.3456031133776004,0.2874889217144855,0.269936090221351,0.2607569530672553,0.234225294709586,0.3505369330597126,0.2394730303259279,0.33764716918529264,0.3337998546932846,0.3125559326224964,0.2144230294413714
YFR_NR6_ET_gap_017,ZuCo,YFR,YFR_NR6_ET,5,218.0,pchip,pchip,0.09614298729331,0.09614298729331,0.09614298729331,0.0,0.0,True,0.261964435113377,0.3299120767063372,0.2196711852072823,0.2345182607267191,0.16957362398281048,0.1472243700466563,0.13787562171686565,0.09614298729331,0.27302337193152193,0.2650509331236123,0.3121036404957256,0.2628304892754387,0.24045404997839068,0.1878997564062761
YFR_NR6_ET_gap_018,ZuCo,YFR,YFR_NR6_ET,5,234.0,pchip,nearest_boundary,0.1183350916030308,0.1183350916030308,0.0636064154380717,0.0,0.05472867616495909,False,0.326423564413026,0.3946702938699329,0.22352832326920652,0.0636064154380717,0.17617096590969303,0.1452751208852956,0.1496339113601182,0.1183350916030308,0.17150904131260591,0.1196390816333996,0.23143704975228332,0.1527296099467698,0.18678623460415603,0.1742185846408368
YFR_NR6_ET_gap_019,ZuCo,YFR,YFR_NR6_ET,5,212.0,pchip,nearest_boundary,0.0270714088345065,0.0270714088345065,0.0136785482163263,0.0,0.013392860618180201,False,0.055317948530612934,0.0688639895635931,0.041217122234482144,0.0136785482163263,0.03343273482165759,0.0289584966937432,0.02932840156312119,0.0270714088345065,0.08237831586227849,0.0276607209605843,0.17730582531875597,0.1791328975433015,0.1383054117309405,0.044699321391207
YFR_NR6_ET_gap_020,ZuCo,YFR,YFR_NR6_ET,5,246.0,pchip,template,0.2778220728360573,0.2778220728360573,0.1989615290690289,0.0,0.07886054376702842,False,0.49770209496674456,0.6660576546961982,0.3856087494818216,0.3843692315357648,0.30590458812249965,0.2781209310321931,0.2588295494599606,0.2778220728360573,0.26855942018477524,0.2745781775503303,0.3490336396653848,0.2008233700616463,0.3206562965024714,0.1989615290690289
YFS_NR4_ET_gap_001,ZuCo,YFS,YFS_NR4_ET,1,20.0,linear,forward_fill,0.2433217010741041,0.2362403325427033,0.2069388066908885,-0.007081368531400817,0.036382894383215625,False,0.18079203421346698,0.2069388066908885,0.14674102057257754,0.2331987577595798,0.11684867762780944,0.2433217010741041,0.11704702623678931,0.2362403325427033,0.20456313425238232,0.2627428776656508,0.5048612508575765,0.5125799315301617,0.475402517780986,0.2856408748844294
YFS_NR4_ET_gap_002,ZuCo,YFS,YFS_NR4_ET,1,2.0,pchip,forward_fill,0.0026482225753168,0.0026482225753168,0.0,0.0,0.0026482225753168,False,0.12326703654259219,0.0,0.08758479571837541,0.0,0.039959586617686366,0.0040502227622482,0.0351177110932755,0.0026482225753168,0.0386969485169227,0.0025313892264074,0.049382308375533715,0.0027001485081562,0.04542058973399739,0.0040502227622482
YFS_NR4_ET_gap_003,ZuCo,YFS,YFS_NR4_ET,1,10.0,pchip,polyfit_bic,0.0062745781226524,0.0062745781226524,0.0028137346260213,0.0,0.0034608434966311,False,0.17150116707726382,0.0062745781226524,0.1528839417457205,0.0062745781226524,0.1311549573161867,0.0062745781226524,0.1298502902773796,0.0062745781226524,0.1960506287895247,0.0058515577893487,0.40025877408769067,0.0028137346260213,0.33158985610411873,0.005433944052247
YFS_NR4_ET_gap_004,ZuCo,YFS,YFS_NR4_ET,1,12.0,pchip,pchip,0.009030004711429,0.009030004711429,0.009030004711429,0.0,0.0,True,0.3268453489117244,0.0278652186317676,0.22023116930423497,0.0155111722601261,0.16887777256488506,0.0104576302044206,0.16076354619320707,0.009030004711429,0.2088136105592219,0.0096181526815648,0.19692105288737485,0.0179573630557982,0.18414773102469303,0.0148971471989498
YFS_NR4_ET_gap_005,ZuCo,YFS,YFS_NR4_ET,2,84.0,pchip,local_natural_cubic_spline,0.2048852409113847,0.2048852409113847,0.0991139429766236,0.0,0.10577129793476109,False,0.23153959684649028,0.5841992249302685,0.16840333871140273,0.3916143819160557,0.13142819242016449,0.3062047225151337,0.1275328369407467,0.2048852409113847,0.22874975768620387,0.0991139429766236,0.3438804030963958,1.4028399202786634,0.3214591547303981,0.9821095194271972
YFS_NR4_ET_gap_006,ZuCo,YFS,YFS_NR4_ET,2,50.0,linear,pchip,0.0356395608350984,0.0212691014622418,0.0212691014622418,-0.014370459372856602,0.014370459372856602,False,0.23089705205878897,0.1476795221399575,0.19796899831182538,0.0467677055164167,0.16675546998889965,0.0356395608350984,0.171732363450021,0.0212691014622418,0.5862918681750934,0.0212736079008808,1.119359584111585,1.040065731278409,0.9080151461696534,1.3337104871183625
YFS_NR4_ET_gap_007,ZuCo,YFS,YFS_NR4_ET,2,66.0,pchip,local_natural_cubic_spline,0.1827687170462148,0.1827687170462148,0.1818549740404407,0.0,0.0009137430057740981,False,0.6752112749020689,0.5612724394265759,0.3140593957436991,0.2313419172082658,0.2675204541627492,0.2169887029623212,0.2410378468352613,0.1827687170462148,0.2415195142617474,0.1818549740404407,0.298959732542325,0.2530050064352896,0.26940261017580724,0.2169875576554828
YFS_NR4_ET_gap_008,ZuCo,YFS,YFS_NR4_ET,2,66.0,pchip,linear,0.3796071020617949,0.3796071020617949,0.3697705966107378,0.0,0.009836505451057076,False,0.6711907692065922,0.8663826720580596,0.34679201754584654,0.5407392354212553,0.2871518575602987,0.3697705966107378,0.26340130887706786,0.3796071020617949,0.2658905816866021,0.3816231388414972,0.31517725271895775,0.377812582243246,0.28947555781251244,0.3732740476821009
YFS_NR4_ET_gap_009,ZuCo,YFS,YFS_NR4_ET,3,136.0,pchip,linear,0.0198406607657902,0.0198406607657902,0.0181520983640318,0.0,0.001688562401758402,False,0.08529740217450657,0.0279445689655629,0.08175139297908862,0.0194122307385325,0.06897429526259918,0.0181520983640318,0.062149185916100705,0.0198406607657902,0.19519123622174542,0.0281686877506929,0.27605277230438396,0.1977655814105134,0.19888379508605358,0.1698857780127497
YFS_NR4_ET_gap_010,ZuCo,YFS,YFS_NR4_ET,3,112.0,pchip,pchip,0.1195768904340263,0.1195768904340263,0.1195768904340263,0.0,0.0,True,0.6582106012861595,0.632349396457009,0.3591185664492133,0.2101104488457465,0.2943979653293294,0.1826068457315373,0.26864695953730877,0.1195768904340263,0.27015544499879296,0.1195991061144547,0.32231583796973895,0.2370441727246853,0.29554744549654094,0.1848618650176445
YFS_NR4_ET_gap_011,ZuCo,YFS,YFS_NR4_ET,3,130.0,local_natural_cubic_spline,local_natural_cubic_spline,0.2435050158928223,0.2484653047645376,0.2435050158928223,0.00496028887171529,0.0,True,0.617772067094563,0.7510861936119141,0.360377443923943,0.2917844597249006,0.2951629345730413,0.2856558910542847,0.2636452771377555,0.2484653047645376,0.25770736821161416,0.2435050158928223,0.32956783066097856,0.3133704587672751,0.30238462333793686,0.2846287857269713
YFS_NR4_ET_gap_012,ZuCo,YFS,YFS_NR4_ET,3,108.0,pchip,forward_fill,0.3858805184713663,0.3858805184713663,0.1188814017704536,0.0,0.2669991167009127,False,0.993221568409916,0.1188814017704536,0.7673608883059295,0.7189884571653992,0.6569414849045685,0.5821676626471203,0.6237660308068518,0.3858805184713663,1.0210624208249643,1.2181730751610351,0.9924561044939945,0.4642223027838656,0.9415364434350298,0.4996463595913936
YFS_NR4_ET_gap_013,ZuCo,YFS,YFS_NR4_ET,4,164.0,pchip,linear,0.0069030638223878,0.0069030638223878,0.0061796600694723,0.0,0.0007234037529155,False,0.1273795976095594,0.0187035297708105,0.11276414672302153,0.0115673544859282,0.09361769851195706,0.0061796600694723,0.08903804427736128,0.0069030638223878,0.18303668049131122,0.0268407213673589,0.5316176973434875,0.4786304059207349,0.4019339082753351,0.2441555133801773
YFS_NR4_ET_gap_014,ZuCo,YFS,YFS_NR4_ET,4,196.0,pchip,linear,0.4072968221700948,0.4072968221700948,0.349492717208222,0.0,0.05780410496187277,False,0.7509386694785295,0.6300230061762863,0.5636354843914109,0.6565094199435589,0.4780050378416875,0.349492717208222,0.45322598387997515,0.4072968221700948,0.8190645391473186,0.3728308816425599,0.6751581294810957,0.4930662133959057,0.6257357550610316,0.5047846691451887
YFS_NR4_ET_gap_015,ZuCo,YFS,YFS_NR4_ET,4,162.0,pchip,forward_fill,0.4271928123362484,0.4271928123362484,0.3179208340902368,0.0,0.10927197824601159,False,0.5509349264285002,0.3179208340902368,0.35558253726209055,0.5218484469050291,0.2896851778476579,0.3923508662770286,0.2575274135018896,0.4271928123362484,0.2764378316903417,0.4175834917823248,0.34912123013825314,0.4943647735503452,0.31425372633672766,0.4406007390074375
YFS_NR4_ET_gap_016,ZuCo,YFS,YFS_NR4_ET,4,180.0,pchip,linear,0.0097428207739554,0.0097428207739554,0.0062309855211249,0.0,0.003511835252830501,False,0.0413082520989937,0.0130992123410695,0.03216852602623544,0.0073835528491851,0.028196876154967226,0.0062309855211249,0.02681012849580306,0.0097428207739554,0.0776133180843332,0.0459617494784806,0.23795217891115047,0.2824486991485491,0.18224925499875694,0.3101877469067611
YFS_NR4_ET_gap_017,ZuCo,YFS,YFS_NR4_ET,5,230.0,pchip,linear,0.2733017252141648,0.2733017252141648,0.2337376372309965,0.0,0.039564087983168295,False,0.4663273180834899,0.3813230277698284,0.33746820042643816,0.3122123913732761,0.2807752858965866,0.2337376372309965,0.2521317922486899,0.2733017252141648,0.5463427849331894,0.2737210252001752,0.46526394515236985,0.4160226143485341,0.4209801469271267,0.3643419149043365
YFS_NR4_ET_gap_018,ZuCo,YFS,YFS_NR4_ET,5,202.0,pchip,nearest_boundary,0.1110886227848282,0.1110886227848282,0.0946353386767269,0.0,0.016453284108101304,False,0.26524926041843355,0.3005281811759608,0.17513602617726834,0.0946353386767269,0.138432613829625,0.1319585189982443,0.12220398737068969,0.1110886227848282,0.16759912710866476,0.1085359484675016,0.21308863936740652,0.1913504676573942,0.17253083533157942,0.2842842555553381
YFS_NR4_ET_gap_019,ZuCo,YFS,YFS_NR4_ET,5,222.0,pchip,template,0.2858873504730174,0.2858873504730174,0.1601923034647956,0.0,0.1256950470082218,False,0.4943912429215905,0.6519598685984221,0.36008522769105955,0.3817600985701715,0.28410994565474174,0.2787786653819532,0.2494621802296811,0.2858873504730174,0.27519891654142464,0.2919749708531006,0.3394460100762676,0.2155442489777986,0.3108868344102438,0.1601923034647956
YFS_NR4_ET_gap_020,ZuCo,YFS,YFS_NR4_ET,5,232.0,pchip,nearest_boundary,0.2404058451746276,0.2404058451746276,0.1760378213818083,0.0,0.0643680237928193,False,0.7151683484427108,0.7775154685649054,0.5423633243808094,0.1760378213818083,0.45271798703200383,0.2944134301715008,0.4259767842120456,0.2404058451746276,0.8656940185413949,0.227996482947219,0.5851138206118026,0.6516604801857824,0.5361762813945128,0.290139576829436
YFS_NR1_ET_gap_001,ZuCo,YFS,YFS_NR1_ET,1,14.0,pchip,local_natural_cubic_spline,0.0138891146065969,0.0138891146065969,0.0087438691072305,0.0,0.0051452454993664,False,0.25601259903778234,0.0218079418695792,0.18974970851041867,0.0155552233733032,0.14718763210785418,0.0139279991507989,0.14288393845962713,0.0138891146065969,0.21327077705349218,0.0087438691072305,0.18590392877422973,0.0117688128253687,0.17521130570310267,0.0136922587655101
YFS_NR1_ET_gap_002,ZuCo,YFS,YFS_NR1_ET,1,6.0,pchip,linear,0.0042899610193944,0.0042899610193944,0.0031199716504696,0.0,0.0011699893689248002,False,0.2705188397773957,0.0076423385555975,0.18196138958006058,0.0076423385555975,0.12389873322232572,0.0031199716504696,0.11418732521361216,0.0042899610193944,0.13666327109555246,0.0037958178693403,0.15587334836413994,0.0040393539922499,0.14653575849247594,0.0033092296667353
YFS_NR1_ET_gap_003,ZuCo,YFS,YFS_NR1_ET,1,2.0,pchip,local_natural_cubic_spline,0.0268048703260292,0.0268048703260292,0.0114173228346442,0.0,0.015387547491385002,False,0.07444768217209762,0.3212598425196862,0.060731398197779736,0.3212598425196862,0.024562001082304472,0.0787401574803139,0.023407493288647788,0.0268048703260292,0.02718098352673613,0.0114173228346442,0.02989129048856933,0.0188976377952771,0.027555354188533526,0.0787401574803139
YFS_NR1_ET_gap_004,ZuCo,YFS,YFS_NR1_ET,1,38.0,pchip,local_natural_cubic_spline,0.0588596130096188,0.0588596130096188,0.0515995563839969,0.0,0.007260056625621895,False,0.2843167380105109,0.2833928296490764,0.2452535548040909,0.195611355142674,0.18317101331876443,0.1336339422269164,0.1481591414983842,0.0588596130096188,0.22128734371273154,0.0515995563839969,0.2597266280274045,0.1639210040240863,0.21674308874476608,0.1692110399491555
YFS_NR1_ET_gap_005,ZuCo,YFS,YFS_NR1_ET,2,60.0,pchip,linear,0.0408811603115629,0.0408811603115629,0.0209444038798284,0.0,0.0199367564317345,False,0.3010457893890168,0.087001907348919,0.2957117297729825,0.041367576928465,0.23448095051955192,0.0209444038798284,0.20257298549641145,0.0408811603115629,0.45201609318325875,0.0686418514768886,0.34770180734748307,0.0318840176588064,0.27705830231109746,0.0447994440351952
YFS_NR1_ET_gap_006,ZuCo,YFS,YFS_NR1_ET,2,76.0,pchip,pchip,0.0389607713109139,0.0389607713109139,0.0389607713109139,0.0,0.0,True,0.09771550933619122,0.0438202179657837,0.08641778672345136,0.0426186052886298,0.07929218894787779,0.0410756912565645,0.07597523164172514,0.0389607713109139,0.16813109195097956,0.0925442189348977,0.26703607705157956,0.0905288181124331,0.21819997306212383,0.2355890552849919
YFS_NR1_ET_gap_007,ZuCo,YFS,YFS_NR1_ET,2,52.0,local_natural_cubic_spline,pchip,0.2916646476761926,0.240643489541033,0.240643489541033,-0.05102115813515959,0.05102115813515959,False,0.5739416477607124,0.5886783583320374,0.3194130301407435,0.3035100344772258,0.2637980225037228,0.2707258610116564,0.22755512076627313,0.240643489541033,0.22394799210550545,0.2916646476761926,0.29888014703899346,0.30412743319123,0.27275970163838875,0.2739543188671074
YFS_NR1_ET_gap_008,ZuCo,YFS,YFS_NR1_ET,2,82.0,pchip,local_natural_cubic_spline,0.1408959361509121,0.1408959361509121,0.0900246267386049,0.0,0.05087130941230719,False,0.2216322049537445,0.2052945740655904,0.24281269778886538,0.1584209624761187,0.19583371005835937,0.1469637620318523,0.16919335783279435,0.1408959361509121,0.45020710436783085,0.0900246267386049,0.3456401609249138,0.1629456415192244,0.2595882939917469,0.1540881938642055
YFS_NR1_ET_gap_009,ZuCo,YFS,YFS_NR1_ET,3,102.0,pchip,local_natural_cubic_spline,0.0300878333547357,0.0300878333547357,0.0131868484267661,0.0,0.0169009849279696,False,0.05344418312798312,0.0753626367638541,0.043862760186628574,0.0524222270207924,0.03750342095236914,0.0433575251169539,0.035303972425482076,0.0300878333547357,0.09668340256297521,0.0131868484267661,0.29082605289233565,0.2444878301614689,0.2254883666621713,0.3602077320072663
YFS_NR1_ET_gap_010,ZuCo,YFS,YFS_NR1_ET,3,142.0,pchip,local_natural_cubic_spline,1.8752633595473,1.8752633595473,1.7664219809879025,0.0,0.10884137855939757,False,3.2152433011781674,4.000743698172866,2.509390104422257,2.722926257567683,2.1769858213279827,2.1137285137564787,2.15584212391249,1.8752633595473,2.9255644791010966,1.7664219809879025,2.7554906856567567,3.156632139764026,2.6395959837245604,2.728049424692408
YFS_NR1_ET_gap_011,ZuCo,YFS,YFS_NR1_ET,3,128.0,pchip,linear,0.0356446877817196,0.0356446877817196,0.0354257688585558,0.0,0.00021891892316380085,False,0.050892933601024544,0.0654535728217486,0.04151679545429916,0.0383188405539635,0.035738020513400796,0.0354257688585558,0.03238893559748242,0.0356446877817196,0.1197193182157349,0.2262950670825071,0.20756199485123608,0.2585208061323085,0.15387816459849737,0.1738555488013233
YFS_NR1_ET_gap_012,ZuCo,YFS,YFS_NR1_ET,3,118.0,pchip,linear,0.0097713241173687,0.0097713241173687,0.0095062026969467,0.0,0.0002651214204219994,False,0.03372942485853452,0.0098831061891478,0.023887976688556516,0.010187118631412,0.020732165535610865,0.0095062026969467,0.01900952552897891,0.0097713241173687,0.05983998841136092,0.0174169653194235,0.15622129037648358,0.2079959097541654,0.13133104635928278,0.14079504713247
YFS_NR1_ET_gap_013,ZuCo,YFS,YFS_NR1_ET,4,184.0,pchip,linear,0.2805052835164625,0.2805052835164625,0.2164703563080988,0.0,0.06403492720836368,False,0.6908923693357631,0.481814673885545,0.3499202699361874,0.4484911856964176,0.2990230132744599,0.2164703563080988,0.27428259978217995,0.2805052835164625,0.2815789150653275,0.344472785203967,0.339067696604636,0.2712803058068149,0.3201268104485071,0.3772242898383478
YFS_NR1_ET_gap_014,ZuCo,YFS,YFS_NR1_ET,4,196.0,pchip,polyfit_bic,0.313768324316477,0.313768324316477,0.167517230036702,0.0,0.146251094279775,False,0.3139661109152922,0.6174004344466241,0.30817260312588696,0.3931915445423867,0.24381446538372478,0.2999132208491111,0.20668373488285005,0.313768324316477,0.4226533472978852,0.3142603851227554,0.3719256864304375,0.167517230036702,0.29554891663085464,0.1680370435579703
YFS_NR1_ET_gap_015,ZuCo,YFS,YFS_NR1_ET,4,166.0,pchip,polyfit_bic,0.212768515204387,0.212768515204387,0.1788182575732901,0.0,0.03395025763109691,False,0.24074688975889463,0.4536226825614117,0.26112718274112223,0.2533985711216813,0.2055504323080647,0.2082398938307229,0.16305366446558683,0.212768515204387,0.49376267144472524,0.2178625139757372,0.33886100366793703,0.1788182575732901,0.2503566534821518,0.2311825744760728
YFS_NR1_ET_gap_016,ZuCo,YFS,YFS_NR1_ET,4,164.0,pchip,linear,0.3744437782345177,0.3744437782345177,0.3593194765022641,0.0,0.015124301732253598,False,0.6501526424621608,0.4301326296982139,0.439082146887532,0.5033685274044045,0.3616433792059021,0.3593194765022641,0.3438948399930828,0.3744437782345177,0.4968876387505692,0.5564578413017838,0.4442021079302152,0.5022282200076412,0.4226110091880734,0.8224745679669461
YFS_NR1_ET_gap_017,ZuCo,YFS,YFS_NR1_ET,5,240.0,pchip,linear,0.016206377329553,0.016206377329553,0.0122467335744279,0.0,0.0039596437551251,False,0.05289938759205321,0.0343572093332258,0.042863236148104694,0.0152555498365893,0.03620481984678402,0.0122467335744279,0.03405829084547238,0.016206377329553,0.13393299513058796,0.0236677629920326,0.2484457808113899,0.4600195953709277,0.17382913715429246,0.2926531016642657
YFS_NR1_ET_gap_018,ZuCo,YFS,YFS_NR1_ET,5,210.0,pchip,pchip,0.1070379441540047,0.1070379441540047,0.1070379441540047,0.0,0.0,True,0.2711705834659188,0.3632267372187524,0.2024764102857538,0.1199029152577329,0.15853154059010274,0.129442578618756,0.13554407564427157,0.1070379441540047,0.15634407266407924,0.1070565595625879,0.21384405328140355,0.1345586758763719,0.17077641002182656,0.1448960114420315
YFS_NR1_ET_gap_019,ZuCo,YFS,YFS_NR1_ET,5,240.0,pchip,template,0.1849733817318165,0.1849733817318165,0.0817078317623114,0.0,0.10326554996950509,False,0.311270760084285,0.492081112934352,0.2507162628289015,0.2637929919992951,0.19910002171778565,0.1987732143137636,0.1712004681556745,0.1849733817318165,0.3531583382557262,0.181715229368346,0.3237761645408908,0.2453294324151561,0.2603515103591566,0.0817078317623114
YFS_NR1_ET_gap_020,ZuCo,YFS,YFS_NR1_ET,5,246.0,pchip,polyfit_bic,0.4839278809188838,0.4839278809188838,0.3380271264705467,0.0,0.14590075444833706,False,0.6631691050894132,0.8389115015244889,0.3381111144606337,0.5139717986021821,0.28007145715129483,0.3534333825236461,0.2544241146592334,0.4839278809188838,0.25692880174563476,0.5238176331403075,0.3109476985753993,0.3380271264705467,0.283088378086883,0.3416384035035532
YHS_NR2_ET_gap_001,ZuCo,YHS,YHS_NR2_ET,1,20.0,pchip,pchip,0.0645577544873239,0.0645577544873239,0.0645577544873239,0.0,0.0,True,0.21904787756684835,0.1068481853700136,0.19060649217045064,0.0668621898353721,0.16487340443247012,0.0656454903521244,0.1640743483962799,0.0645577544873239,0.29249771924263923,0.0882206436718125,0.3405513130935184,0.121393018537312,0.32631808012419783,0.0812985251523371
YHS_NR2_ET_gap_002,ZuCo,YHS,YHS_NR2_ET,1,10.0,pchip,pchip,0.0015245072441823,0.0015245072441823,0.0015245072441823,0.0,0.0,True,0.30760314652128284,0.0235414679748498,0.22491774065000059,0.0135916728723987,0.16726518418692954,0.0053125497202547,0.1607376040471418,0.0015245072441823,0.21894963997105554,0.0016575584601121,0.2143989707901224,0.011223898104133,0.1959598761241839,0.0099299924950797
YHS_NR2_ET_gap_003,ZuCo,YHS,YHS_NR2_ET,1,40.0,pchip,linear,0.0156990848999699,0.0156990848999699,0.014048626029508,0.0,0.0016504588704618992,False,0.3179083737623543,0.0218155361074888,0.27594979313264095,0.0205053871739477,0.23737547980469267,0.014048626029508,0.23696947500207416,0.0156990848999699,0.6021176050089359,0.0368544498793049,0.33516033297752496,0.0155942709828671,0.3188036550507548,0.0155644417542787
YHS_NR2_ET_gap_004,ZuCo,YHS,YHS_NR2_ET,1,10.0,pchip,local_natural_cubic_spline,0.0115367835438551,0.0115367835438551,0.0070790494235714,0.0,0.0044577341202837,False,0.19683729100185404,0.0377153615960593,0.1263391017042474,0.0261441047741213,0.08302925149170254,0.0186249455117719,0.06434695386367109,0.0115367835438551,0.0683343847764167,0.0070790494235714,0.09487423506666436,0.0153669747367052,0.09329801418115677,0.0203469613966607
YHS_NR2_ET_gap_005,ZuCo,YHS,YHS_NR2_ET,2,86.0,linear,linear,0.1149616030266918,0.1177890392912684,0.1149616030266918,0.0028274362645765994,0.0,True,0.24133643134075675,0.1513610631045311,0.20166782223005236,0.1261786458561251,0.17431784455746585,0.1149616030266918,0.17651638374886816,0.1177890392912684,0.43701789885511827,0.1553483145556269,0.8766123236569712,0.8267023395699583,0.7790976416346698,0.3389582298941951
YHS_NR2_ET_gap_006,ZuCo,YHS,YHS_NR2_ET,2,84.0,pchip,pchip,0.3144029460094045,0.3144029460094045,0.3144029460094045,0.0,0.0,True,0.818182092685075,0.710064922305759,0.5740707877326076,0.4476350584714796,0.46398713980969586,0.3379440679247729,0.44277472086059577,0.3144029460094045,0.4951230096600791,0.3170181917401268,0.4980294443950559,0.3800768285870889,0.48376679655915467,0.3829470338965938
YHS_NR2_ET_gap_007,ZuCo,YHS,YHS_NR2_ET,2,86.0,linear,local_natural_cubic_spline,0.1331441640520448,0.1306092562783128,0.0214110924056721,-0.002534907773731998,0.1117330716463727,False,0.32163616065478234,0.1376130049831421,0.273670157310836,0.1333882326531519,0.24256152854633672,0.1331441640520448,0.2446500409321449,0.1306092562783128,0.8719842216175616,0.0214110924056721,0.6684793334434272,0.2409304639592876,0.6382229302625291,0.0908743561540562
YHS_NR2_ET_gap_008,ZuCo,YHS,YHS_NR2_ET,2,56.0,pchip,local_natural_cubic_spline,0.1292986151430037,0.1292986151430037,0.125236964418473,0.0,0.004061650724530685,False,0.6650894315436298,0.6926398133290343,0.3161365532972976,0.1887282634335226,0.26627241777136124,0.188556062684489,0.23990101411965845,0.1292986151430037,0.24036340875709214,0.125236964418473,0.29684848958322896,0.2379304075773451,0.26784024714704147,0.1878789361327562
YHS_NR2_ET_gap_009,ZuCo,YHS,YHS_NR2_ET,3,144.0,pchip,pchip,0.3701495577947776,0.3701495577947776,0.3701495577947776,0.0,0.0,True,0.6410855157481183,1.133505176238564,0.40641761283416183,0.7602531639009215,0.34477879577453896,0.5918562775435432,0.3253657446531687,0.3701495577947776,0.46252217946175145,0.4235164048368216,0.7598300369596547,0.4529857755722844,0.6429737018364622,0.4626864766188741
YHS_NR2_ET_gap_010,ZuCo,YHS,YHS_NR2_ET,3,124.0,local_natural_cubic_spline,nearest_boundary,0.1718161328318725,0.1709108296009567,0.1687215068903229,-0.0009053032309158104,0.003094625941549606,False,0.6869461118480281,0.6495532089955038,0.34892649982729596,0.1687215068903229,0.2800266691011536,0.2258955830099856,0.2558082936957454,0.1709108296009567,0.25510639262042156,0.1718161328318725,0.30996277751622353,0.2735338425700142,0.2820148405460215,0.2256069523126794
YHS_NR2_ET_gap_011,ZuCo,YHS,YHS_NR2_ET,3,112.0,pchip,pchip,0.2006478116771747,0.2006478116771747,0.2006478116771747,0.0,0.0,True,0.6598012356318734,0.7398670859745424,0.33280950874431114,0.2797967026068754,0.27861637297649383,0.2394713553552826,0.25232188033379543,0.2006478116771747,0.25244877431459706,0.2030585717776286,0.3141784111145744,0.2827932752238789,0.2834426634833317,0.2615345921837786
YHS_NR2_ET_gap_012,ZuCo,YHS,YHS_NR2_ET,3,114.0,pchip,template,0.0865024918393813,0.0865024918393813,0.0551205296746951,0.0,0.0313819621646862,False,0.3561004900981479,0.1388026647269579,0.2967523128597465,0.0885514513125134,0.24060934503712536,0.0600546672274797,0.21764350101923347,0.0865024918393813,0.3616512783297542,0.1185324768393603,0.3092930315033687,0.0643279773020179,0.2716605115821307,0.0551205296746951
YHS_NR2_ET_gap_013,ZuCo,YHS,YHS_NR2_ET,4,170.0,pchip,local_natural_cubic_spline,0.0372552932143113,0.0372552932143113,0.0217113241244341,0.0,0.0155439690898772,False,0.2734044459919369,0.0469291725082242,0.2280829607054792,0.0403230764647882,0.19978986694909626,0.0402637994442607,0.1935761396731949,0.0372552932143113,0.5974940467685189,0.0217113241244341,0.5594139272831685,0.3460768886954399,0.4847339832814342,0.512546225520848
YHS_NR2_ET_gap_014,ZuCo,YHS,YHS_NR2_ET,4,190.0,pchip,local_natural_cubic_spline,0.2203593156471519,0.2203593156471519,0.1757124531299209,0.0,0.04464686251723099,False,0.5940425114309136,0.5096283182710737,0.48822504051091564,0.3616332797076897,0.41743784337588785,0.2825298252908665,0.4144082850482767,0.2203593156471519,0.7884822799848205,0.1757124531299209,1.4827100305639924,1.7783495204371038,1.2655752572134567,1.2535909690010387
YHS_NR2_ET_gap_015,ZuCo,YHS,YHS_NR2_ET,4,154.0,pchip,linear,0.5098994450098899,0.5098994450098899,0.4840003707737896,0.0,0.025899074236100328,False,0.9183170439956488,0.5576263946926078,0.6358794610515762,0.6681176233349695,0.5161901166204335,0.4840003707737896,0.5040937170516719,0.5098994450098899,0.5929543779608835,0.9436256617146862,0.5416142775248506,0.4931184852603843,0.5319828157375153,0.5063679094629105
YHS_NR2_ET_gap_016,ZuCo,YHS,YHS_NR2_ET,4,152.0,pchip,local_natural_cubic_spline,0.1142503421123548,0.1142503421123548,0.0581596907833308,0.0,0.056090651329023994,False,0.2789801075744758,0.0872663941277928,0.23493907417368662,0.1283041958668838,0.20412988087396003,0.1134846174041292,0.19142904141356726,0.1142503421123548,0.5596280447626417,0.0581596907833308,0.4983743526246917,0.1734965082357686,0.42974202085769103,0.2059140674663969
YHS_NR2_ET_gap_017,ZuCo,YHS,YHS_NR2_ET,5,240.0,pchip,linear,0.0067364993129625,0.0067364993129625,0.0048140911172955,0.0,0.0019224081956669995,False,0.03319400398451466,0.011359582441625,0.02545344022040128,0.0092671233472745,0.021771933981079614,0.0048140911172955,0.020008603925049773,0.0067364993129625,0.06663162992285064,0.006551290426556,0.16240304084560392,0.1303346964792343,0.12056411905560144,0.0756231020583115
YHS_NR2_ET_gap_018,ZuCo,YHS,YHS_NR2_ET,5,238.0,local_natural_cubic_spline,local_natural_cubic_spline,0.1241814406872449,0.3388648776124845,0.1241814406872449,0.2146834369252396,0.0,True,0.5376101935129081,0.1973028150915105,0.3502315523570378,0.5952628882440433,0.2774237205292575,0.481885445585624,0.23529834046266407,0.3388648776124845,0.22979548676565897,0.1241814406872449,0.31671842243470416,0.5036822435319397,0.2874057391329737,0.4784560732788392
YHS_NR2_ET_gap_019,ZuCo,YHS,YHS_NR2_ET,5,234.0,pchip,nearest_boundary,0.0912928744618715,0.0912928744618715,0.0466083200549412,0.0,0.044684554406930296,False,0.23320073207695202,0.2934263487424126,0.18800403864198745,0.0466083200549412,0.15092364900232214,0.1137497392689007,0.12808022424590323,0.0912928744618715,0.1735558103830671,0.0871721768087862,0.2321791645276113,0.3076583304224055,0.19234983790928528,0.2215879887665499
YHS_NR2_ET_gap_020,ZuCo,YHS,YHS_NR2_ET,5,202.0,pchip,forward_fill,0.4245384998174231,0.4245384998174231,0.1835167365793026,0.0,0.2410217632381205,False,0.6982567357782768,0.1835167365793026,0.4146392725859517,0.6761758346532818,0.33996470024021874,0.540944493512971,0.32055594596077247,0.4245384998174231,0.32235428029332763,0.3380007431183052,0.3659621208537207,0.5092512799889369,0.34508889946194177,0.5352155819931913
YHS_NR4_ET_gap_001,ZuCo,YHS,YHS_NR4_ET,1,2.0,pchip,linear,0.0020973154362444,0.0020973154362444,0.0,0.0,0.0020973154362444,False,0.09613577084970377,0.0083892617449683,0.0774119853506187,0.0083892617449683,0.04394027921759057,0.0,0.04258790672432804,0.0020973154362444,0.057435192955726265,0.0031459731543643,0.052575339584262845,0.0027964205816386,0.04954605138250754,0.0
YHS_NR4_ET_gap_002,ZuCo,YHS,YHS_NR4_ET,1,20.0,pchip,forward_fill,0.0373135025447888,0.0373135025447888,0.0314535096188789,0.0,0.005859992925909906,False,0.13959250111212518,0.0314535096188789,0.11246662801754181,0.0949012333828243,0.08831930621292419,0.0698422911613387,0.07497531507793177,0.0373135025447888,0.15514195607557463,0.0546663273715509,0.15705675924157972,0.0977254118528354,0.1313041561917775,0.0490175925379614
YHS_NR4_ET_gap_003,ZuCo,YHS,YHS_NR4_ET,1,10.0,pchip,local_natural_cubic_spline,0.0042948378961737,0.0042948378961737,0.0036912996879417,0.0,0.0006035382082319996,False,0.1748931042197945,0.0465585131728573,0.11549480401949024,0.0285727959159842,0.06400956574683317,0.0113246402300428,0.05000989056975117,0.0042948378961737,0.054522405900124464,0.0036912996879417,0.07350660588860745,0.0100549473706392,0.07276013684680846,0.0130734531444111
YHS_NR4_ET_gap_004,ZuCo,YHS,YHS_NR4_ET,1,14.0,pchip,nearest_boundary,0.0022482742577638,0.0022482742577638,0.0,0.0,0.0022482742577638,False,0.11843796273586768,0.0054920609958735,0.097540308612776,0.0,0.0785126371292082,0.0026291240374511,0.07475390735041812,0.0022482742577638,0.12659650511911008,0.0049759184094818,0.15451028528144306,0.0082212301116602,0.13133891332451852,0.0049750975229515
YHS_NR4_ET_gap_005,ZuCo,YHS,YHS_NR4_ET,2,74.0,pchip,local_natural_cubic_spline,0.1955485388550377,0.1955485388550377,0.1076297355754001,0.0,0.0879188032796376,False,0.32086628618308954,0.1358656402235296,0.30012588386534245,0.3958900056186142,0.23240303124620326,0.3063672334147897,0.1928475093814377,0.1955485388550377,0.28225082323601813,0.1076297355754001,0.3139901071413621,0.4315352846315372,0.2615431645594174,0.3433591929862137
YHS_NR4_ET_gap_006,ZuCo,YHS,YHS_NR4_ET,2,84.0,pchip,forward_fill,0.0779086549204505,0.0779086549204505,0.043327682108797,0.0,0.0345809728116535,False,0.16556215381675454,0.043327682108797,0.1548516657148341,0.1618045907957747,0.12347806765647931,0.1257514546226613,0.10071827390595756,0.0779086549204505,0.21626520329075372,0.1098299332609625,0.24323573406200913,0.2669723457203282,0.18093948070674606,0.1728228421182953
YHS_NR4_ET_gap_007,ZuCo,YHS,YHS_NR4_ET,2,98.0,pchip,linear,0.0017605094204543,0.0017605094204543,0.001524644909545,0.0,0.00023586451090930002,False,0.025504336220083978,0.0068734327340282,0.019250595975224754,0.0034315105326188,0.0159395493003946,0.001524644909545,0.014389235154967086,0.0017605094204543,0.03880069082295753,0.0019075234308828,0.12496462943180188,0.0752365302190048,0.11822906892599448,0.108288055859497
YHS_NR4_ET_gap_008,ZuCo,YHS,YHS_NR4_ET,2,72.0,pchip,local_natural_cubic_spline,0.1671444412889901,0.1671444412889901,0.1448979893421689,0.0,0.022246451946821177,False,0.4858980554386086,0.3205960688953663,0.37088717390586545,0.3719827114871604,0.2937593585079879,0.2652126548189844,0.25021591893493866,0.1671444412889901,0.2617604216172408,0.1448979893421689,0.3352981368569749,0.278207156951192,0.3082133639350446,0.2552075040648653
YHS_NR4_ET_gap_009,ZuCo,YHS,YHS_NR4_ET,3,142.0,pchip,pchip,0.0227423299690439,0.0227423299690439,0.0227423299690439,0.0,0.0,True,0.08400511492541388,0.0557733778126406,0.07947392366883847,0.0395375177454543,0.06672794775674112,0.0318678941953098,0.05870363848692256,0.0227423299690439,0.21576536962827114,0.1973792762105907,0.26307203886016106,0.3266368483381806,0.17095965931266155,0.1554240882325344
YHS_NR4_ET_gap_010,ZuCo,YHS,YHS_NR4_ET,3,148.0,pchip,pchip,0.2204876757014503,0.2204876757014503,0.2204876757014503,0.0,0.0,True,0.6602385184249138,0.8711843018610139,0.41195291873485107,0.2996959553956431,0.3395594025042184,0.2714255523839934,0.3143560844679033,0.2204876757014503,0.32515813629882956,0.2211079685391615,0.3658498987680369,0.3310567636328763,0.34271740302889003,0.2705469844544406
YHS_NR4_ET_gap_011,ZuCo,YHS,YHS_NR4_ET,3,138.0,pchip,template,0.3373798090183335,0.3373798090183335,0.1664967404113825,0.0,0.170883068606951,False,0.7702498846847702,0.8346508983255366,0.43412405025189305,0.446687150179219,0.35258263166217974,0.3346572014761543,0.33944913599037574,0.3373798090183335,0.36517000250093984,0.3562877024469746,0.4061978051144279,0.2573667378206686,0.39164656132747877,0.1664967404113825
YHS_NR4_ET_gap_012,ZuCo,YHS,YHS_NR4_ET,3,116.0,local_natural_cubic_spline,local_natural_cubic_spline,0.2100324502259479,0.2103889629915929,0.2100324502259479,0.0003565127656449951,0.0,True,0.6507194031837302,0.7359075085742605,0.3461429174849785,0.2645419294840082,0.27258635271410514,0.2440581201128603,0.2511440936096497,0.2103889629915929,0.24984232116063704,0.2100324502259479,0.29961856341311965,0.2812989961553034,0.2758476802612385,0.2427192257458987
YHS_NR4_ET_gap_013,ZuCo,YHS,YHS_NR4_ET,4,162.0,pchip,pchip,0.0028574316215933,0.0028574316215933,0.0028574316215933,0.0,0.0,True,0.04808774014651423,0.0062055393640966,0.03983260763075568,0.0060276091302831,0.0346147516854127,0.0037488688529042,0.03287703334805865,0.0028574316215933,0.1536923688699973,0.0559726941481464,0.23086912530408418,0.3039981827631787,0.15571573195327826,0.1392102586887895
YHS_NR4_ET_gap_014,ZuCo,YHS,YHS_NR4_ET,4,190.0,pchip,template,0.2912352529317507,0.2912352529317507,0.2015777619581126,0.0,0.08965749097363807,False,0.3650724231655412,0.5432867374537025,0.23916260995363514,0.3573192175715511,0.17974071662309746,0.2691780594707834,0.1478388046473216,0.2912352529317507,0.17347958264168276,0.291989470638913,0.24234364993316868,0.2711763297970742,0.19273641760646124,0.2015777619581126
YHS_NR4_ET_gap_015,ZuCo,YHS,YHS_NR4_ET,4,166.0,pchip,polyfit_bic,0.3368985803541585,0.3368985803541585,0.328440116913138,0.0,0.00845846344102047,False,0.6345864780923789,0.505627149176722,0.3924547565882939,0.457565466022138,0.32105402370788655,0.3358229327533754,0.2957996910792794,0.3368985803541585,0.3090547141624833,0.3561887180942323,0.34479013021311467,0.328440116913138,0.32262757654517105,0.330883821539958
YHS_NR4_ET_gap_016,ZuCo,YHS,YHS_NR4_ET,4,196.0,pchip,pchip,0.3590106140888119,0.3590106140888119,0.3590106140888119,0.0,0.0,True,0.3241540732259892,0.6685180487394341,0.2679793760229727,0.3760397493970499,0.2063974840826796,0.3746907436879126,0.17010165102061509,0.3590106140888119,0.25516185957913434,0.8266446012885186,0.2996280901149894,1.0176203819450094,0.23956469870529934,0.5585492327680969
YHS_NR4_ET_gap_017,ZuCo,YHS,YHS_NR4_ET,5,216.0,pchip,pchip,0.1445204724387469,0.1445204724387469,0.1445204724387469,0.0,0.0,True,0.48425463566241156,0.3663879026653979,0.4155840306513414,0.1797078168427437,0.3610617329559622,0.1657578044960669,0.35830528005150497,0.1445204724387469,1.0080720250756257,0.1456095298346341,1.1488568027632928,1.829736386105694,1.0383599041707356,0.4772989541841291
YHS_NR4_ET_gap_018,ZuCo,YHS,YHS_NR4_ET,5,236.0,pchip,template,0.2775597321563584,0.2775597321563584,0.1210916208479075,0.0,0.15646811130845087,False,0.26923368907151146,0.405446591827954,0.269621408011238,0.2672979428345879,0.20858441657033075,0.1926200889610877,0.16353695441635618,0.2775597321563584,0.35673892951901,0.4051982621852001,0.34695537465176196,0.1731687442501786,0.2511247203891221,0.1210916208479075
YHS_NR4_ET_gap_019,ZuCo,YHS,YHS_NR4_ET,5,216.0,pchip,pchip,0.0538524149892426,0.0538524149892426,0.0538524149892426,0.0,0.0,True,0.07026634886166108,0.1238129788034838,0.05271763666849643,0.0905342331556342,0.04420334058775827,0.0758864470852574,0.04125567775143915,0.0538524149892426,0.12672117429437504,0.65783680972541,0.2728924463595256,0.8615307510126963,0.2005685930942535,0.5448068916110976
YHS_NR4_ET_gap_020,ZuCo,YHS,YHS_NR4_ET,5,248.0,pchip,local_natural_cubic_spline,0.0474755876214521,0.0474755876214521,0.0472614456082226,0.0,0.0002141420132294944,False,0.12433238822732093,0.0737535607066462,0.10979187481566323,0.0622323229051852,0.08923049016658749,0.0484963276089015,0.07982858394867122,0.0474755876214521,0.32788275922062476,0.0472614456082226,0.24220453639716838,0.0928644230412179,0.17097405550176126,0.1753800090454282
YIS_NR5_ET_gap_001,ZuCo,YIS,YIS_NR5_ET,1,6.0,pchip,local_natural_cubic_spline,0.0311043295313695,0.0311043295313695,0.0075720178077308,0.0,0.0235323117236387,False,0.09915302846587284,0.1126143397497712,0.07452590920664114,0.0796924532572316,0.046019162432921645,0.0718596229051537,0.043839251727910034,0.0311043295313695,0.07145790829268561,0.0075720178077308,0.05311093425238806,0.0119829577311471,0.05113103956501006,0.0662830207606384
YIS_NR5_ET_gap_002,ZuCo,YIS,YIS_NR5_ET,1,20.0,pchip,local_natural_cubic_spline,0.0854128534505618,0.0854128534505618,0.0693376750910047,0.0,0.016075178359557088,False,0.4043189953456076,0.3287960362611805,0.2796073531613037,0.2922875678723987,0.20868830675444916,0.1750541400479328,0.18775084806366288,0.0854128534505618,0.22542046980480593,0.0693376750910047,0.2466050683752708,0.2327079005880399,0.2248782121830134,0.2167513522466439
YIS_NR5_ET_gap_003,ZuCo,YIS,YIS_NR5_ET,1,22.0,pchip,local_natural_cubic_spline,0.0551748424063581,0.0551748424063581,0.0436748171157145,0.0,0.011500025290643603,False,2.7579967685811226,0.2475814662589806,2.133137718853486,0.1395862722188457,1.8427858221238698,0.080523655452962,1.8241345411939607,0.0551748424063581,2.312990662894411,0.0436748171157145,2.304333358492586,0.2786035050437086,2.2309807431886943,0.1957507829612892
YIS_NR5_ET_gap_004,ZuCo,YIS,YIS_NR5_ET,1,8.0,pchip,linear,0.0039623972878935,0.0039623972878935,0.0029838084331337,0.0,0.0009785888547598001,False,0.24142619829045037,0.057005580072993,0.16073174776065555,0.0305749381093751,0.09447487118883964,0.0029838084331337,0.08017289496296925,0.0039623972878935,0.09591604153724788,0.003918479852971,0.12062467879422471,0.0063161309179405,0.10877179558425908,0.0034588376340666
YIS_NR5_ET_gap_005,ZuCo,YIS,YIS_NR5_ET,2,54.0,pchip,pchip,0.165579821751086,0.165579821751086,0.165579821751086,0.0,0.0,True,0.23667956242131774,0.3535927896068121,0.17385863641627738,0.2244300857159263,0.13664117135120574,0.1673299855131576,0.12080042049337845,0.165579821751086,0.2363727009567024,0.3795683646833812,0.22074562155367233,0.2428588353811698,0.1832388292538889,0.1970469517713391
YIS_NR5_ET_gap_006,ZuCo,YIS,YIS_NR5_ET,2,96.0,pchip,forward_fill,0.0066072129419599,0.0066072129419599,0.0062608411052591,0.0,0.0003463718367008005,False,0.04123672957808712,0.0062608411052591,0.038103909901635646,0.0068223305422618,0.032377802756882346,0.0069218646911761,0.029901046887545604,0.0066072129419599,0.15887196746199175,0.0223005051668256,0.19965851785453315,0.0657514320943804,0.1418212094360176,0.1279545553807855
YIS_NR5_ET_gap_007,ZuCo,YIS,YIS_NR5_ET,2,54.0,pchip,forward_fill,0.0316404056860869,0.0316404056860869,0.0185707155683607,0.0,0.013069690117726199,False,0.1302855854480894,0.0185707155683607,0.13102529263478355,0.0574502948616834,0.11551494572257075,0.0419932443757509,0.10619006765447501,0.0316404056860869,0.33660326136617136,0.1643420266349145,0.3210777953344831,0.3832984292645467,0.2162367431769952,0.2015252378315115
YIS_NR5_ET_gap_008,ZuCo,YIS,YIS_NR5_ET,2,92.0,local_natural_cubic_spline,local_natural_cubic_spline,0.1452790499363971,0.2953051011854608,0.1452790499363971,0.15002605124906374,0.0,True,0.5332746335676465,0.7669828873732617,0.40626101599387116,0.5261147255872706,0.3169748604776313,0.4186426442432885,0.25289596964662314,0.2953051011854608,0.22345490487052538,0.1452790499363971,0.3639282434491501,0.5044770873850134,0.3322948234500621,0.4544394582047044
YIS_NR5_ET_gap_009,ZuCo,YIS,YIS_NR5_ET,3,134.0,pchip,pchip,0.0210421776533646,0.0210421776533646,0.0210421776533646,0.0,0.0,True,0.10993465105667305,0.0452876080742774,0.09891758997871027,0.0501990080551759,0.08397506209764748,0.0318531600077923,0.07609996683016142,0.0210421776533646,0.3331767131887361,0.0337882966285275,0.3039651426680383,0.1549354690261442,0.20355716209446506,0.2145032934570951
YIS_NR5_ET_gap_010,ZuCo,YIS,YIS_NR5_ET,3,142.0,pchip,template,0.2725882177795711,0.2725882177795711,0.2034725904777329,0.0,0.0691156273018382,False,0.644775619266176,0.5219061286582454,0.42619621960207804,0.3650559592369329,0.34175536416692126,0.3024558655189806,0.3165516135365991,0.2725882177795711,0.3718355278010115,0.2749057927395358,0.42292571708396803,0.2892428377059541,0.38981061960392255,0.2034725904777329
YIS_NR5_ET_gap_011,ZuCo,YIS,YIS_NR5_ET,3,138.0,pchip,template,0.2912647847897673,0.2912647847897673,0.2823006258040996,0.0,0.008964158985667714,False,0.7012589829126987,0.8174374796734641,0.39411972333093803,0.4198451766829325,0.3173005831756004,0.2897963795936574,0.2994038782757438,0.2912647847897673,0.2998181808988997,0.2893682938048089,0.34364780676332346,0.3084101695268954,0.3197974812959223,0.2823006258040996
YIS_NR5_ET_gap_012,ZuCo,YIS,YIS_NR5_ET,3,110.0,pchip,forward_fill,0.0961728097372568,0.0961728097372568,0.037374521188001,0.0,0.0587982885492558,False,0.2156603659653518,0.037374521188001,0.23432689181501368,0.1967037443341922,0.1932869086054205,0.1526282289621011,0.16440196284384187,0.0961728097372568,0.4775018688037021,0.6647480246239742,0.36144487297098343,0.4986565039745282,0.27017250742212423,0.2631099870166988
YIS_NR5_ET_gap_013,ZuCo,YIS,YIS_NR5_ET,4,156.0,pchip,template,0.2147071888437351,0.2147071888437351,0.1927965545493571,0.0,0.021910634294378006,False,0.40032975797616305,0.3971823490533625,0.3074150454172955,0.2823496019136893,0.23839156113072496,0.227577464837473,0.2053780621395139,0.2147071888437351,0.21732682907728423,0.2149931925219358,0.2858621121901988,0.2395746711992332,0.2510531513647585,0.1927965545493571
YIS_NR5_ET_gap_014,ZuCo,YIS,YIS_NR5_ET,4,198.0,local_natural_cubic_spline,template,0.5305291378782128,0.3291837104558801,0.1949723331859263,-0.2013454274223327,0.33555680469228644,False,0.6422628223394018,0.6273997868603844,0.374071132635718,0.3842688959923719,0.2976231737934007,0.1998453006660555,0.2684203465975715,0.3291837104558801,0.26116557973751287,0.5305291378782128,0.32804608675676045,0.1985187617195437,0.3021494722057155,0.1949723331859263
YIS_NR5_ET_gap_015,ZuCo,YIS,YIS_NR5_ET,4,168.0,pchip,local_natural_cubic_spline,0.1638727223943948,0.1638727223943948,0.0929026589185865,0.0,0.0709700634758083,False,0.348070355577986,0.5102822510633197,0.24871129937848419,0.313439062596219,0.18739599698634685,0.2437473490440324,0.15155528831210008,0.1638727223943948,0.22798309214502457,0.0929026589185865,0.25983126787785726,0.3070289172927096,0.20426550772005062,0.2430268231717002
YIS_NR5_ET_gap_016,ZuCo,YIS,YIS_NR5_ET,4,166.0,pchip,linear,0.0386403003482861,0.0386403003482861,0.030967216806439,0.0,0.007673083541847096,False,0.09354439364778051,0.0456752716121589,0.09903776621426945,0.0495640034249071,0.08384047419093367,0.030967216806439,0.07414356200954081,0.0386403003482861,0.3809825174276005,0.4703514303279694,0.287787346332246,0.3230177694229655,0.17163325451599568,0.0719118004469369
YIS_NR5_ET_gap_017,ZuCo,YIS,YIS_NR5_ET,5,250.0,pchip,polyfit_bic,0.3072311518733303,0.3072311518733303,0.1394519153177948,0.0,0.16777923655553548,False,0.5004669634782449,0.3510227826007938,0.37963906452726887,0.3714976858063746,0.3023268848868716,0.1981201363607549,0.2697559813328001,0.3072311518733303,0.3192954159313406,1.0063126284933217,0.35986511295515494,0.1394519153177948,0.32518336757067134,0.163425298732632
YIS_NR5_ET_gap_018,ZuCo,YIS,YIS_NR5_ET,5,204.0,pchip,pchip,0.0733047175238882,0.0733047175238882,0.0733047175238882,0.0,0.0,True,0.29628700002586195,0.3392838543826634,0.22519687001717542,0.1804340458029042,0.17899430376172917,0.08600054645867,0.15484763348826994,0.0733047175238882,0.2016482256293851,0.0734346176259438,0.2730674473421576,0.2343957904111922,0.23185177482343675,0.1418267448787564
YIS_NR5_ET_gap_019,ZuCo,YIS,YIS_NR5_ET,5,220.0,pchip,forward_fill,0.2249457685108516,0.2249457685108516,0.1050230610809763,0.0,0.1199227074298753,False,0.25070544461732425,0.1050230610809763,0.21860650022214198,0.2638360887712828,0.17250529480033328,0.204237258367456,0.14077352868068205,0.2249457685108516,0.26186339218583576,0.346977446634762,0.28430364345115433,0.1427067427696406,0.209230860325257,0.1258009224081619
YIS_NR5_ET_gap_020,ZuCo,YIS,YIS_NR5_ET,5,212.0,pchip,local_natural_cubic_spline,0.0245689567728928,0.0245689567728928,0.0208193465357822,0.0,0.0037496102371106024,False,0.33639585463350086,0.057482726517921,0.27558789229731173,0.0385227088280427,0.24011400112945688,0.0367986820646662,0.2300739823039579,0.0245689567728928,0.8037642527133797,0.0208193465357822,0.6911613881272672,0.8445577655711021,0.6053463760280131,0.7548178431714474
YIS_NR6_ET_gap_001,ZuCo,YIS,YIS_NR6_ET,1,46.0,pchip,linear,0.0133726114987193,0.0133726114987193,0.0103700481437126,0.0,0.003002563355006699,False,0.44433025541877724,0.0558678971517426,0.3346131777865416,0.0351105613658287,0.26331169486651274,0.0103700481437126,0.23634723309747235,0.0133726114987193,0.2886486174333388,0.0193233489582556,0.31678580622741737,0.0154421563091496,0.28767227032297643,0.0181266641915176
YIS_NR6_ET_gap_002,ZuCo,YIS,YIS_NR6_ET,1,6.0,pchip,linear,0.0032127973384377,0.0032127973384377,0.0031720923889964,0.0,4.070494944130023e-05,False,0.2113398648737679,0.0109884503680886,0.1645177645061997,0.0063441847779928,0.12674716843989497,0.0031720923889964,0.1149331012414846,0.0032127973384377,0.16956149482918834,0.003406300116494,0.1637947818597919,0.0031890203665973,0.14323471174515826,0.0031720923889964
YIS_NR6_ET_gap_003,ZuCo,YIS,YIS_NR6_ET,1,46.0,linear,forward_fill,0.0179262780314608,0.0191146579625709,0.0151984350247651,0.001188379931110102,0.0027278430066957,False,0.1877075816495135,0.0151984350247651,0.18247602590048712,0.0185435629493765,0.16351450638084633,0.0179262780314608,0.16447945573856193,0.0191146579625709,0.35886750620144303,0.0511534587037655,1.4014723104233284,0.8077180031780223,1.1691243014077182,0.7234467009127721
YIS_NR6_ET_gap_004,ZuCo,YIS,YIS_NR6_ET,1,6.0,pchip,local_natural_cubic_spline,0.01007466823692,0.01007466823692,0.0035937449299981,0.0,0.006480923306921899,False,0.09743930004134892,0.0077700077700095,0.0783146791178082,0.0109884503680918,0.06168007758320327,0.0117624333881065,0.057387083093074893,0.01007466823692,0.07721891614743345,0.0035937449299981,0.0898308047565782,0.0062529679642861,0.08169402085433064,0.0117624333881065
YIS_NR6_ET_gap_005,ZuCo,YIS,YIS_NR6_ET,2,72.0,local_natural_cubic_spline,local_natural_cubic_spline,0.232292262360608,0.2919255755238049,0.232292262360608,0.059633313163196894,0.0,True,0.5509342797757028,0.2681518901517821,0.34626888082927865,0.5420282429284875,0.2783457463162042,0.4039066194465632,0.23687698796465298,0.2919255755238049,0.23054760006811947,0.232292262360608,0.31838369398445154,0.4176667994413908,0.29181821011761333,0.4078496973244535
YIS_NR6_ET_gap_006,ZuCo,YIS,YIS_NR6_ET,2,94.0,pchip,linear,0.2252149131043775,0.2252149131043775,0.2078914118257642,0.0,0.01732350127861329,False,0.2873345874150423,0.2290592544254885,0.2307990486341987,0.243880656819161,0.19619514895818221,0.2078914118257642,0.189603442859974,0.2252149131043775,0.48082394475139106,0.2945867571195973,0.5744662879074687,0.8819809498909792,0.5004690344635734,0.8160131482091674
YIS_NR6_ET_gap_007,ZuCo,YIS,YIS_NR6_ET,2,62.0,pchip,local_natural_cubic_spline,0.1196671630194133,0.1196671630194133,0.0939873022371595,0.0,0.025679860782253802,False,0.1532050949970268,0.2015521371311116,0.13624487471294772,0.1441016280006322,0.10602910638350321,0.1137836701003913,0.08727590129432884,0.1196671630194133,0.19483432958765493,0.0939873022371595,0.23670891169578218,0.1579352872882289,0.16721829667180016,0.1077569054449128
YIS_NR6_ET_gap_008,ZuCo,YIS,YIS_NR6_ET,2,82.0,pchip,pchip,0.4588529485951171,0.4588529485951171,0.4588529485951171,0.0,0.0,True,0.6636224694040879,0.9297408142376368,0.3287891946621548,0.6276759432507056,0.27478585905842084,0.4685178323092765,0.24858006085968098,0.4588529485951171,0.24952531628056843,0.4638162132560298,0.304143230984077,0.4707089974870069,0.27697367040671395,0.4754102970490587
YIS_NR6_ET_gap_009,ZuCo,YIS,YIS_NR6_ET,3,114.0,pchip,pchip,0.0334586945942901,0.0334586945942901,0.0334586945942901,0.0,0.0,True,0.3700898170517176,0.0491790110797146,0.3252406498746771,0.0364307885780375,0.2916282647268179,0.0345931835890099,0.28596380325226817,0.0334586945942901,0.7488733055996122,0.0352058591890932,0.4261556861795738,0.0338528845690013,0.4045612324932869,0.0409892253521705
YIS_NR6_ET_gap_010,ZuCo,YIS,YIS_NR6_ET,3,120.0,pchip,forward_fill,0.197746478934551,0.197746478934551,0.0687116184558077,0.0,0.1290348604787433,False,0.2726880565570982,0.0687116184558077,0.31034311892608485,0.3861996234482821,0.2433788015727591,0.3104889056289604,0.1910266704914552,0.197746478934551,0.4780435437306399,0.5976772752647515,0.39541408344329176,0.492731610974133,0.29234429378258736,0.3519110824914069
YIS_NR6_ET_gap_011,ZuCo,YIS,YIS_NR6_ET,3,146.0,pchip,local_natural_cubic_spline,0.2431634677759735,0.2431634677759735,0.2407835177055841,0.0,0.0023799500703894083,False,0.7694004592829576,0.6168233165558279,0.42978707680505174,0.2540131957322371,0.34743741992785476,0.2773684365099426,0.33140976123050847,0.2431634677759735,0.3329848694751199,0.2407835177055841,0.38352594469417933,0.3141326839533817,0.36535672571698086,0.2647920975002782
YIS_NR6_ET_gap_012,ZuCo,YIS,YIS_NR6_ET,3,114.0,local_natural_cubic_spline,local_natural_cubic_spline,0.3080619721869011,0.308832014329225,0.3080619721869011,0.0007700421423239012,0.0,True,0.7087314794031786,0.8169020720001517,0.37604204244067085,0.4446245847150604,0.2964734625988717,0.3182185893420233,0.277013659375958,0.308832014329225,0.2758595929475573,0.3080619721869011,0.32386743790047895,0.3377545124947506,0.2994465809888954,0.3161278779485084
YIS_NR6_ET_gap_013,ZuCo,YIS,YIS_NR6_ET,4,200.0,pchip,linear,0.3423868148468496,0.3423868148468496,0.3206816654724482,0.0,0.021705149374401378,False,0.7549701110051036,0.8194424063032505,0.41954647153146885,0.4426998061185154,0.34165089485474365,0.3206816654724482,0.32426460262014467,0.3423868148468496,0.32580708721090673,0.3383509474726526,0.3851567219260766,0.3979930576587809,0.3662080110661626,0.4472501461468769
YIS_NR6_ET_gap_014,ZuCo,YIS,YIS_NR6_ET,4,176.0,pchip,template,0.1928716792649317,0.1928716792649317,0.142080674750051,0.0,0.050791004514880694,False,0.41189774957403763,0.5452048817465445,0.2884663615708822,0.2538075552585262,0.21992245763839913,0.2025207573201593,0.18823196456107327,0.1928716792649317,0.2136446857549302,0.1963780235255618,0.26999202093717484,0.2172128351721531,0.22825190702070117,0.142080674750051
YIS_NR6_ET_gap_015,ZuCo,YIS,YIS_NR6_ET,4,166.0,local_natural_cubic_spline,nearest_boundary,0.1613764142133611,0.1611778543750769,0.1462014671867799,-0.00019855983828420687,0.015174947026581204,False,0.5775481966114361,0.6567933214091153,0.32847423090201405,0.1462014671867799,0.26432288361254064,0.2126794609050053,0.2287718826623268,0.1611778543750769,0.22395741036658587,0.1613764142133611,0.2980553436458227,0.2568404246934637,0.2686667306598318,0.2146359629540482
YIS_NR6_ET_gap_016,ZuCo,YIS,YIS_NR6_ET,4,194.0,pchip,template,0.2158260982788048,0.2158260982788048,0.2105338326564236,0.0,0.00529226562238122,False,0.5147336260276192,0.6422045190792975,0.3663589957164796,0.2734081345145597,0.2872456654839746,0.2401017947309216,0.2525614511220239,0.2158260982788048,0.25487334709982706,0.2160048958375139,0.33162002880564134,0.2589525754691543,0.2996821235537223,0.2105338326564236
YIS_NR6_ET_gap_017,ZuCo,YIS,YIS_NR6_ET,5,238.0,pchip,forward_fill,0.0798891008850327,0.0798891008850327,0.0195850278216433,0.0,0.060304073063389405,False,0.3119028899043126,0.0195850278216433,0.2710375406359277,0.1391283362333394,0.23878750072619218,0.1139855753254101,0.22505545083878295,0.0798891008850327,0.8629182119022264,1.4075233077243,0.4906651059042496,0.1508524171073727,0.4273537335899272,0.1999687601632377
YIS_NR6_ET_gap_018,ZuCo,YIS,YIS_NR6_ET,5,248.0,pchip,polyfit_bic,0.5408222779013091,0.5408222779013091,0.3881396176112213,0.0,0.1526826602900878,False,0.7808997334587265,1.1146356626637468,0.6037368356617605,0.6709191375006843,0.527594568390255,0.4629928109424633,0.49171880018372405,0.5408222779013091,1.1312061946432113,0.5675186373788118,0.824357983442936,0.3881396176112213,0.7527373079367418,0.6123867237123136
YIS_NR6_ET_gap_019,ZuCo,YIS,YIS_NR6_ET,5,208.0,pchip,linear,0.0500220687426429,0.0500220687426429,0.0459560628487295,0.0,0.004066005893913399,False,0.6255345408379004,0.0883931348973325,0.6130405048621939,0.0525923564886713,0.5579491581608375,0.0459560628487295,0.5481594831075403,0.0500220687426429,1.1563736383634295,0.1296254548556586,2.9186380290660385,6.498863786183068,2.8359938979521657,4.319386537387088
YIS_NR6_ET_gap_020,ZuCo,YIS,YIS_NR6_ET,5,208.0,pchip,nearest_boundary,0.0355563146928043,0.0355563146928043,0.0305529799178919,0.0,0.0050033347749124,False,0.08127936414305711,0.0701995800031368,0.07042396405142425,0.0305529799178919,0.059455858134449396,0.038232533448948,0.0531127133704947,0.0355563146928043,0.27770969185571703,0.0376137556540585,0.2693921830051055,0.1721604132511499,0.1719377863428343,0.1073611561231964
YLS_NR7_ET_gap_001,ZuCo,YLS,YLS_NR7_ET,1,40.0,linear,local_natural_cubic_spline,0.1240049245336372,0.064975854867023,0.0530175256967559,-0.05902906966661421,0.07098739883688131,False,0.23293506234664985,0.3811741538664354,0.19960960330321134,0.1689549158856885,0.16769774078941993,0.1240049245336372,0.17189609923171062,0.064975854867023,0.5187092641954123,0.0530175256967559,0.6696175482641138,0.4928881583049053,0.623196361528902,1.8232353375237265
YLS_NR7_ET_gap_002,ZuCo,YLS,YLS_NR7_ET,1,50.0,pchip,polyfit_bic,0.0918531472786595,0.0918531472786595,0.0648901666344878,0.0,0.0269629806441717,False,0.4501109708365893,0.167347904112934,0.40144159104691274,0.1003206839176331,0.3541734509699667,0.1029891017543,0.3494969893147636,0.0918531472786595,0.9944247911457855,0.0657458350016384,0.4988954527188484,0.0648901666344878,0.4707037386666076,0.1215780739385119
YLS_NR7_ET_gap_003,ZuCo,YLS,YLS_NR7_ET,1,42.0,pchip,local_natural_cubic_spline,0.1445861048897032,0.1445861048897032,0.0585335697249224,0.0,0.08605253516478079,False,0.26533115432753035,0.4812481127565552,0.24187268913482668,0.3065540165767936,0.1876301494097489,0.21797774486928,0.1562112036118073,0.1445861048897032,0.3013754023660342,0.0585335697249224,0.2929573581115967,0.3096060921583267,0.22628783900541757,0.2716501177346982
YLS_NR7_ET_gap_004,ZuCo,YLS,YLS_NR7_ET,1,32.0,pchip,local_natural_cubic_spline,0.0346824951055108,0.0346824951055108,0.0084250525023184,0.0,0.026257442603192405,False,0.20973357868747275,0.1636346254649124,0.1552044004061695,0.0735748415950327,0.11288329574144482,0.0565300044098191,0.09727178447283982,0.0346824951055108,0.15105721236122158,0.0084250525023184,0.1585920185477724,0.0959645391333706,0.1379545740303121,0.0878434998254589
YLS_NR7_ET_gap_005,ZuCo,YLS,YLS_NR7_ET,2,70.0,pchip,linear,0.0167507218609201,0.0167507218609201,0.0157785038839005,0.0,0.0009722179770195981,False,0.0756578551507985,0.0194144240060256,0.07042571821568772,0.0196944369357258,0.06466660495660739,0.0157785038839005,0.06074546250969077,0.0167507218609201,0.16537898645818325,0.0316763467542972,0.2418514936920145,0.2074372478772752,0.18219347484249032,0.1036471632926653
YLS_NR7_ET_gap_006,ZuCo,YLS,YLS_NR7_ET,2,74.0,linear,linear,0.0369157642867863,0.0577151307906314,0.0369157642867863,0.020799366503845097,0.0,True,0.541925267971834,0.1671645180438731,0.42424009723794776,0.0705975898177331,0.3190677609560413,0.0369157642867863,0.32461253211724506,0.0577151307906314,0.4929044360372179,0.1431091038787749,0.3781985697347626,0.1228161939054514,0.34428879681504915,0.0534946843053846
YLS_NR7_ET_gap_007,ZuCo,YLS,YLS_NR7_ET,2,62.0,pchip,template,0.2940166574828381,0.2940166574828381,0.2791259900805793,0.0,0.014890667402258806,False,0.6864206513644013,0.8121536928542046,0.35592032837924714,0.4082360517315359,0.3013503841703511,0.2804375110191668,0.2779226917048416,0.2940166574828381,0.28114505434235687,0.3010349105640271,0.33060729812248135,0.2959154696797638,0.305541919753116,0.2791259900805793
YLS_NR7_ET_gap_008,ZuCo,YLS,YLS_NR7_ET,2,68.0,linear,local_natural_cubic_spline,0.0882301703013329,0.0874503756702154,0.0813164978122641,-0.0007797946311175058,0.006913672489068795,False,0.15676390818793073,0.0871780093775314,0.12853801277321067,0.0896766629364375,0.10516380958993667,0.0882301703013329,0.10880772075234979,0.0874503756702154,0.20907392592641638,0.0813164978122641,0.5646876776046647,0.7111444641245905,0.513396090130518,0.4875746289227601
YLS_NR7_ET_gap_009,ZuCo,YLS,YLS_NR7_ET,3,100.0,pchip,template,0.122670582055382,0.122670582055382,0.1026159472560241,0.0,0.0200546347993579,False,0.31823790095766447,0.1654424267912475,0.2852745410966205,0.1296867728647327,0.26495986756692763,0.1341048692426397,0.2610991235891616,0.122670582055382,0.7457974155980845,0.2458817718957375,0.3821103869690272,0.1460698451912417,0.3579829454621387,0.1026159472560241
YLS_NR7_ET_gap_010,ZuCo,YLS,YLS_NR7_ET,3,104.0,pchip,local_natural_cubic_spline,0.1635393630418506,0.1635393630418506,0.0706568849861496,0.0,0.092882478055701,False,0.27931067377210517,0.4625415375764932,0.25545298197150323,0.3117960118922186,0.19682402550693778,0.2445631621983755,0.15190312075597845,0.1635393630418506,0.4216980191000438,0.0706568849861496,0.3518964163280555,0.4190742826010054,0.24448809044528896,0.3059000021092705
YLS_NR7_ET_gap_011,ZuCo,YLS,YLS_NR7_ET,3,140.0,pchip,local_natural_cubic_spline,0.2593413580525463,0.2593413580525463,0.250237686800375,0.0,0.00910367125217132,False,0.5560228757849756,0.4570899059897048,0.43770486865473923,0.4185249002475084,0.3499290469003744,0.310063528927666,0.3119800542952441,0.2593413580525463,0.3319907186370458,0.250237686800375,0.38538240947658775,0.3220900035538554,0.365959839960267,0.2980592323661603
YLS_NR7_ET_gap_012,ZuCo,YLS,YLS_NR7_ET,3,110.0,pchip,forward_fill,0.151968147803036,0.151968147803036,0.1349304284552683,0.0,0.01703771934776771,False,0.4354773827348073,0.1349304284552683,0.4691028117264928,0.1439654354677746,0.42242650554800537,0.1493634750825358,0.4111094769035852,0.151968147803036,0.8468362972799223,0.2821959017872935,2.935418965621622,4.142598295390475,2.7699608160391276,4.156421209922534
YLS_NR7_ET_gap_013,ZuCo,YLS,YLS_NR7_ET,4,182.0,pchip,nearest_boundary,0.3472524906094818,0.3472524906094818,0.3426937677333018,0.0,0.0045587228761800325,False,0.7664324053148496,0.7120588221457502,0.4662523273942891,0.3426937677333018,0.3945327543888607,0.3517456460196196,0.3848764247461501,0.3472524906094818,0.44077375934456126,0.3632319879222075,0.42840417124807023,0.4574882179589227,0.4079609241346989,0.4451069839563444
YLS_NR7_ET_gap_014,ZuCo,YLS,YLS_NR7_ET,4,180.0,pchip,pchip,0.0357308308849963,0.0357308308849963,0.0357308308849963,0.0,0.0,True,0.05580810466985141,0.0669440801948863,0.053138597453601256,0.0525461764648229,0.04370058656959101,0.0461842333019697,0.03860033727396995,0.0357308308849963,0.17349520935337426,0.0882746384489463,0.2617128581399479,0.371370237114099,0.1588890550129863,0.1962880041581906
YLS_NR7_ET_gap_015,ZuCo,YLS,YLS_NR7_ET,4,172.0,pchip,forward_fill,0.1564532662799436,0.1564532662799436,0.0883453748849162,0.0,0.0681078913950274,False,0.2562987350363365,0.0883453748849162,0.2309719648880207,0.3119060070942193,0.17946474686641328,0.2419967444469235,0.14393310166932344,0.1564532662799436,0.2157366440157613,0.1377075653951773,0.2818598688047945,0.4049014953875716,0.21721230710586373,0.2764115668775148
YLS_NR7_ET_gap_016,ZuCo,YLS,YLS_NR7_ET,4,182.0,local_natural_cubic_spline,forward_fill,0.2467559363469444,0.3462796842145978,0.2356773306592112,0.09952374786765342,0.011078605687733195,False,0.5191184174059619,0.2356773306592112,0.37983582735239235,0.558987126824978,0.304373492795466,0.4262063385059201,0.2641134372290023,0.3462796842145978,0.259325962120276,0.2467559363469444,0.3407280075853955,0.454145365599681,0.3127466514881602,0.4366106336341296
YLS_NR7_ET_gap_017,ZuCo,YLS,YLS_NR7_ET,5,244.0,pchip,local_natural_cubic_spline,0.1256665518703653,0.1256665518703653,0.1136707378420581,0.0,0.011995814028307197,False,0.30903235431331305,0.431201271886486,0.24075787613511196,0.1710542779357116,0.1888118525748719,0.15161187459307,0.1660006978131299,0.1256665518703653,0.28520156176153855,0.1136707378420581,0.2881376452063445,0.1952569880033476,0.22587712797480228,0.1594736214341093
YLS_NR7_ET_gap_018,ZuCo,YLS,YLS_NR7_ET,5,218.0,pchip,nearest_boundary,0.0893770340724638,0.0893770340724638,0.0671722299792489,0.0,0.022204804093214903,False,0.45376900790839464,0.3016911554412196,0.39898874300639603,0.0671722299792489,0.3440348372534026,0.0937069109578912,0.339755706738939,0.0893770340724638,0.7279655709480051,0.0881669094751703,1.2855785692854655,1.5980776984052134,1.1597856004867908,0.8817924077092965
YLS_NR7_ET_gap_019,ZuCo,YLS,YLS_NR7_ET,5,234.0,pchip,pchip,0.1333415433622386,0.1333415433622386,0.1333415433622386,0.0,0.0,True,0.48882970761971173,0.1370347851952477,0.43153205338544287,0.1573846384245668,0.3810771767826056,0.1374878900321894,0.37655948631469355,0.1333415433622386,0.999229678501722,0.4785405565823497,1.2546598249407273,1.068906564677378,1.1973257437970257,0.6727190209302857
YLS_NR7_ET_gap_020,ZuCo,YLS,YLS_NR7_ET,5,216.0,pchip,pchip,0.1685030146084983,0.1685030146084983,0.1685030146084983,0.0,0.0,True,0.546122643435037,0.5899574167009761,0.39817140374624366,0.1913355668145793,0.3389644736828477,0.2021194496366933,0.3114278937515099,0.1685030146084983,0.5978644853145891,0.1771501135275044,0.6331707313795658,0.5844130422200078,0.5681443300088865,0.4583936771650101
YLS_NR1_ET_gap_001,ZuCo,YLS,YLS_NR1_ET,1,36.0,pchip,pchip,0.0176650248114395,0.0176650248114395,0.0176650248114395,0.0,0.0,True,0.3146089309822301,0.1039250762491565,0.2226214296011931,0.0308742960426984,0.16612327239367267,0.0264061461036024,0.16232853205962147,0.0176650248114395,0.2252269029947801,0.018292480165801,0.20896818565025435,0.0362873142533788,0.18852140313486404,0.0302050909619232
YLS_NR1_ET_gap_002,ZuCo,YLS,YLS_NR1_ET,1,38.0,pchip,forward_fill,0.063976663644729,0.063976663644729,0.0497876878678184,0.0,0.014188975776910598,False,0.2842827872700616,0.0497876878678184,0.2591942377526212,0.0731812432630648,0.2318123081656438,0.0669200271995049,0.22791605327811026,0.063976663644729,0.4866775401084907,0.064653932742547,0.4165760651617095,0.1149120283866813,0.389971245315889,0.1488999288016133
YLS_NR1_ET_gap_003,ZuCo,YLS,YLS_NR1_ET,1,24.0,pchip,pchip,0.0339862466602719,0.0339862466602719,0.0339862466602719,0.0,0.0,True,0.19910530392598597,0.0341176734666965,0.17785568027242193,0.0722413667117042,0.15575296810064942,0.0504143605926223,0.1453204066269324,0.0339862466602719,0.4901664924853758,0.0356633549958725,0.2850584875774958,0.1393450678577037,0.23495264680174163,0.0517668224893062
YLS_NR1_ET_gap_004,ZuCo,YLS,YLS_NR1_ET,1,18.0,pchip,local_natural_cubic_spline,0.1066742211566029,0.1066742211566029,0.0511997261433824,0.0,0.0554744950132205,False,0.18890365512108048,0.1212680912436088,0.18555037919687012,0.2168896503856619,0.13470219893013305,0.180539748324991,0.10476337813999141,0.1066742211566029,0.1291678244575414,0.0511997261433824,0.1937017143759803,0.2083570830847672,0.16664571297045636,0.2235203350321753
YLS_NR1_ET_gap_005,ZuCo,YLS,YLS_NR1_ET,2,72.0,linear,linear,0.0357676730837575,0.0444861295549638,0.0357676730837575,0.008718456471206303,0.0,True,0.16921939877972025,0.0949065784587984,0.13649247792545102,0.0748551167282115,0.10805953592648852,0.0357676730837575,0.11455039201883918,0.0444861295549638,0.22933009754258218,0.0588554362311047,0.6822539703355888,0.715699944866706,0.6297759919816173,0.7677267626450053
YLS_NR1_ET_gap_006,ZuCo,YLS,YLS_NR1_ET,2,62.0,pchip,template,0.0458845667446665,0.0458845667446665,0.0455062592975988,0.0,0.0003783074470676967,False,0.2441363023927929,0.0467789110064226,0.2216940869353346,0.0737358526574582,0.18195332838319855,0.0494097148830187,0.1671570416439558,0.0458845667446665,0.40314978473948293,0.0555917974635594,0.293148447280601,0.0850164119052588,0.23694802396604908,0.0455062592975988
YLS_NR1_ET_gap_007,ZuCo,YLS,YLS_NR1_ET,2,52.0,pchip,polyfit_bic,0.1247721892892415,0.1247721892892415,0.1208983829351836,0.0,0.0038738063540579015,False,0.16846507345970976,0.1213303986888943,0.1570420113375711,0.1287868996315203,0.14515195526695307,0.1235393408692411,0.14250285557493386,0.1247721892892415,0.32308912052988376,0.1262076977992858,0.27437208582447725,0.1208983829351836,0.23428205447768438,0.1425145892965188
YLS_NR1_ET_gap_008,ZuCo,YLS,YLS_NR1_ET,2,58.0,pchip,local_natural_cubic_spline,0.0868272591910837,0.0868272591910837,0.0199772518104767,0.0,0.066850007380607,False,0.21087789419094827,0.3063988168594205,0.2060908346494648,0.1998415854168755,0.1600199585032128,0.1425068627987062,0.13050015454545863,0.0868272591910837,0.2865442374050257,0.0199772518104767,0.3040843034481329,0.3125616772101411,0.21813284624769144,0.2280378009745447
YLS_NR1_ET_gap_009,ZuCo,YLS,YLS_NR1_ET,3,128.0,pchip,nearest_boundary,0.1321256913954242,0.1321256913954242,0.1127231123899454,0.0,0.019402579005478815,False,0.25578580283386476,0.1502020222472433,0.20886331134801842,0.1127231123899454,0.17674582032618383,0.1241080174690405,0.1655239250215561,0.1321256913954242,0.32894095470718626,0.2145248870478278,0.28244055785631955,0.1498502890216606,0.24812425456824666,0.1300489478887198
YLS_NR1_ET_gap_010,ZuCo,YLS,YLS_NR1_ET,3,112.0,pchip,forward_fill,0.0373939238666532,0.0373939238666532,0.024753290054575,0.0,0.012640633812078202,False,0.07939401559986388,0.024753290054575,0.06691405895600656,0.0394238611077149,0.05791901522854068,0.0287339724995378,0.05377757390468306,0.0373939238666532,0.22058668882411434,0.0569482303882394,0.25836051312702873,0.1757111555222667,0.18146616584628494,0.2858377475496949
YLS_NR1_ET_gap_011,ZuCo,YLS,YLS_NR1_ET,3,138.0,pchip,nearest_boundary,0.1110631358718221,0.1110631358718221,0.087123289955287,0.0,0.0239398459165351,False,0.30928918226899293,0.4320404409012093,0.29832770814924364,0.087123289955287,0.23431578912841589,0.140429124683129,0.1931466509745227,0.1110631358718221,0.3052883861575924,0.1130266272219026,0.32742475795492276,0.1704375153351468,0.26507431975197465,0.1086533495134965
YLS_NR1_ET_gap_012,ZuCo,YLS,YLS_NR1_ET,3,112.0,pchip,local_natural_cubic_spline,0.1931796949359098,0.1931796949359098,0.095854497788663,0.0,0.0973251971472468,False,0.34059817218750377,0.2036363415914443,0.35513106959253793,0.2106046724386533,0.31507496013135694,0.1991514368857952,0.30825228257263143,0.1931796949359098,0.6346898178568564,0.095854497788663,2.4504363617317804,3.843421403173239,2.3291220273385327,2.8231523922265924
YLS_NR1_ET_gap_013,ZuCo,YLS,YLS_NR1_ET,4,172.0,pchip,pchip,0.3813739751482596,0.3813739751482596,0.3813739751482596,0.0,0.0,True,0.6893582179262108,0.4205986911923896,0.41765057246516935,0.5522793139828936,0.34542635817843886,0.4116294227115898,0.32808510710209104,0.3813739751482596,0.33685908389786756,0.3837610168018322,0.3708282324969703,0.4241749185711497,0.34872683210789773,0.4236198394504392
YLS_NR1_ET_gap_014,ZuCo,YLS,YLS_NR1_ET,4,196.0,pchip,template,0.1927650698548233,0.1927650698548233,0.1808456460473714,0.0,0.011919423807451895,False,0.3551881117390283,0.4791181280800476,0.23868698363619625,0.2801786249679345,0.17907887792464136,0.2028708441567578,0.14604836921721506,0.1927650698548233,0.1828524260662785,0.1966572312153633,0.2497073923262413,0.2154661843104997,0.19538584468747838,0.1808456460473714
YLS_NR1_ET_gap_015,ZuCo,YLS,YLS_NR1_ET,4,188.0,pchip,local_natural_cubic_spline,0.2615878912165073,0.2615878912165073,0.2520350324804294,0.0,0.009552858736077863,False,0.7128136605016507,0.8298643457459933,0.4484912139006053,0.3082142830164091,0.37046396865045106,0.3073881525336151,0.3545649016332011,0.2615878912165073,0.3751888983498118,0.2520350324804294,0.39877432734510215,0.3656366974410587,0.37717341678219507,0.3204843558260196
YLS_NR1_ET_gap_016,ZuCo,YLS,YLS_NR1_ET,4,158.0,pchip,local_natural_cubic_spline,0.0530440579759374,0.0530440579759374,0.0505783652386938,0.0,0.002465692737243598,False,0.06650204331175875,0.05201483103292,0.05428563149155334,0.0746047384377886,0.047073951299064644,0.0570583641113004,0.043624569676283816,0.0530440579759374,0.1295076330162799,0.0505783652386938,0.2567140453636896,0.1188250540642132,0.1860768170878033,0.2133682855996934
YLS_NR1_ET_gap_017,ZuCo,YLS,YLS_NR1_ET,5,208.0,pchip,polyfit_bic,0.4507659319215698,0.4507659319215698,0.2253814120309766,0.0,0.22538451989059316,False,0.6472150141961605,0.8749008758873152,0.4742281990065203,0.5495335303253032,0.4117042896180253,0.4036992798007008,0.38771534151978815,0.4507659319215698,0.9581719566020527,0.5303131791118159,0.6131127529505108,0.2253814120309766,0.5547433082387236,0.3971030237499297
YLS_NR1_ET_gap_018,ZuCo,YLS,YLS_NR1_ET,5,232.0,pchip,nearest_boundary,0.280301559560084,0.280301559560084,0.1319753899550358,0.0,0.1483261696050482,False,0.8031530800681397,0.4569582349031667,0.614126862012368,0.1319753899550358,0.535216261409584,0.2542681038667016,0.5081205257004865,0.280301559560084,1.3173526298500529,0.2495139898407623,0.8213026303811136,0.3337695655792124,0.7255640444833108,0.4422141184572421
YLS_NR1_ET_gap_019,ZuCo,YLS,YLS_NR1_ET,5,202.0,pchip,local_natural_cubic_spline,0.2242635318421695,0.2242635318421695,0.1196733885314251,0.0,0.10459014331074439,False,0.3754990874554671,0.6282488512061251,0.3123455448496461,0.4221022014329108,0.2383556454918336,0.3254337873619358,0.19836514196223645,0.2242635318421695,0.2720076179715921,0.1196733885314251,0.30815086902909256,0.3184709210974806,0.2528508172705871,0.303583933936279
YLS_NR1_ET_gap_020,ZuCo,YLS,YLS_NR1_ET,5,216.0,pchip,pchip,1.4484038313594283,1.4484038313594283,1.4484038313594283,0.0,0.0,True,3.4947526092365084,4.166727911384906,2.712374118006935,2.8243841901543534,2.365275032968719,2.1781752730533936,2.3369184126423157,1.4484038313594283,3.1594675651562745,3.420312182849628,2.9429655821671927,3.5860628024633003,2.8416984283729367,3.108027032152606
