dataset_id,source_file,status,reason,recording_id
GazeBase,GazeBase_v2_0/Round_1/Subject_1001/S1/S1_Reading/S_1001_S1_TEX.csv,loaded,,
GazeBase,GazeBase_v2_0/Round_1/Subject_1001/S2/S2_Reading/S_1001_S2_TEX.csv,loaded,,
GazeBase,GazeBase_v2_0/Round_1/Subject_1002/S1/S1_Reading/S_1002_S1_TEX.csv,loaded,,
GazeBase,GazeBase_v2_0/Round_1/Subject_1002/S2/S2_Reading/S_1002_S2_TEX.csv,loaded,,
GazeBase,GazeBase_v2_0/Round_1/Subject_1003/S1/S1_Reading/S_1003_S1_TEX.csv,loaded,,
GazeBase,GazeBase_v2_0/Round_1/Subject_1003/S2/S2_Reading/S_1003_S2_TEX.csv,loaded,,
GazeBase,GazeBase_v2_0/Round_1/Subject_1004/S1/S1_Reading/S_1004_S1_TEX.csv,loaded,,
GazeBase,GazeBase_v2_0/Round_1/Subject_1004/S2/S2_Reading/S_1004_S2_TEX.csv,loaded,,
GazeBase,GazeBase_v2_0/Round_1/Subject_1005/S1/S1_Reading/S_1005_S1_TEX.csv,loaded,,
GazeBase,GazeBase_v2_0/Round_1/Subject_1005/S2/S2_Reading/S_1005_S2_TEX.csv,loaded,,
GazeBase,GazeBase_v2_0/Round_1/Subject_1006/S1/S1_Reading/S_1006_S1_TEX.csv,loaded,,
GazeBase,GazeBase_v2_0/Round_1/Subject_1006/S2/S2_Reading/S_1006_S2_TEX.csv,loaded,,
GazeBase,GazeBase_v2_0/Round_1/Subject_1007/S1/S1_Reading/S_1007_S1_TEX.csv,loaded,,
GazeBase,GazeBase_v2_0/Round_1/Subject_1007/S2/S2_Reading/S_1007_S2_TEX.csv,loaded,,
GazeBase,GazeBase_v2_0/Round_1/Subject_1008/S1/S1_Reading/S_1008_S1_TEX.csv,loaded,,
GazeBase,GazeBase_v2_0/Round_1/Subject_1008/S2/S2_Reading/S_1008_S2_TEX.csv,loaded,,
GazeBase,GazeBase_v2_0/Round_1/Subject_1009/S1/S1_Reading/S_1009_S1_TEX.csv,loaded,,
GazeBase,GazeBase_v2_0/Round_1/Subject_1009/S2/S2_Reading/S_1009_S2_TEX.csv,loaded,,
GazeBase,GazeBase_v2_0/Round_1/Subject_1010/S1/S1_Reading/S_1010_S1_TEX.csv,loaded,,
GazeBase,GazeBase_v2_0/Round_1/Subject_1010/S2/S2_Reading/S_1010_S2_TEX.csv,loaded,,
GazeBase,GazeBase_v2_0/Round_1/Subject_1011/S1/S1_Reading/S_1011_S1_TEX.csv,loaded,,
GazeBase,GazeBase_v2_0/Round_1/Subject_1011/S2/S2_Reading/S_1011_S2_TEX.csv,loaded,,
GazeBase,GazeBase_v2_0/Round_1/Subject_1012/S1/S1_Reading/S_1012_S1_TEX.csv,loaded,,
GazeBase,GazeBase_v2_0/Round_1/Subject_1012/S2/S2_Reading/S_1012_S2_TEX.csv,loaded,,
GazeBase,GazeBase_v2_0/Round_1/Subject_1013/S1/S1_Reading/S_1013_S1_TEX.csv,loaded,,
GazeBase,GazeBase_v2_0/Round_1/Subject_1013/S2/S2_Reading/S_1013_S2_TEX.csv,loaded,,
GazeBase,GazeBase_v2_0/Round_1/Subject_1014/S1/S1_Reading/S_1014_S1_TEX.csv,loaded,,
GazeBase,GazeBase_v2_0/Round_1/Subject_1014/S2/S2_Reading/S_1014_S2_TEX.csv,loaded,,
GazeBase,GazeBase_v2_0/Round_1/Subject_1015/S1/S1_Reading/S_1015_S1_TEX.csv,loaded,,
GazeBase,GazeBase_v2_0/Round_1/Subject_1015/S2/S2_Reading/S_1015_S2_TEX.csv,loaded,,
GazeBase,GazeBase_v2_0/Round_1/Subject_1016/S1/S1_Reading/S_1016_S1_TEX.csv,loaded,,
GazeBase,GazeBase_v2_0/Round_1/Subject_1016/S2/S2_Reading/S_1016_S2_TEX.csv,loaded,,
GazeBase,GazeBase_v2_0/Round_1/Subject_1017/S1/S1_Reading/S_1017_S1_TEX.csv,loaded,,
GazeBase,GazeBase_v2_0/Round_1/Subject_1017/S2/S2_Reading/S_1017_S2_TEX.csv,loaded,,
GazeBase,GazeBase_v2_0/Round_1/Subject_1018/S1/S1_Reading/S_1018_S1_TEX.csv,loaded,,
GazeBase,GazeBase_v2_0/Round_1/Subject_1018/S2/S2_Reading/S_1018_S2_TEX.csv,loaded,,
GazeBase,GazeBase_v2_0/Round_1/Subject_1019/S1/S1_Reading/S_1019_S1_TEX.csv,loaded,,
GazeBase,GazeBase_v2_0/Round_1/Subject_1019/S2/S2_Reading/S_1019_S2_TEX.csv,loaded,,
GazeBase,GazeBase_v2_0/Round_1/Subject_1020/S1/S1_Reading/S_1020_S1_TEX.csv,loaded,,
GazeBase,GazeBase_v2_0/Round_1/Subject_1020/S2/S2_Reading/S_1020_S2_TEX.csv,loaded,,
GazeBase,GazeBase_v2_0/Round_1/Subject_1021/S1/S1_Reading/S_1021_S1_TEX.csv,loaded,,
GazeBase,GazeBase_v2_0/Round_1/Subject_1021/S2/S2_Reading/S_1021_S2_TEX.csv,loaded,,
GazeBase,GazeBase_v2_0/Round_1/Subject_1022/S1/S1_Reading/S_1022_S1_TEX.csv,loaded,,
GazeBase,GazeBase_v2_0/Round_1/Subject_1022/S2/S2_Reading/S_1022_S2_TEX.csv,loaded,,
GazeBase,GazeBase_v2_0/Round_1/Subject_1023/S1/S1_Reading/S_1023_S1_TEX.csv,loaded,,
GazeBase,GazeBase_v2_0/Round_1/Subject_1023/S2/S2_Reading/S_1023_S2_TEX.csv,loaded,,
GazeBase,GazeBase_v2_0/Round_1/Subject_1024/S1/S1_Reading/S_1024_S1_TEX.csv,loaded,,
GazeBase,GazeBase_v2_0/Round_1/Subject_1024/S2/S2_Reading/S_1024_S2_TEX.csv,loaded,,
GazeBase,GazeBase_v2_0/Round_1/Subject_1025/S1/S1_Reading/S_1025_S1_TEX.csv,loaded,,
GazeBase,GazeBase_v2_0/Round_1/Subject_1025/S2/S2_Reading/S_1025_S2_TEX.csv,loaded,,
GazeBase,GazeBase_v2_0/Round_1/Subject_1026/S1/S1_Reading/S_1026_S1_TEX.csv,loaded,,
GazeBase,GazeBase_v2_0/Round_1/Subject_1026/S2/S2_Reading/S_1026_S2_TEX.csv,loaded,,
GazeBase,GazeBase_v2_0/Round_1/Subject_1027/S1/S1_Reading/S_1027_S1_TEX.csv,loaded,,
GazeBase,GazeBase_v2_0/Round_1/Subject_1027/S2/S2_Reading/S_1027_S2_TEX.csv,loaded,,
GazeBase,GazeBase_v2_0/Round_1/Subject_1029/S1/S1_Reading/S_1029_S1_TEX.csv,loaded,,
GazeBase,GazeBase_v2_0/Round_1/Subject_1029/S2/S2_Reading/S_1029_S2_TEX.csv,loaded,,
GazeBase,GazeBase_v2_0/Round_1/Subject_1030/S1/S1_Reading/S_1030_S1_TEX.csv,loaded,,
GazeBase,GazeBase_v2_0/Round_1/Subject_1030/S2/S2_Reading/S_1030_S2_TEX.csv,loaded,,
GazeBase,GazeBase_v2_0/Round_1/Subject_1031/S1/S1_Reading/S_1031_S1_TEX.csv,loaded,,
GazeBase,GazeBase_v2_0/Round_1/Subject_1031/S2/S2_Reading/S_1031_S2_TEX.csv,loaded,,
GazeBase,GazeBase_v2_0/Round_1/Subject_1032/S1/S1_Reading/S_1032_S1_TEX.csv,loaded,,
GazeBase,GazeBase_v2_0/Round_1/Subject_1032/S2/S2_Reading/S_1032_S2_TEX.csv,loaded,,
GazeBase,GazeBase_v2_0/Round_1/Subject_1033/S1/S1_Reading/S_1033_S1_TEX.csv,loaded,,
GazeBase,GazeBase_v2_0/Round_1/Subject_1033/S2/S2_Reading/S_1033_S2_TEX.csv,loaded,,
GazeBase,GazeBase_v2_0/Round_1/Subject_1034/S1/S1_Reading/S_1034_S1_TEX.csv,loaded,,
GazeBase,GazeBase_v2_0/Round_1/Subject_1034/S2/S2_Reading/S_1034_S2_TEX.csv,loaded,,
GazeBase,GazeBase_v2_0/Round_1/Subject_1035/S1/S1_Reading/S_1035_S1_TEX.csv,loaded,,
GazeBase,GazeBase_v2_0/Round_1/Subject_1035/S2/S2_Reading/S_1035_S2_TEX.csv,loaded,,
GazeBase,GazeBase_v2_0/Round_1/Subject_1037/S1/S1_Reading/S_1037_S1_TEX.csv,loaded,,
GazeBase,GazeBase_v2_0/Round_1/Subject_1037/S2/S2_Reading/S_1037_S2_TEX.csv,loaded,,
GazeBase,GazeBase_v2_0/Round_1/Subject_1038/S1/S1_Reading/S_1038_S1_TEX.csv,loaded,,
GazeBase,GazeBase_v2_0/Round_1/Subject_1038/S2/S2_Reading/S_1038_S2_TEX.csv,loaded,,
GazeBase,GazeBase_v2_0/Round_1/Subject_1039/S1/S1_Reading/S_1039_S1_TEX.csv,loaded,,
GazeBase,GazeBase_v2_0/Round_1/Subject_1039/S2/S2_Reading/S_1039_S2_TEX.csv,loaded,,
GazeBase,GazeBase_v2_0/Round_1/Subject_1040/S1/S1_Reading/S_1040_S1_TEX.csv,loaded,,
GazeBase,GazeBase_v2_0/Round_1/Subject_1040/S2/S2_Reading/S_1040_S2_TEX.csv,loaded,,
GazeBase,GazeBase_v2_0/Round_1/Subject_1041/S1/S1_Reading/S_1041_S1_TEX.csv,loaded,,
GazeBase,GazeBase_v2_0/Round_1/Subject_1041/S2/S2_Reading/S_1041_S2_TEX.csv,loaded,,
GazeBase,GazeBase_v2_0/Round_1/Subject_1042/S1/S1_Reading/S_1042_S1_TEX.csv,loaded,,
GazeBase,GazeBase_v2_0/Round_1/Subject_1042/S2/S2_Reading/S_1042_S2_TEX.csv,loaded,,
GazeBase,GazeBase_v2_0/Round_1/Subject_1043/S1/S1_Reading/S_1043_S1_TEX.csv,loaded,,
GazeBase,GazeBase_v2_0/Round_1/Subject_1043/S2/S2_Reading/S_1043_S2_TEX.csv,loaded,,
GazeBase,GazeBase_v2_0/Round_1/Subject_1044/S1/S1_Reading/S_1044_S1_TEX.csv,loaded,,
GazeBase,GazeBase_v2_0/Round_1/Subject_1044/S2/S2_Reading/S_1044_S2_TEX.csv,loaded,,
GazeBase,GazeBase_v2_0/Round_1/Subject_1045/S1/S1_Reading/S_1045_S1_TEX.csv,loaded,,
GazeBase,GazeBase_v2_0/Round_1/Subject_1045/S2/S2_Reading/S_1045_S2_TEX.csv,loaded,,
GazeBase,GazeBase_v2_0/Round_1/Subject_1046/S1/S1_Reading/S_1046_S1_TEX.csv,loaded,,
GazeBase,GazeBase_v2_0/Round_1/Subject_1046/S2/S2_Reading/S_1046_S2_TEX.csv,loaded,,
GazeBase,GazeBase_v2_0/Round_1/Subject_1047/S1/S1_Reading/S_1047_S1_TEX.csv,loaded,,
GazeBase,GazeBase_v2_0/Round_1/Subject_1047/S2/S2_Reading/S_1047_S2_TEX.csv,loaded,,
GazeBase,GazeBase_v2_0/Round_1/Subject_1048/S1/S1_Reading/S_1048_S1_TEX.csv,loaded,,
GazeBase,GazeBase_v2_0/Round_1/Subject_1048/S2/S2_Reading/S_1048_S2_TEX.csv,loaded,,
GazeBase,GazeBase_v2_0/Round_1/Subject_1049/S1/S1_Reading/S_1049_S1_TEX.csv,loaded,,
GazeBase,GazeBase_v2_0/Round_1/Subject_1049/S2/S2_Reading/S_1049_S2_TEX.csv,loaded,,
GazeBase,GazeBase_v2_0/Round_1/Subject_1051/S1/S1_Reading/S_1051_S1_TEX.csv,loaded,,
GazeBase,GazeBase_v2_0/Round_1/Subject_1051/S2/S2_Reading/S_1051_S2_TEX.csv,loaded,,
GazeBase,GazeBase_v2_0/Round_1/Subject_1052/S1/S1_Reading/S_1052_S1_TEX.csv,loaded,,
GazeBase,GazeBase_v2_0/Round_1/Subject_1052/S2/S2_Reading/S_1052_S2_TEX.csv,loaded,,
GazeBase,GazeBase_v2_0/Round_1/Subject_1053/S1/S1_Reading/S_1053_S1_TEX.csv,loaded,,
GazeBase,GazeBase_v2_0/Round_1/Subject_1053/S2/S2_Reading/S_1053_S2_TEX.csv,loaded,,
GazeBase,GazeBase_v2_0/Round_1/Subject_1054/S1/S1_Reading/S_1054_S1_TEX.csv,loaded,,
GazeBase,GazeBase_v2_0/Round_1/Subject_1054/S2/S2_Reading/S_1054_S2_TEX.csv,loaded,,
GazeBase,GazeBase_v2_0/Round_1/Subject_1055/S1/S1_Reading/S_1055_S1_TEX.csv,loaded,,
GazeBase,GazeBase_v2_0/Round_1/Subject_1055/S2/S2_Reading/S_1055_S2_TEX.csv,loaded,,
GazeBase,GazeBase_v2_0/Round_1/Subject_1057/S1/S1_Reading/S_1057_S1_TEX.csv,loaded,,
GazeBase,GazeBase_v2_0/Round_1/Subject_1057/S2/S2_Reading/S_1057_S2_TEX.csv,loaded,,
GazeBase,GazeBase_v2_0/Round_1/Subject_1058/S1/S1_Reading/S_1058_S1_TEX.csv,loaded,,
GazeBase,GazeBase_v2_0/Round_1/Subject_1058/S2/S2_Reading/S_1058_S2_TEX.csv,loaded,,
GazeBase,GazeBase_v2_0/Round_1/Subject_1059/S1/S1_Reading/S_1059_S1_TEX.csv,loaded,,
GazeBase,GazeBase_v2_0/Round_1/Subject_1059/S2/S2_Reading/S_1059_S2_TEX.csv,loaded,,
GazeBase,GazeBase_v2_0/Round_1/Subject_1060/S1/S1_Reading/S_1060_S1_TEX.csv,loaded,,
GazeBase,GazeBase_v2_0/Round_1/Subject_1060/S2/S2_Reading/S_1060_S2_TEX.csv,loaded,,
GazeBase,GazeBase_v2_0/Round_1/Subject_1061/S1/S1_Reading/S_1061_S1_TEX.csv,loaded,,
GazeBase,GazeBase_v2_0/Round_1/Subject_1061/S2/S2_Reading/S_1061_S2_TEX.csv,loaded,,
GazeBase,GazeBase_v2_0/Round_1/Subject_1062/S1/S1_Reading/S_1062_S1_TEX.csv,loaded,,
GazeBase,GazeBase_v2_0/Round_1/Subject_1062/S2/S2_Reading/S_1062_S2_TEX.csv,loaded,,
GazeBase,GazeBase_v2_0/Round_1/Subject_1063/S1/S1_Reading/S_1063_S1_TEX.csv,loaded,,
GazeBase,GazeBase_v2_0/Round_1/Subject_1063/S2/S2_Reading/S_1063_S2_TEX.csv,loaded,,
GazeBase,GazeBase_v2_0/Round_1/Subject_1064/S1/S1_Reading/S_1064_S1_TEX.csv,loaded,,
GazeBase,GazeBase_v2_0/Round_1/Subject_1064/S2/S2_Reading/S_1064_S2_TEX.csv,loaded,,
GazeBase,GazeBase_v2_0/Round_1/Subject_1065/S1/S1_Reading/S_1065_S1_TEX.csv,loaded,,
GazeBase,GazeBase_v2_0/Round_1/Subject_1065/S2/S2_Reading/S_1065_S2_TEX.csv,loaded,,
GazeBase,GazeBase_v2_0/Round_1/Subject_1066/S1/S1_Reading/S_1066_S1_TEX.csv,loaded,,
GazeBase,GazeBase_v2_0/Round_1/Subject_1066/S2/S2_Reading/S_1066_S2_TEX.csv,loaded,,
GazeBase,GazeBase_v2_0/Round_1/Subject_1067/S1/S1_Reading/S_1067_S1_TEX.csv,loaded,,
GazeBase,GazeBase_v2_0/Round_1/Subject_1067/S2/S2_Reading/S_1067_S2_TEX.csv,loaded,,
GazeBase,GazeBase_v2_0/Round_1/Subject_1068/S1/S1_Reading/S_1068_S1_TEX.csv,loaded,,
GazeBase,GazeBase_v2_0/Round_1/Subject_1068/S2/S2_Reading/S_1068_S2_TEX.csv,loaded,,
GazeBase,GazeBase_v2_0/Round_1/Subject_1069/S1/S1_Reading/S_1069_S1_TEX.csv,loaded,,
GazeBase,GazeBase_v2_0/Round_1/Subject_1069/S2/S2_Reading/S_1069_S2_TEX.csv,loaded,,
GazeBase,GazeBase_v2_0/Round_1/Subject_1070/S1/S1_Reading/S_1070_S1_TEX.csv,loaded,,
GazeBase,GazeBase_v2_0/Round_1/Subject_1070/S2/S2_Reading/S_1070_S2_TEX.csv,loaded,,
GazeBase,GazeBase_v2_0/Round_1/Subject_1071/S1/S1_Reading/S_1071_S1_TEX.csv,loaded,,
GazeBase,GazeBase_v2_0/Round_1/Subject_1071/S2/S2_Reading/S_1071_S2_TEX.csv,loaded,,
GazeBase,GazeBase_v2_0/Round_1/Subject_1072/S1/S1_Reading/S_1072_S1_TEX.csv,loaded,,
GazeBase,GazeBase_v2_0/Round_1/Subject_1072/S2/S2_Reading/S_1072_S2_TEX.csv,loaded,,
GazeBase,GazeBase_v2_0/Round_1/Subject_1073/S1/S1_Reading/S_1073_S1_TEX.csv,loaded,,
GazeBase,GazeBase_v2_0/Round_1/Subject_1073/S2/S2_Reading/S_1073_S2_TEX.csv,loaded,,
GazeBase,GazeBase_v2_0/Round_1/Subject_1074/S1/S1_Reading/S_1074_S1_TEX.csv,loaded,,
GazeBase,GazeBase_v2_0/Round_1/Subject_1074/S2/S2_Reading/S_1074_S2_TEX.csv,loaded,,
GazeBase,GazeBase_v2_0/Round_1/Subject_1076/S1/S1_Reading/S_1076_S1_TEX.csv,loaded,,
GazeBase,GazeBase_v2_0/Round_1/Subject_1076/S2/S2_Reading/S_1076_S2_TEX.csv,loaded,,
GazeBase,GazeBase_v2_0/Round_1/Subject_1077/S1/S1_Reading/S_1077_S1_TEX.csv,loaded,,
GazeBase,GazeBase_v2_0/Round_1/Subject_1077/S2/S2_Reading/S_1077_S2_TEX.csv,loaded,,
GazeBase,GazeBase_v2_0/Round_1/Subject_1078/S1/S1_Reading/S_1078_S1_TEX.csv,loaded,,
GazeBase,GazeBase_v2_0/Round_1/Subject_1078/S2/S2_Reading/S_1078_S2_TEX.csv,loaded,,
GazeBase,GazeBase_v2_0/Round_1/Subject_1079/S1/S1_Reading/S_1079_S1_TEX.csv,loaded,,
GazeBase,GazeBase_v2_0/Round_1/Subject_1079/S2/S2_Reading/S_1079_S2_TEX.csv,loaded,,
GazeBase,GazeBase_v2_0/Round_1/Subject_1080/S1/S1_Reading/S_1080_S1_TEX.csv,loaded,,
GazeBase,GazeBase_v2_0/Round_1/Subject_1080/S2/S2_Reading/S_1080_S2_TEX.csv,loaded,,
GazeBase,GazeBase_v2_0/Round_1/Subject_1081/S1/S1_Reading/S_1081_S1_TEX.csv,loaded,,
GazeBase,GazeBase_v2_0/Round_1/Subject_1081/S2/S2_Reading/S_1081_S2_TEX.csv,loaded,,
GazeBase,GazeBase_v2_0/Round_1/Subject_1083/S1/S1_Reading/S_1083_S1_TEX.csv,loaded,,
GazeBase,GazeBase_v2_0/Round_1/Subject_1083/S2/S2_Reading/S_1083_S2_TEX.csv,loaded,,
GazeBase,GazeBase_v2_0/Round_1/Subject_1084/S1/S1_Reading/S_1084_S1_TEX.csv,loaded,,
GazeBase,GazeBase_v2_0/Round_1/Subject_1084/S2/S2_Reading/S_1084_S2_TEX.csv,loaded,,
GazeBase,GazeBase_v2_0/Round_1/Subject_1085/S1/S1_Reading/S_1085_S1_TEX.csv,loaded,,
GazeBase,GazeBase_v2_0/Round_1/Subject_1085/S2/S2_Reading/S_1085_S2_TEX.csv,loaded,,
GazeBase,GazeBase_v2_0/Round_1/Subject_1086/S1/S1_Reading/S_1086_S1_TEX.csv,loaded,,
GazeBase,GazeBase_v2_0/Round_1/Subject_1086/S2/S2_Reading/S_1086_S2_TEX.csv,loaded,,
GazeBase,GazeBase_v2_0/Round_1/Subject_1087/S1/S1_Reading/S_1087_S1_TEX.csv,loaded,,
GazeBase,GazeBase_v2_0/Round_1/Subject_1087/S2/S2_Reading/S_1087_S2_TEX.csv,loaded,,
GazeBase,GazeBase_v2_0/Round_1/Subject_1088/S1/S1_Reading/S_1088_S1_TEX.csv,loaded,,
GazeBase,GazeBase_v2_0/Round_1/Subject_1088/S2/S2_Reading/S_1088_S2_TEX.csv,loaded,,
GazeBase,GazeBase_v2_0/Round_1/Subject_1089/S1/S1_Reading/S_1089_S1_TEX.csv,loaded,,
GazeBase,GazeBase_v2_0/Round_1/Subject_1089/S2/S2_Reading/S_1089_S2_TEX.csv,loaded,,
GazeBase,GazeBase_v2_0/Round_1/Subject_1090/S1/S1_Reading/S_1090_S1_TEX.csv,loaded,,
GazeBase,GazeBase_v2_0/Round_1/Subject_1090/S2/S2_Reading/S_1090_S2_TEX.csv,loaded,,
GazeBase,GazeBase_v2_0/Round_1/Subject_1091/S1/S1_Reading/S_1091_S1_TEX.csv,loaded,,
GazeBase,GazeBase_v2_0/Round_1/Subject_1091/S2/S2_Reading/S_1091_S2_TEX.csv,loaded,,
GazeBase,GazeBase_v2_0/Round_1/Subject_1092/S1/S1_Reading/S_1092_S1_TEX.csv,loaded,,
GazeBase,GazeBase_v2_0/Round_1/Subject_1092/S2/S2_Reading/S_1092_S2_TEX.csv,loaded,,
GazeBase,GazeBase_v2_0/Round_1/Subject_1093/S1/S1_Reading/S_1093_S1_TEX.csv,loaded,,
GazeBase,GazeBase_v2_0/Round_1/Subject_1093/S2/S2_Reading/S_1093_S2_TEX.csv,loaded,,
GazeBase,GazeBase_v2_0/Round_1/Subject_1094/S1/S1_Reading/S_1094_S1_TEX.csv,loaded,,
GazeBase,GazeBase_v2_0/Round_1/Subject_1094/S2/S2_Reading/S_1094_S2_TEX.csv,loaded,,
GazeBase,GazeBase_v2_0/Round_1/Subject_1095/S1/S1_Reading/S_1095_S1_TEX.csv,loaded,,
GazeBase,GazeBase_v2_0/Round_1/Subject_1095/S2/S2_Reading/S_1095_S2_TEX.csv,loaded,,
GazeBase,GazeBase_v2_0/Round_1/Subject_1096/S1/S1_Reading/S_1096_S1_TEX.csv,loaded,,
GazeBase,GazeBase_v2_0/Round_1/Subject_1096/S2/S2_Reading/S_1096_S2_TEX.csv,loaded,,
GazeBase,GazeBase_v2_0/Round_1/Subject_1097/S1/S1_Reading/S_1097_S1_TEX.csv,loaded,,
GazeBase,GazeBase_v2_0/Round_1/Subject_1097/S2/S2_Reading/S_1097_S2_TEX.csv,loaded,,
GazeBase,GazeBase_v2_0/Round_1/Subject_1098/S1/S1_Reading/S_1098_S1_TEX.csv,loaded,,
GazeBase,GazeBase_v2_0/Round_1/Subject_1098/S2/S2_Reading/S_1098_S2_TEX.csv,loaded,,
GazeBase,GazeBase_v2_0/Round_1/Subject_1099/S1/S1_Reading/S_1099_S1_TEX.csv,loaded,,
GazeBase,GazeBase_v2_0/Round_1/Subject_1099/S2/S2_Reading/S_1099_S2_TEX.csv,loaded,,
GazeBase,GazeBase_v2_0/Round_1/Subject_1100/S1/S1_Reading/S_1100_S1_TEX.csv,loaded,,
GazeBase,GazeBase_v2_0/Round_1/Subject_1100/S2/S2_Reading/S_1100_S2_TEX.csv,loaded,,
GazeBase,GazeBase_v2_0/Round_1/Subject_1101/S1/S1_Reading/S_1101_S1_TEX.csv,loaded,,
GazeBase,GazeBase_v2_0/Round_1/Subject_1101/S2/S2_Reading/S_1101_S2_TEX.csv,loaded,,
GazeBase,GazeBase_v2_0/Round_1/Subject_1102/S1/S1_Reading/S_1102_S1_TEX.csv,loaded,,
GazeBase,GazeBase_v2_0/Round_1/Subject_1102/S2/S2_Reading/S_1102_S2_TEX.csv,loaded,,
GazeBase,GazeBase_v2_0/Round_1/Subject_1103/S1/S1_Reading/S_1103_S1_TEX.csv,loaded,,
GazeBase,GazeBase_v2_0/Round_1/Subject_1103/S2/S2_Reading/S_1103_S2_TEX.csv,loaded,,
GazeBase,GazeBase_v2_0/Round_1/Subject_1106/S1/S1_Reading/S_1106_S1_TEX.csv,loaded,,
GazeBase,GazeBase_v2_0/Round_1/Subject_1106/S2/S2_Reading/S_1106_S2_TEX.csv,loaded,,
GazeBase,GazeBase_v2_0/Round_1/Subject_1107/S1/S1_Reading/S_1107_S1_TEX.csv,loaded,,
GazeBase,GazeBase_v2_0/Round_1/Subject_1107/S2/S2_Reading/S_1107_S2_TEX.csv,loaded,,
GazeBase,GazeBase_v2_0/Round_1/Subject_1108/S1/S1_Reading/S_1108_S1_TEX.csv,loaded,,
GazeBase,GazeBase_v2_0/Round_1/Subject_1108/S2/S2_Reading/S_1108_S2_TEX.csv,loaded,,
GazeBase,GazeBase_v2_0/Round_1/Subject_1109/S1/S1_Reading/S_1109_S1_TEX.csv,loaded,,
GazeBase,GazeBase_v2_0/Round_1/Subject_1109/S2/S2_Reading/S_1109_S2_TEX.csv,loaded,,
GazeBase,GazeBase_v2_0/Round_1/Subject_1110/S1/S1_Reading/S_1110_S1_TEX.csv,loaded,,
GazeBase,GazeBase_v2_0/Round_1/Subject_1110/S2/S2_Reading/S_1110_S2_TEX.csv,loaded,,
GazeBase,GazeBase_v2_0/Round_1/Subject_1111/S1/S1_Reading/S_1111_S1_TEX.csv,loaded,,
GazeBase,GazeBase_v2_0/Round_1/Subject_1111/S2/S2_Reading/S_1111_S2_TEX.csv,loaded,,
GazeBase,GazeBase_v2_0/Round_1/Subject_1113/S1/S1_Reading/S_1113_S1_TEX.csv,loaded,,
GazeBase,GazeBase_v2_0/Round_1/Subject_1113/S2/S2_Reading/S_1113_S2_TEX.csv,loaded,,
GazeBase,GazeBase_v2_0/Round_1/Subject_1114/S1/S1_Reading/S_1114_S1_TEX.csv,loaded,,
GazeBase,GazeBase_v2_0/Round_1/Subject_1114/S2/S2_Reading/S_1114_S2_TEX.csv,loaded,,
GazeBase,GazeBase_v2_0/Round_1/Subject_1115/S1/S1_Reading/S_1115_S1_TEX.csv,loaded,,
GazeBase,GazeBase_v2_0/Round_1/Subject_1115/S2/S2_Reading/S_1115_S2_TEX.csv,loaded,,
GazeBase,GazeBase_v2_0/Round_1/Subject_1116/S1/S1_Reading/S_1116_S1_TEX.csv,loaded,,
GazeBase,GazeBase_v2_0/Round_1/Subject_1116/S2/S2_Reading/S_1116_S2_TEX.csv,loaded,,
GazeBase,GazeBase_v2_0/Round_1/Subject_1117/S1/S1_Reading/S_1117_S1_TEX.csv,loaded,,
GazeBase,GazeBase_v2_0/Round_1/Subject_1117/S2/S2_Reading/S_1117_S2_TEX.csv,loaded,,
GazeBase,GazeBase_v2_0/Round_1/Subject_1118/S1/S1_Reading/S_1118_S1_TEX.csv,loaded,,
GazeBase,GazeBase_v2_0/Round_1/Subject_1118/S2/S2_Reading/S_1118_S2_TEX.csv,loaded,,
GazeBase,GazeBase_v2_0/Round_1/Subject_1119/S1/S1_Reading/S_1119_S1_TEX.csv,loaded,,
GazeBase,GazeBase_v2_0/Round_1/Subject_1119/S2/S2_Reading/S_1119_S2_TEX.csv,loaded,,
GazeBase,GazeBase_v2_0/Round_1/Subject_1120/S1/S1_Reading/S_1120_S1_TEX.csv,loaded,,
GazeBase,GazeBase_v2_0/Round_1/Subject_1120/S2/S2_Reading/S_1120_S2_TEX.csv,loaded,,
GazeBase,GazeBase_v2_0/Round_1/Subject_1121/S1/S1_Reading/S_1121_S1_TEX.csv,loaded,,
GazeBase,GazeBase_v2_0/Round_1/Subject_1121/S2/S2_Reading/S_1121_S2_TEX.csv,loaded,,
GazeBase,GazeBase_v2_0/Round_1/Subject_1122/S1/S1_Reading/S_1122_S1_TEX.csv,loaded,,
GazeBase,GazeBase_v2_0/Round_1/Subject_1122/S2/S2_Reading/S_1122_S2_TEX.csv,loaded,,
GazeBase,GazeBase_v2_0/Round_1/Subject_1123/S1/S1_Reading/S_1123_S1_TEX.csv,loaded,,
GazeBase,GazeBase_v2_0/Round_1/Subject_1123/S2/S2_Reading/S_1123_S2_TEX.csv,loaded,,
GazeBase,GazeBase_v2_0/Round_1/Subject_1125/S1/S1_Reading/S_1125_S1_TEX.csv,loaded,,
GazeBase,GazeBase_v2_0/Round_1/Subject_1125/S2/S2_Reading/S_1125_S2_TEX.csv,loaded,,
GazeBase,GazeBase_v2_0/Round_1/Subject_1126/S1/S1_Reading/S_1126_S1_TEX.csv,loaded,,
GazeBase,GazeBase_v2_0/Round_1/Subject_1126/S2/S2_Reading/S_1126_S2_TEX.csv,loaded,,
GazeBase,GazeBase_v2_0/Round_1/Subject_1127/S1/S1_Reading/S_1127_S1_TEX.csv,loaded,,
GazeBase,GazeBase_v2_0/Round_1/Subject_1127/S2/S2_Reading/S_1127_S2_TEX.csv,loaded,,
GazeBase,GazeBase_v2_0/Round_1/Subject_1128/S1/S1_Reading/S_1128_S1_TEX.csv,loaded,,
GazeBase,GazeBase_v2_0/Round_1/Subject_1128/S2/S2_Reading/S_1128_S2_TEX.csv,loaded,,
GazeBase,GazeBase_v2_0/Round_1/Subject_1129/S1/S1_Reading/S_1129_S1_TEX.csv,loaded,,
GazeBase,GazeBase_v2_0/Round_1/Subject_1129/S2/S2_Reading/S_1129_S2_TEX.csv,loaded,,
GazeBase,GazeBase_v2_0/Round_1/Subject_1130/S1/S1_Reading/S_1130_S1_TEX.csv,loaded,,
GazeBase,GazeBase_v2_0/Round_1/Subject_1130/S2/S2_Reading/S_1130_S2_TEX.csv,loaded,,
GazeBase,GazeBase_v2_0/Round_1/Subject_1131/S1/S1_Reading/S_1131_S1_TEX.csv,loaded,,
GazeBase,GazeBase_v2_0/Round_1/Subject_1131/S2/S2_Reading/S_1131_S2_TEX.csv,loaded,,
GazeBase,GazeBase_v2_0/Round_1/Subject_1132/S1/S1_Reading/S_1132_S1_TEX.csv,loaded,,
GazeBase,GazeBase_v2_0/Round_1/Subject_1132/S2/S2_Reading/S_1132_S2_TEX.csv,loaded,,
GazeBase,GazeBase_v2_0/Round_1/Subject_1133/S1/S1_Reading/S_1133_S1_TEX.csv,loaded,,
GazeBase,GazeBase_v2_0/Round_1/Subject_1133/S2/S2_Reading/S_1133_S2_TEX.csv,loaded,,
GazeBase,GazeBase_v2_0/Round_1/Subject_1134/S1/S1_Reading/S_1134_S1_TEX.csv,loaded,,
GazeBase,GazeBase_v2_0/Round_1/Subject_1134/S2/S2_Reading/S_1134_S2_TEX.csv,loaded,,
GazeBase,GazeBase_v2_0/Round_1/Subject_1135/S1/S1_Reading/S_1135_S1_TEX.csv,loaded,,
GazeBase,GazeBase_v2_0/Round_1/Subject_1135/S2/S2_Reading/S_1135_S2_TEX.csv,loaded,,
GazeBase,GazeBase_v2_0/Round_1/Subject_1136/S1/S1_Reading/S_1136_S1_TEX.csv,loaded,,
GazeBase,GazeBase_v2_0/Round_1/Subject_1136/S2/S2_Reading/S_1136_S2_TEX.csv,loaded,,
GazeBase,GazeBase_v2_0/Round_1/Subject_1137/S1/S1_Reading/S_1137_S1_TEX.csv,loaded,,
GazeBase,GazeBase_v2_0/Round_1/Subject_1137/S2/S2_Reading/S_1137_S2_TEX.csv,loaded,,
GazeBase,GazeBase_v2_0/Round_1/Subject_1138/S1/S1_Reading/S_1138_S1_TEX.csv,loaded,,
GazeBase,GazeBase_v2_0/Round_1/Subject_1138/S2/S2_Reading/S_1138_S2_TEX.csv,loaded,,
GazeBase,GazeBase_v2_0/Round_1/Subject_1139/S1/S1_Reading/S_1139_S1_TEX.csv,loaded,,
GazeBase,GazeBase_v2_0/Round_1/Subject_1139/S2/S2_Reading/S_1139_S2_TEX.csv,loaded,,
GazeBase,GazeBase_v2_0/Round_1/Subject_1140/S1/S1_Reading/S_1140_S1_TEX.csv,loaded,,
GazeBase,GazeBase_v2_0/Round_1/Subject_1140/S2/S2_Reading/S_1140_S2_TEX.csv,loaded,,
GazeBase,GazeBase_v2_0/Round_1/Subject_1141/S1/S1_Reading/S_1141_S1_TEX.csv,loaded,,
GazeBase,GazeBase_v2_0/Round_1/Subject_1141/S2/S2_Reading/S_1141_S2_TEX.csv,loaded,,
GazeBase,GazeBase_v2_0/Round_1/Subject_1142/S1/S1_Reading/S_1142_S1_TEX.csv,loaded,,
GazeBase,GazeBase_v2_0/Round_1/Subject_1142/S2/S2_Reading/S_1142_S2_TEX.csv,loaded,,
GazeBase,GazeBase_v2_0/Round_1/Subject_1143/S1/S1_Reading/S_1143_S1_TEX.csv,loaded,,
GazeBase,GazeBase_v2_0/Round_1/Subject_1143/S2/S2_Reading/S_1143_S2_TEX.csv,loaded,,
GazeBase,GazeBase_v2_0/Round_1/Subject_1144/S1/S1_Reading/S_1144_S1_TEX.csv,loaded,,
GazeBase,GazeBase_v2_0/Round_1/Subject_1144/S2/S2_Reading/S_1144_S2_TEX.csv,loaded,,
GazeBase,GazeBase_v2_0/Round_1/Subject_1145/S1/S1_Reading/S_1145_S1_TEX.csv,loaded,,
GazeBase,GazeBase_v2_0/Round_1/Subject_1145/S2/S2_Reading/S_1145_S2_TEX.csv,loaded,,
GazeBase,GazeBase_v2_0/Round_1/Subject_1146/S1/S1_Reading/S_1146_S1_TEX.csv,loaded,,
GazeBase,GazeBase_v2_0/Round_1/Subject_1146/S2/S2_Reading/S_1146_S2_TEX.csv,loaded,,
GazeBase,GazeBase_v2_0/Round_1/Subject_1147/S1/S1_Reading/S_1147_S1_TEX.csv,loaded,,
GazeBase,GazeBase_v2_0/Round_1/Subject_1147/S2/S2_Reading/S_1147_S2_TEX.csv,loaded,,
GazeBase,GazeBase_v2_0/Round_1/Subject_1148/S1/S1_Reading/S_1148_S1_TEX.csv,loaded,,
GazeBase,GazeBase_v2_0/Round_1/Subject_1148/S2/S2_Reading/S_1148_S2_TEX.csv,loaded,,
GazeBase,GazeBase_v2_0/Round_1/Subject_1149/S1/S1_Reading/S_1149_S1_TEX.csv,loaded,,
GazeBase,GazeBase_v2_0/Round_1/Subject_1149/S2/S2_Reading/S_1149_S2_TEX.csv,loaded,,
GazeBase,GazeBase_v2_0/Round_1/Subject_1150/S1/S1_Reading/S_1150_S1_TEX.csv,loaded,,
GazeBase,GazeBase_v2_0/Round_1/Subject_1150/S2/S2_Reading/S_1150_S2_TEX.csv,loaded,,
GazeBase,GazeBase_v2_0/Round_1/Subject_1151/S1/S1_Reading/S_1151_S1_TEX.csv,loaded,,
GazeBase,GazeBase_v2_0/Round_1/Subject_1151/S2/S2_Reading/S_1151_S2_TEX.csv,loaded,,
GazeBase,GazeBase_v2_0/Round_1/Subject_1152/S1/S1_Reading/S_1152_S1_TEX.csv,loaded,,
GazeBase,GazeBase_v2_0/Round_1/Subject_1152/S2/S2_Reading/S_1152_S2_TEX.csv,loaded,,
GazeBase,GazeBase_v2_0/Round_1/Subject_1153/S1/S1_Reading/S_1153_S1_TEX.csv,loaded,,
GazeBase,GazeBase_v2_0/Round_1/Subject_1153/S2/S2_Reading/S_1153_S2_TEX.csv,loaded,,
GazeBase,GazeBase_v2_0/Round_1/Subject_1154/S1/S1_Reading/S_1154_S1_TEX.csv,loaded,,
GazeBase,GazeBase_v2_0/Round_1/Subject_1154/S2/S2_Reading/S_1154_S2_TEX.csv,loaded,,
GazeBase,GazeBase_v2_0/Round_1/Subject_1155/S1/S1_Reading/S_1155_S1_TEX.csv,loaded,,
GazeBase,GazeBase_v2_0/Round_1/Subject_1155/S2/S2_Reading/S_1155_S2_TEX.csv,loaded,,
GazeBase,GazeBase_v2_0/Round_1/Subject_1156/S1/S1_Reading/S_1156_S1_TEX.csv,loaded,,
GazeBase,GazeBase_v2_0/Round_1/Subject_1156/S2/S2_Reading/S_1156_S2_TEX.csv,loaded,,
GazeBase,GazeBase_v2_0/Round_1/Subject_1157/S1/S1_Reading/S_1157_S1_TEX.csv,loaded,,
GazeBase,GazeBase_v2_0/Round_1/Subject_1157/S2/S2_Reading/S_1157_S2_TEX.csv,loaded,,
GazeBase,GazeBase_v2_0/Round_1/Subject_1158/S1/S1_Reading/S_1158_S1_TEX.csv,loaded,,
GazeBase,GazeBase_v2_0/Round_1/Subject_1158/S2/S2_Reading/S_1158_S2_TEX.csv,loaded,,
GazeBase,GazeBase_v2_0/Round_1/Subject_1159/S1/S1_Reading/S_1159_S1_TEX.csv,loaded,,
GazeBase,GazeBase_v2_0/Round_1/Subject_1159/S2/S2_Reading/S_1159_S2_TEX.csv,loaded,,
GazeBase,GazeBase_v2_0/Round_1/Subject_1161/S1/S1_Reading/S_1161_S1_TEX.csv,loaded,,
GazeBase,GazeBase_v2_0/Round_1/Subject_1161/S2/S2_Reading/S_1161_S2_TEX.csv,loaded,,
GazeBase,GazeBase_v2_0/Round_1/Subject_1162/S1/S1_Reading/S_1162_S1_TEX.csv,loaded,,
GazeBase,GazeBase_v2_0/Round_1/Subject_1162/S2/S2_Reading/S_1162_S2_TEX.csv,loaded,,
GazeBase,GazeBase_v2_0/Round_1/Subject_1163/S1/S1_Reading/S_1163_S1_TEX.csv,loaded,,
GazeBase,GazeBase_v2_0/Round_1/Subject_1163/S2/S2_Reading/S_1163_S2_TEX.csv,loaded,,
GazeBase,GazeBase_v2_0/Round_1/Subject_1164/S1/S1_Reading/S_1164_S1_TEX.csv,loaded,,
GazeBase,GazeBase_v2_0/Round_1/Subject_1164/S2/S2_Reading/S_1164_S2_TEX.csv,loaded,,
GazeBase,GazeBase_v2_0/Round_1/Subject_1165/S1/S1_Reading/S_1165_S1_TEX.csv,loaded,,
GazeBase,GazeBase_v2_0/Round_1/Subject_1165/S2/S2_Reading/S_1165_S2_TEX.csv,loaded,,
GazeBase,GazeBase_v2_0/Round_1/Subject_1166/S1/S1_Reading/S_1166_S1_TEX.csv,loaded,,
GazeBase,GazeBase_v2_0/Round_1/Subject_1166/S2/S2_Reading/S_1166_S2_TEX.csv,loaded,,
GazeBase,GazeBase_v2_0/Round_1/Subject_1167/S1/S1_Reading/S_1167_S1_TEX.csv,loaded,,
GazeBase,GazeBase_v2_0/Round_1/Subject_1167/S2/S2_Reading/S_1167_S2_TEX.csv,loaded,,
GazeBase,GazeBase_v2_0/Round_1/Subject_1168/S1/S1_Reading/S_1168_S1_TEX.csv,loaded,,
GazeBase,GazeBase_v2_0/Round_1/Subject_1168/S2/S2_Reading/S_1168_S2_TEX.csv,loaded,,
GazeBase,GazeBase_v2_0/Round_1/Subject_1169/S1/S1_Reading/S_1169_S1_TEX.csv,loaded,,
GazeBase,GazeBase_v2_0/Round_1/Subject_1169/S2/S2_Reading/S_1169_S2_TEX.csv,loaded,,
GazeBase,GazeBase_v2_0/Round_1/Subject_1170/S1/S1_Reading/S_1170_S1_TEX.csv,loaded,,
GazeBase,GazeBase_v2_0/Round_1/Subject_1170/S2/S2_Reading/S_1170_S2_TEX.csv,loaded,,
GazeBase,GazeBase_v2_0/Round_1/Subject_1171/S1/S1_Reading/S_1171_S1_TEX.csv,loaded,,
GazeBase,GazeBase_v2_0/Round_1/Subject_1171/S2/S2_Reading/S_1171_S2_TEX.csv,loaded,,
GazeBase,GazeBase_v2_0/Round_1/Subject_1172/S1/S1_Reading/S_1172_S1_TEX.csv,loaded,,
GazeBase,GazeBase_v2_0/Round_1/Subject_1172/S2/S2_Reading/S_1172_S2_TEX.csv,loaded,,
GazeBase,GazeBase_v2_0/Round_1/Subject_1173/S1/S1_Reading/S_1173_S1_TEX.csv,loaded,,
GazeBase,GazeBase_v2_0/Round_1/Subject_1173/S2/S2_Reading/S_1173_S2_TEX.csv,loaded,,
GazeBase,GazeBase_v2_0/Round_1/Subject_1174/S1/S1_Reading/S_1174_S1_TEX.csv,loaded,,
GazeBase,GazeBase_v2_0/Round_1/Subject_1174/S2/S2_Reading/S_1174_S2_TEX.csv,loaded,,
GazeBase,GazeBase_v2_0/Round_1/Subject_1175/S1/S1_Reading/S_1175_S1_TEX.csv,loaded,,
GazeBase,GazeBase_v2_0/Round_1/Subject_1175/S2/S2_Reading/S_1175_S2_TEX.csv,loaded,,
GazeBase,GazeBase_v2_0/Round_1/Subject_1176/S1/S1_Reading/S_1176_S1_TEX.csv,loaded,,
GazeBase,GazeBase_v2_0/Round_1/Subject_1176/S2/S2_Reading/S_1176_S2_TEX.csv,loaded,,
GazeBase,GazeBase_v2_0/Round_1/Subject_1177/S1/S1_Reading/S_1177_S1_TEX.csv,loaded,,
GazeBase,GazeBase_v2_0/Round_1/Subject_1177/S2/S2_Reading/S_1177_S2_TEX.csv,loaded,,
GazeBase,GazeBase_v2_0/Round_1/Subject_1178/S1/S1_Reading/S_1178_S1_TEX.csv,loaded,,
GazeBase,GazeBase_v2_0/Round_1/Subject_1178/S2/S2_Reading/S_1178_S2_TEX.csv,loaded,,
GazeBase,GazeBase_v2_0/Round_1/Subject_1179/S1/S1_Reading/S_1179_S1_TEX.csv,loaded,,
GazeBase,GazeBase_v2_0/Round_1/Subject_1179/S2/S2_Reading/S_1179_S2_TEX.csv,loaded,,
GazeBase,GazeBase_v2_0/Round_1/Subject_1180/S1/S1_Reading/S_1180_S1_TEX.csv,loaded,,
GazeBase,GazeBase_v2_0/Round_1/Subject_1180/S2/S2_Reading/S_1180_S2_TEX.csv,loaded,,
GazeBase,GazeBase_v2_0/Round_1/Subject_1181/S1/S1_Reading/S_1181_S1_TEX.csv,loaded,,
GazeBase,GazeBase_v2_0/Round_1/Subject_1181/S2/S2_Reading/S_1181_S2_TEX.csv,loaded,,
GazeBase,GazeBase_v2_0/Round_1/Subject_1182/S1/S1_Reading/S_1182_S1_TEX.csv,loaded,,
GazeBase,GazeBase_v2_0/Round_1/Subject_1182/S2/S2_Reading/S_1182_S2_TEX.csv,loaded,,
GazeBase,GazeBase_v2_0/Round_1/Subject_1183/S1/S1_Reading/S_1183_S1_TEX.csv,loaded,,
GazeBase,GazeBase_v2_0/Round_1/Subject_1183/S2/S2_Reading/S_1183_S2_TEX.csv,loaded,,
GazeBase,GazeBase_v2_0/Round_1/Subject_1184/S1/S1_Reading/S_1184_S1_TEX.csv,loaded,,
GazeBase,GazeBase_v2_0/Round_1/Subject_1184/S2/S2_Reading/S_1184_S2_TEX.csv,loaded,,
GazeBase,GazeBase_v2_0/Round_1/Subject_1185/S1/S1_Reading/S_1185_S1_TEX.csv,loaded,,
GazeBase,GazeBase_v2_0/Round_1/Subject_1185/S2/S2_Reading/S_1185_S2_TEX.csv,loaded,,
GazeBase,GazeBase_v2_0/Round_1/Subject_1186/S1/S1_Reading/S_1186_S1_TEX.csv,loaded,,
GazeBase,GazeBase_v2_0/Round_1/Subject_1186/S2/S2_Reading/S_1186_S2_TEX.csv,loaded,,
GazeBase,GazeBase_v2_0/Round_1/Subject_1187/S1/S1_Reading/S_1187_S1_TEX.csv,loaded,,
GazeBase,GazeBase_v2_0/Round_1/Subject_1187/S2/S2_Reading/S_1187_S2_TEX.csv,loaded,,
GazeBase,GazeBase_v2_0/Round_1/Subject_1188/S1/S1_Reading/S_1188_S1_TEX.csv,loaded,,
GazeBase,GazeBase_v2_0/Round_1/Subject_1188/S2/S2_Reading/S_1188_S2_TEX.csv,loaded,,
GazeBase,GazeBase_v2_0/Round_1/Subject_1189/S1/S1_Reading/S_1189_S1_TEX.csv,loaded,,
GazeBase,GazeBase_v2_0/Round_1/Subject_1189/S2/S2_Reading/S_1189_S2_TEX.csv,loaded,,
GazeBase,GazeBase_v2_0/Round_1/Subject_1190/S1/S1_Reading/S_1190_S1_TEX.csv,loaded,,
GazeBase,GazeBase_v2_0/Round_1/Subject_1190/S2/S2_Reading/S_1190_S2_TEX.csv,loaded,,
GazeBase,GazeBase_v2_0/Round_1/Subject_1191/S1/S1_Reading/S_1191_S1_TEX.csv,loaded,,
GazeBase,GazeBase_v2_0/Round_1/Subject_1191/S2/S2_Reading/S_1191_S2_TEX.csv,loaded,,
GazeBase,GazeBase_v2_0/Round_1/Subject_1192/S1/S1_Reading/S_1192_S1_TEX.csv,loaded,,
GazeBase,GazeBase_v2_0/Round_1/Subject_1192/S2/S2_Reading/S_1192_S2_TEX.csv,loaded,,
GazeBase,GazeBase_v2_0/Round_1/Subject_1193/S1/S1_Reading/S_1193_S1_TEX.csv,loaded,,
GazeBase,GazeBase_v2_0/Round_1/Subject_1193/S2/S2_Reading/S_1193_S2_TEX.csv,loaded,,
GazeBase,GazeBase_v2_0/Round_1/Subject_1194/S1/S1_Reading/S_1194_S1_TEX.csv,loaded,,
GazeBase,GazeBase_v2_0/Round_1/Subject_1194/S2/S2_Reading/S_1194_S2_TEX.csv,loaded,,
GazeBase,GazeBase_v2_0/Round_1/Subject_1195/S1/S1_Reading/S_1195_S1_TEX.csv,loaded,,
GazeBase,GazeBase_v2_0/Round_1/Subject_1195/S2/S2_Reading/S_1195_S2_TEX.csv,loaded,,
GazeBase,GazeBase_v2_0/Round_1/Subject_1196/S1/S1_Reading/S_1196_S1_TEX.csv,loaded,,
GazeBase,GazeBase_v2_0/Round_1/Subject_1196/S2/S2_Reading/S_1196_S2_TEX.csv,loaded,,
GazeBase,GazeBase_v2_0/Round_1/Subject_1197/S1/S1_Reading/S_1197_S1_TEX.csv,loaded,,
GazeBase,GazeBase_v2_0/Round_1/Subject_1197/S2/S2_Reading/S_1197_S2_TEX.csv,loaded,,
GazeBase,GazeBase_v2_0/Round_1/Subject_1198/S1/S1_Reading/S_1198_S1_TEX.csv,loaded,,
GazeBase,GazeBase_v2_0/Round_1/Subject_1198/S2/S2_Reading/S_1198_S2_TEX.csv,loaded,,
GazeBase,GazeBase_v2_0/Round_1/Subject_1199/S1/S1_Reading/S_1199_S1_TEX.csv,loaded,,
GazeBase,GazeBase_v2_0/Round_1/Subject_1199/S2/S2_Reading/S_1199_S2_TEX.csv,loaded,,
GazeBase,GazeBase_v2_0/Round_1/Subject_1200/S1/S1_Reading/S_1200_S1_TEX.csv,loaded,,
GazeBase,GazeBase_v2_0/Round_1/Subject_1200/S2/S2_Reading/S_1200_S2_TEX.csv,loaded,,
GazeBase,GazeBase_v2_0/Round_1/Subject_1201/S1/S1_Reading/S_1201_S1_TEX.csv,loaded,,
GazeBase,GazeBase_v2_0/Round_1/Subject_1201/S2/S2_Reading/S_1201_S2_TEX.csv,loaded,,
GazeBase,GazeBase_v2_0/Round_1/Subject_1202/S1/S1_Reading/S_1202_S1_TEX.csv,loaded,,
GazeBase,GazeBase_v2_0/Round_1/Subject_1202/S2/S2_Reading/S_1202_S2_TEX.csv,loaded,,
GazeBase,GazeBase_v2_0/Round_1/Subject_1203/S1/S1_Reading/S_1203_S1_TEX.csv,loaded,,
GazeBase,GazeBase_v2_0/Round_1/Subject_1203/S2/S2_Reading/S_1203_S2_TEX.csv,loaded,,
GazeBase,GazeBase_v2_0/Round_1/Subject_1204/S1/S1_Reading/S_1204_S1_TEX.csv,loaded,,
GazeBase,GazeBase_v2_0/Round_1/Subject_1204/S2/S2_Reading/S_1204_S2_TEX.csv,loaded,,
GazeBase,GazeBase_v2_0/Round_1/Subject_1206/S1/S1_Reading/S_1206_S1_TEX.csv,loaded,,
GazeBase,GazeBase_v2_0/Round_1/Subject_1206/S2/S2_Reading/S_1206_S2_TEX.csv,loaded,,
GazeBase,GazeBase_v2_0/Round_1/Subject_1207/S1/S1_Reading/S_1207_S1_TEX.csv,loaded,,
GazeBase,GazeBase_v2_0/Round_1/Subject_1207/S2/S2_Reading/S_1207_S2_TEX.csv,loaded,,
GazeBase,GazeBase_v2_0/Round_1/Subject_1208/S1/S1_Reading/S_1208_S1_TEX.csv,loaded,,
GazeBase,GazeBase_v2_0/Round_1/Subject_1208/S2/S2_Reading/S_1208_S2_TEX.csv,loaded,,
GazeBase,GazeBase_v2_0/Round_1/Subject_1209/S1/S1_Reading/S_1209_S1_TEX.csv,loaded,,
GazeBase,GazeBase_v2_0/Round_1/Subject_1209/S2/S2_Reading/S_1209_S2_TEX.csv,loaded,,
GazeBase,GazeBase_v2_0/Round_1/Subject_1210/S1/S1_Reading/S_1210_S1_TEX.csv,loaded,,
GazeBase,GazeBase_v2_0/Round_1/Subject_1210/S2/S2_Reading/S_1210_S2_TEX.csv,loaded,,
GazeBase,GazeBase_v2_0/Round_1/Subject_1211/S1/S1_Reading/S_1211_S1_TEX.csv,loaded,,
GazeBase,GazeBase_v2_0/Round_1/Subject_1211/S2/S2_Reading/S_1211_S2_TEX.csv,loaded,,
GazeBase,GazeBase_v2_0/Round_1/Subject_1212/S1/S1_Reading/S_1212_S1_TEX.csv,loaded,,
GazeBase,GazeBase_v2_0/Round_1/Subject_1212/S2/S2_Reading/S_1212_S2_TEX.csv,loaded,,
GazeBase,GazeBase_v2_0/Round_1/Subject_1213/S1/S1_Reading/S_1213_S1_TEX.csv,loaded,,
GazeBase,GazeBase_v2_0/Round_1/Subject_1213/S2/S2_Reading/S_1213_S2_TEX.csv,loaded,,
GazeBase,GazeBase_v2_0/Round_1/Subject_1214/S1/S1_Reading/S_1214_S1_TEX.csv,loaded,,
GazeBase,GazeBase_v2_0/Round_1/Subject_1214/S2/S2_Reading/S_1214_S2_TEX.csv,loaded,,
GazeBase,GazeBase_v2_0/Round_1/Subject_1215/S1/S1_Reading/S_1215_S1_TEX.csv,loaded,,
GazeBase,GazeBase_v2_0/Round_1/Subject_1215/S2/S2_Reading/S_1215_S2_TEX.csv,loaded,,
GazeBase,GazeBase_v2_0/Round_1/Subject_1216/S1/S1_Reading/S_1216_S1_TEX.csv,loaded,,
GazeBase,GazeBase_v2_0/Round_1/Subject_1216/S2/S2_Reading/S_1216_S2_TEX.csv,loaded,,
GazeBase,GazeBase_v2_0/Round_1/Subject_1217/S1/S1_Reading/S_1217_S1_TEX.csv,loaded,,
GazeBase,GazeBase_v2_0/Round_1/Subject_1217/S2/S2_Reading/S_1217_S2_TEX.csv,loaded,,
GazeBase,GazeBase_v2_0/Round_1/Subject_1218/S1/S1_Reading/S_1218_S1_TEX.csv,loaded,,
GazeBase,GazeBase_v2_0/Round_1/Subject_1218/S2/S2_Reading/S_1218_S2_TEX.csv,loaded,,
GazeBase,GazeBase_v2_0/Round_1/Subject_1219/S1/S1_Reading/S_1219_S1_TEX.csv,loaded,,
GazeBase,GazeBase_v2_0/Round_1/Subject_1219/S2/S2_Reading/S_1219_S2_TEX.csv,loaded,,
GazeBase,GazeBase_v2_0/Round_1/Subject_1220/S1/S1_Reading/S_1220_S1_TEX.csv,loaded,,
GazeBase,GazeBase_v2_0/Round_1/Subject_1220/S2/S2_Reading/S_1220_S2_TEX.csv,loaded,,
GazeBase,GazeBase_v2_0/Round_1/Subject_1221/S1/S1_Reading/S_1221_S1_TEX.csv,loaded,,
GazeBase,GazeBase_v2_0/Round_1/Subject_1221/S2/S2_Reading/S_1221_S2_TEX.csv,loaded,,
GazeBase,GazeBase_v2_0/Round_1/Subject_1222/S1/S1_Reading/S_1222_S1_TEX.csv,loaded,,
GazeBase,GazeBase_v2_0/Round_1/Subject_1222/S2/S2_Reading/S_1222_S2_TEX.csv,loaded,,
GazeBase,GazeBase_v2_0/Round_1/Subject_1223/S1/S1_Reading/S_1223_S1_TEX.csv,loaded,,
GazeBase,GazeBase_v2_0/Round_1/Subject_1223/S2/S2_Reading/S_1223_S2_TEX.csv,loaded,,
GazeBase,GazeBase_v2_0/Round_1/Subject_1224/S1/S1_Reading/S_1224_S1_TEX.csv,loaded,,
GazeBase,GazeBase_v2_0/Round_1/Subject_1224/S2/S2_Reading/S_1224_S2_TEX.csv,loaded,,
GazeBase,GazeBase_v2_0/Round_1/Subject_1225/S1/S1_Reading/S_1225_S1_TEX.csv,loaded,,
GazeBase,GazeBase_v2_0/Round_1/Subject_1225/S2/S2_Reading/S_1225_S2_TEX.csv,loaded,,
GazeBase,GazeBase_v2_0/Round_1/Subject_1226/S1/S1_Reading/S_1226_S1_TEX.csv,loaded,,
GazeBase,GazeBase_v2_0/Round_1/Subject_1226/S2/S2_Reading/S_1226_S2_TEX.csv,loaded,,
GazeBase,GazeBase_v2_0/Round_1/Subject_1227/S1/S1_Reading/S_1227_S1_TEX.csv,loaded,,
GazeBase,GazeBase_v2_0/Round_1/Subject_1227/S2/S2_Reading/S_1227_S2_TEX.csv,loaded,,
GazeBase,GazeBase_v2_0/Round_1/Subject_1228/S1/S1_Reading/S_1228_S1_TEX.csv,loaded,,
GazeBase,GazeBase_v2_0/Round_1/Subject_1228/S2/S2_Reading/S_1228_S2_TEX.csv,loaded,,
GazeBase,GazeBase_v2_0/Round_1/Subject_1229/S1/S1_Reading/S_1229_S1_TEX.csv,loaded,,
GazeBase,GazeBase_v2_0/Round_1/Subject_1229/S2/S2_Reading/S_1229_S2_TEX.csv,loaded,,
GazeBase,GazeBase_v2_0/Round_1/Subject_1230/S1/S1_Reading/S_1230_S1_TEX.csv,loaded,,
GazeBase,GazeBase_v2_0/Round_1/Subject_1230/S2/S2_Reading/S_1230_S2_TEX.csv,loaded,,
GazeBase,GazeBase_v2_0/Round_1/Subject_1231/S1/S1_Reading/S_1231_S1_TEX.csv,loaded,,
GazeBase,GazeBase_v2_0/Round_1/Subject_1231/S2/S2_Reading/S_1231_S2_TEX.csv,loaded,,
GazeBase,GazeBase_v2_0/Round_1/Subject_1232/S1/S1_Reading/S_1232_S1_TEX.csv,loaded,,
GazeBase,GazeBase_v2_0/Round_1/Subject_1232/S2/S2_Reading/S_1232_S2_TEX.csv,loaded,,
GazeBase,GazeBase_v2_0/Round_1/Subject_1233/S1/S1_Reading/S_1233_S1_TEX.csv,loaded,,
GazeBase,GazeBase_v2_0/Round_1/Subject_1233/S2/S2_Reading/S_1233_S2_TEX.csv,loaded,,
GazeBase,GazeBase_v2_0/Round_1/Subject_1234/S1/S1_Reading/S_1234_S1_TEX.csv,loaded,,
GazeBase,GazeBase_v2_0/Round_1/Subject_1234/S2/S2_Reading/S_1234_S2_TEX.csv,loaded,,
GazeBase,GazeBase_v2_0/Round_1/Subject_1235/S1/S1_Reading/S_1235_S1_TEX.csv,loaded,,
GazeBase,GazeBase_v2_0/Round_1/Subject_1235/S2/S2_Reading/S_1235_S2_TEX.csv,loaded,,
GazeBase,GazeBase_v2_0/Round_1/Subject_1236/S1/S1_Reading/S_1236_S1_TEX.csv,loaded,,
GazeBase,GazeBase_v2_0/Round_1/Subject_1236/S2/S2_Reading/S_1236_S2_TEX.csv,loaded,,
GazeBase,GazeBase_v2_0/Round_1/Subject_1237/S1/S1_Reading/S_1237_S1_TEX.csv,loaded,,
GazeBase,GazeBase_v2_0/Round_1/Subject_1237/S2/S2_Reading/S_1237_S2_TEX.csv,loaded,,
GazeBase,GazeBase_v2_0/Round_1/Subject_1238/S1/S1_Reading/S_1238_S1_TEX.csv,loaded,,
GazeBase,GazeBase_v2_0/Round_1/Subject_1238/S2/S2_Reading/S_1238_S2_TEX.csv,loaded,,
GazeBase,GazeBase_v2_0/Round_1/Subject_1239/S1/S1_Reading/S_1239_S1_TEX.csv,loaded,,
GazeBase,GazeBase_v2_0/Round_1/Subject_1239/S2/S2_Reading/S_1239_S2_TEX.csv,loaded,,
GazeBase,GazeBase_v2_0/Round_1/Subject_1240/S1/S1_Reading/S_1240_S1_TEX.csv,loaded,,
GazeBase,GazeBase_v2_0/Round_1/Subject_1240/S2/S2_Reading/S_1240_S2_TEX.csv,loaded,,
GazeBase,GazeBase_v2_0/Round_1/Subject_1241/S1/S1_Reading/S_1241_S1_TEX.csv,loaded,,
GazeBase,GazeBase_v2_0/Round_1/Subject_1241/S2/S2_Reading/S_1241_S2_TEX.csv,loaded,,
GazeBase,GazeBase_v2_0/Round_1/Subject_1242/S1/S1_Reading/S_1242_S1_TEX.csv,loaded,,
GazeBase,GazeBase_v2_0/Round_1/Subject_1242/S2/S2_Reading/S_1242_S2_TEX.csv,loaded,,
GazeBase,GazeBase_v2_0/Round_1/Subject_1243/S1/S1_Reading/S_1243_S1_TEX.csv,loaded,,
GazeBase,GazeBase_v2_0/Round_1/Subject_1243/S2/S2_Reading/S_1243_S2_TEX.csv,loaded,,
GazeBase,GazeBase_v2_0/Round_1/Subject_1244/S1/S1_Reading/S_1244_S1_TEX.csv,loaded,,
GazeBase,GazeBase_v2_0/Round_1/Subject_1244/S2/S2_Reading/S_1244_S2_TEX.csv,loaded,,
GazeBase,GazeBase_v2_0/Round_1/Subject_1245/S1/S1_Reading/S_1245_S1_TEX.csv,loaded,,
GazeBase,GazeBase_v2_0/Round_1/Subject_1245/S2/S2_Reading/S_1245_S2_TEX.csv,loaded,,
GazeBase,GazeBase_v2_0/Round_1/Subject_1246/S1/S1_Reading/S_1246_S1_TEX.csv,loaded,,
GazeBase,GazeBase_v2_0/Round_1/Subject_1246/S2/S2_Reading/S_1246_S2_TEX.csv,loaded,,
GazeBase,GazeBase_v2_0/Round_1/Subject_1247/S1/S1_Reading/S_1247_S1_TEX.csv,loaded,,
GazeBase,GazeBase_v2_0/Round_1/Subject_1247/S2/S2_Reading/S_1247_S2_TEX.csv,loaded,,
GazeBase,GazeBase_v2_0/Round_1/Subject_1248/S1/S1_Reading/S_1248_S1_TEX.csv,loaded,,
GazeBase,GazeBase_v2_0/Round_1/Subject_1248/S2/S2_Reading/S_1248_S2_TEX.csv,loaded,,
GazeBase,GazeBase_v2_0/Round_1/Subject_1249/S1/S1_Reading/S_1249_S1_TEX.csv,loaded,,
GazeBase,GazeBase_v2_0/Round_1/Subject_1249/S2/S2_Reading/S_1249_S2_TEX.csv,loaded,,
GazeBase,GazeBase_v2_0/Round_1/Subject_1250/S1/S1_Reading/S_1250_S1_TEX.csv,loaded,,
GazeBase,GazeBase_v2_0/Round_1/Subject_1250/S2/S2_Reading/S_1250_S2_TEX.csv,loaded,,
GazeBase,GazeBase_v2_0/Round_1/Subject_1251/S1/S1_Reading/S_1251_S1_TEX.csv,loaded,,
GazeBase,GazeBase_v2_0/Round_1/Subject_1251/S2/S2_Reading/S_1251_S2_TEX.csv,loaded,,
GazeBase,GazeBase_v2_0/Round_1/Subject_1252/S1/S1_Reading/S_1252_S1_TEX.csv,loaded,,
GazeBase,GazeBase_v2_0/Round_1/Subject_1252/S2/S2_Reading/S_1252_S2_TEX.csv,loaded,,
GazeBase,GazeBase_v2_0/Round_1/Subject_1253/S1/S1_Reading/S_1253_S1_TEX.csv,loaded,,
GazeBase,GazeBase_v2_0/Round_1/Subject_1253/S2/S2_Reading/S_1253_S2_TEX.csv,loaded,,
GazeBase,GazeBase_v2_0/Round_1/Subject_1254/S1/S1_Reading/S_1254_S1_TEX.csv,loaded,,
GazeBase,GazeBase_v2_0/Round_1/Subject_1254/S2/S2_Reading/S_1254_S2_TEX.csv,loaded,,
GazeBase,GazeBase_v2_0/Round_1/Subject_1255/S1/S1_Reading/S_1255_S1_TEX.csv,loaded,,
GazeBase,GazeBase_v2_0/Round_1/Subject_1255/S2/S2_Reading/S_1255_S2_TEX.csv,loaded,,
GazeBase,GazeBase_v2_0/Round_1/Subject_1256/S1/S1_Reading/S_1256_S1_TEX.csv,loaded,,
GazeBase,GazeBase_v2_0/Round_1/Subject_1256/S2/S2_Reading/S_1256_S2_TEX.csv,loaded,,
GazeBase,GazeBase_v2_0/Round_1/Subject_1257/S1/S1_Reading/S_1257_S1_TEX.csv,loaded,,
GazeBase,GazeBase_v2_0/Round_1/Subject_1257/S2/S2_Reading/S_1257_S2_TEX.csv,loaded,,
GazeBase,GazeBase_v2_0/Round_1/Subject_1258/S1/S1_Reading/S_1258_S1_TEX.csv,loaded,,
GazeBase,GazeBase_v2_0/Round_1/Subject_1258/S2/S2_Reading/S_1258_S2_TEX.csv,loaded,,
GazeBase,GazeBase_v2_0/Round_1/Subject_1259/S1/S1_Reading/S_1259_S1_TEX.csv,loaded,,
GazeBase,GazeBase_v2_0/Round_1/Subject_1259/S2/S2_Reading/S_1259_S2_TEX.csv,loaded,,
GazeBase,GazeBase_v2_0/Round_1/Subject_1260/S1/S1_Reading/S_1260_S1_TEX.csv,loaded,,
GazeBase,GazeBase_v2_0/Round_1/Subject_1260/S2/S2_Reading/S_1260_S2_TEX.csv,loaded,,
GazeBase,GazeBase_v2_0/Round_1/Subject_1261/S1/S1_Reading/S_1261_S1_TEX.csv,loaded,,
GazeBase,GazeBase_v2_0/Round_1/Subject_1261/S2/S2_Reading/S_1261_S2_TEX.csv,loaded,,
GazeBase,GazeBase_v2_0/Round_1/Subject_1262/S1/S1_Reading/S_1262_S1_TEX.csv,loaded,,
GazeBase,GazeBase_v2_0/Round_1/Subject_1262/S2/S2_Reading/S_1262_S2_TEX.csv,loaded,,
GazeBase,GazeBase_v2_0/Round_1/Subject_1263/S1/S1_Reading/S_1263_S1_TEX.csv,loaded,,
GazeBase,GazeBase_v2_0/Round_1/Subject_1263/S2/S2_Reading/S_1263_S2_TEX.csv,loaded,,
GazeBase,GazeBase_v2_0/Round_1/Subject_1264/S1/S1_Reading/S_1264_S1_TEX.csv,loaded,,
GazeBase,GazeBase_v2_0/Round_1/Subject_1264/S2/S2_Reading/S_1264_S2_TEX.csv,loaded,,
GazeBase,GazeBase_v2_0/Round_1/Subject_1265/S1/S1_Reading/S_1265_S1_TEX.csv,loaded,,
GazeBase,GazeBase_v2_0/Round_1/Subject_1265/S2/S2_Reading/S_1265_S2_TEX.csv,loaded,,
GazeBase,GazeBase_v2_0/Round_1/Subject_1266/S1/S1_Reading/S_1266_S1_TEX.csv,loaded,,
GazeBase,GazeBase_v2_0/Round_1/Subject_1266/S2/S2_Reading/S_1266_S2_TEX.csv,loaded,,
GazeBase,GazeBase_v2_0/Round_1/Subject_1267/S1/S1_Reading/S_1267_S1_TEX.csv,loaded,,
GazeBase,GazeBase_v2_0/Round_1/Subject_1267/S2/S2_Reading/S_1267_S2_TEX.csv,loaded,,
GazeBase,GazeBase_v2_0/Round_1/Subject_1268/S1/S1_Reading/S_1268_S1_TEX.csv,loaded,,
GazeBase,GazeBase_v2_0/Round_1/Subject_1268/S2/S2_Reading/S_1268_S2_TEX.csv,loaded,,
GazeBase,GazeBase_v2_0/Round_1/Subject_1269/S1/S1_Reading/S_1269_S1_TEX.csv,loaded,,
GazeBase,GazeBase_v2_0/Round_1/Subject_1269/S2/S2_Reading/S_1269_S2_TEX.csv,loaded,,
GazeBase,GazeBase_v2_0/Round_1/Subject_1270/S1/S1_Reading/S_1270_S1_TEX.csv,loaded,,
GazeBase,GazeBase_v2_0/Round_1/Subject_1270/S2/S2_Reading/S_1270_S2_TEX.csv,loaded,,
GazeBase,GazeBase_v2_0/Round_1/Subject_1271/S1/S1_Reading/S_1271_S1_TEX.csv,loaded,,
GazeBase,GazeBase_v2_0/Round_1/Subject_1271/S2/S2_Reading/S_1271_S2_TEX.csv,loaded,,
GazeBase,GazeBase_v2_0/Round_1/Subject_1272/S1/S1_Reading/S_1272_S1_TEX.csv,loaded,,
GazeBase,GazeBase_v2_0/Round_1/Subject_1272/S2/S2_Reading/S_1272_S2_TEX.csv,loaded,,
GazeBase,GazeBase_v2_0/Round_1/Subject_1273/S1/S1_Reading/S_1273_S1_TEX.csv,loaded,,
GazeBase,GazeBase_v2_0/Round_1/Subject_1273/S2/S2_Reading/S_1273_S2_TEX.csv,loaded,,
GazeBase,GazeBase_v2_0/Round_1/Subject_1274/S1/S1_Reading/S_1274_S1_TEX.csv,loaded,,
GazeBase,GazeBase_v2_0/Round_1/Subject_1274/S2/S2_Reading/S_1274_S2_TEX.csv,loaded,,
GazeBase,GazeBase_v2_0/Round_1/Subject_1275/S1/S1_Reading/S_1275_S1_TEX.csv,loaded,,
GazeBase,GazeBase_v2_0/Round_1/Subject_1275/S2/S2_Reading/S_1275_S2_TEX.csv,loaded,,
GazeBase,GazeBase_v2_0/Round_1/Subject_1276/S1/S1_Reading/S_1276_S1_TEX.csv,loaded,,
GazeBase,GazeBase_v2_0/Round_1/Subject_1276/S2/S2_Reading/S_1276_S2_TEX.csv,loaded,,
GazeBase,GazeBase_v2_0/Round_1/Subject_1277/S1/S1_Reading/S_1277_S1_TEX.csv,loaded,,
GazeBase,GazeBase_v2_0/Round_1/Subject_1277/S2/S2_Reading/S_1277_S2_TEX.csv,loaded,,
GazeBase,GazeBase_v2_0/Round_1/Subject_1278/S1/S1_Reading/S_1278_S1_TEX.csv,loaded,,
GazeBase,GazeBase_v2_0/Round_1/Subject_1278/S2/S2_Reading/S_1278_S2_TEX.csv,loaded,,
GazeBase,GazeBase_v2_0/Round_1/Subject_1279/S1/S1_Reading/S_1279_S1_TEX.csv,loaded,,
GazeBase,GazeBase_v2_0/Round_1/Subject_1279/S2/S2_Reading/S_1279_S2_TEX.csv,loaded,,
GazeBase,GazeBase_v2_0/Round_1/Subject_1280/S1/S1_Reading/S_1280_S1_TEX.csv,loaded,,
GazeBase,GazeBase_v2_0/Round_1/Subject_1280/S2/S2_Reading/S_1280_S2_TEX.csv,loaded,,
GazeBase,GazeBase_v2_0/Round_1/Subject_1281/S1/S1_Reading/S_1281_S1_TEX.csv,loaded,,
GazeBase,GazeBase_v2_0/Round_1/Subject_1281/S2/S2_Reading/S_1281_S2_TEX.csv,loaded,,
GazeBase,GazeBase_v2_0/Round_1/Subject_1282/S1/S1_Reading/S_1282_S1_TEX.csv,loaded,,
GazeBase,GazeBase_v2_0/Round_1/Subject_1282/S2/S2_Reading/S_1282_S2_TEX.csv,loaded,,
GazeBase,GazeBase_v2_0/Round_1/Subject_1283/S1/S1_Reading/S_1283_S1_TEX.csv,loaded,,
GazeBase,GazeBase_v2_0/Round_1/Subject_1283/S2/S2_Reading/S_1283_S2_TEX.csv,loaded,,
GazeBase,GazeBase_v2_0/Round_1/Subject_1284/S1/S1_Reading/S_1284_S1_TEX.csv,loaded,,
GazeBase,GazeBase_v2_0/Round_1/Subject_1284/S2/S2_Reading/S_1284_S2_TEX.csv,loaded,,
GazeBase,GazeBase_v2_0/Round_1/Subject_1285/S1/S1_Reading/S_1285_S1_TEX.csv,loaded,,
GazeBase,GazeBase_v2_0/Round_1/Subject_1285/S2/S2_Reading/S_1285_S2_TEX.csv,loaded,,
GazeBase,GazeBase_v2_0/Round_1/Subject_1286/S1/S1_Reading/S_1286_S1_TEX.csv,loaded,,
GazeBase,GazeBase_v2_0/Round_1/Subject_1286/S2/S2_Reading/S_1286_S2_TEX.csv,loaded,,
GazeBase,GazeBase_v2_0/Round_1/Subject_1287/S1/S1_Reading/S_1287_S1_TEX.csv,loaded,,
GazeBase,GazeBase_v2_0/Round_1/Subject_1287/S2/S2_Reading/S_1287_S2_TEX.csv,loaded,,
GazeBase,GazeBase_v2_0/Round_1/Subject_1288/S1/S1_Reading/S_1288_S1_TEX.csv,loaded,,
GazeBase,GazeBase_v2_0/Round_1/Subject_1288/S2/S2_Reading/S_1288_S2_TEX.csv,loaded,,
GazeBase,GazeBase_v2_0/Round_1/Subject_1289/S1/S1_Reading/S_1289_S1_TEX.csv,loaded,,
GazeBase,GazeBase_v2_0/Round_1/Subject_1289/S2/S2_Reading/S_1289_S2_TEX.csv,loaded,,
GazeBase,GazeBase_v2_0/Round_1/Subject_1290/S1/S1_Reading/S_1290_S1_TEX.csv,loaded,,
GazeBase,GazeBase_v2_0/Round_1/Subject_1290/S2/S2_Reading/S_1290_S2_TEX.csv,loaded,,
GazeBase,GazeBase_v2_0/Round_1/Subject_1291/S1/S1_Reading/S_1291_S1_TEX.csv,loaded,,
GazeBase,GazeBase_v2_0/Round_1/Subject_1291/S2/S2_Reading/S_1291_S2_TEX.csv,loaded,,
GazeBase,GazeBase_v2_0/Round_1/Subject_1292/S1/S1_Reading/S_1292_S1_TEX.csv,loaded,,
GazeBase,GazeBase_v2_0/Round_1/Subject_1292/S2/S2_Reading/S_1292_S2_TEX.csv,loaded,,
GazeBase,GazeBase_v2_0/Round_1/Subject_1293/S1/S1_Reading/S_1293_S1_TEX.csv,loaded,,
GazeBase,GazeBase_v2_0/Round_1/Subject_1293/S2/S2_Reading/S_1293_S2_TEX.csv,loaded,,
GazeBase,GazeBase_v2_0/Round_1/Subject_1294/S1/S1_Reading/S_1294_S1_TEX.csv,loaded,,
GazeBase,GazeBase_v2_0/Round_1/Subject_1294/S2/S2_Reading/S_1294_S2_TEX.csv,loaded,,
GazeBase,GazeBase_v2_0/Round_1/Subject_1295/S1/S1_Reading/S_1295_S1_TEX.csv,loaded,,
GazeBase,GazeBase_v2_0/Round_1/Subject_1295/S2/S2_Reading/S_1295_S2_TEX.csv,loaded,,
GazeBase,GazeBase_v2_0/Round_1/Subject_1296/S1/S1_Reading/S_1296_S1_TEX.csv,loaded,,
GazeBase,GazeBase_v2_0/Round_1/Subject_1296/S2/S2_Reading/S_1296_S2_TEX.csv,loaded,,
GazeBase,GazeBase_v2_0/Round_1/Subject_1297/S1/S1_Reading/S_1297_S1_TEX.csv,loaded,,
GazeBase,GazeBase_v2_0/Round_1/Subject_1297/S2/S2_Reading/S_1297_S2_TEX.csv,loaded,,
GazeBase,GazeBase_v2_0/Round_1/Subject_1298/S1/S1_Reading/S_1298_S1_TEX.csv,loaded,,
GazeBase,GazeBase_v2_0/Round_1/Subject_1298/S2/S2_Reading/S_1298_S2_TEX.csv,loaded,,
GazeBase,GazeBase_v2_0/Round_1/Subject_1299/S1/S1_Reading/S_1299_S1_TEX.csv,loaded,,
GazeBase,GazeBase_v2_0/Round_1/Subject_1299/S2/S2_Reading/S_1299_S2_TEX.csv,loaded,,
GazeBase,GazeBase_v2_0/Round_1/Subject_1300/S1/S1_Reading/S_1300_S1_TEX.csv,loaded,,
GazeBase,GazeBase_v2_0/Round_1/Subject_1300/S2/S2_Reading/S_1300_S2_TEX.csv,loaded,,
GazeBase,GazeBase_v2_0/Round_1/Subject_1301/S1/S1_Reading/S_1301_S1_TEX.csv,loaded,,
GazeBase,GazeBase_v2_0/Round_1/Subject_1301/S2/S2_Reading/S_1301_S2_TEX.csv,loaded,,
GazeBase,GazeBase_v2_0/Round_1/Subject_1302/S1/S1_Reading/S_1302_S1_TEX.csv,loaded,,
GazeBase,GazeBase_v2_0/Round_1/Subject_1302/S2/S2_Reading/S_1302_S2_TEX.csv,loaded,,
GazeBase,GazeBase_v2_0/Round_1/Subject_1303/S1/S1_Reading/S_1303_S1_TEX.csv,loaded,,
GazeBase,GazeBase_v2_0/Round_1/Subject_1303/S2/S2_Reading/S_1303_S2_TEX.csv,loaded,,
GazeBase,GazeBase_v2_0/Round_1/Subject_1304/S1/S1_Reading/S_1304_S1_TEX.csv,loaded,,
GazeBase,GazeBase_v2_0/Round_1/Subject_1304/S2/S2_Reading/S_1304_S2_TEX.csv,loaded,,
GazeBase,GazeBase_v2_0/Round_1/Subject_1305/S1/S1_Reading/S_1305_S1_TEX.csv,loaded,,
GazeBase,GazeBase_v2_0/Round_1/Subject_1305/S2/S2_Reading/S_1305_S2_TEX.csv,loaded,,
GazeBase,GazeBase_v2_0/Round_1/Subject_1306/S1/S1_Reading/S_1306_S1_TEX.csv,loaded,,
GazeBase,GazeBase_v2_0/Round_1/Subject_1306/S2/S2_Reading/S_1306_S2_TEX.csv,loaded,,
GazeBase,GazeBase_v2_0/Round_1/Subject_1307/S1/S1_Reading/S_1307_S1_TEX.csv,loaded,,
GazeBase,GazeBase_v2_0/Round_1/Subject_1307/S2/S2_Reading/S_1307_S2_TEX.csv,loaded,,
GazeBase,GazeBase_v2_0/Round_1/Subject_1308/S1/S1_Reading/S_1308_S1_TEX.csv,loaded,,
GazeBase,GazeBase_v2_0/Round_1/Subject_1308/S2/S2_Reading/S_1308_S2_TEX.csv,loaded,,
GazeBase,GazeBase_v2_0/Round_1/Subject_1309/S1/S1_Reading/S_1309_S1_TEX.csv,loaded,,
GazeBase,GazeBase_v2_0/Round_1/Subject_1309/S2/S2_Reading/S_1309_S2_TEX.csv,loaded,,
GazeBase,GazeBase_v2_0/Round_1/Subject_1310/S1/S1_Reading/S_1310_S1_TEX.csv,loaded,,
GazeBase,GazeBase_v2_0/Round_1/Subject_1310/S2/S2_Reading/S_1310_S2_TEX.csv,loaded,,
GazeBase,GazeBase_v2_0/Round_1/Subject_1311/S1/S1_Reading/S_1311_S1_TEX.csv,loaded,,
GazeBase,GazeBase_v2_0/Round_1/Subject_1311/S2/S2_Reading/S_1311_S2_TEX.csv,loaded,,
GazeBase,GazeBase_v2_0/Round_1/Subject_1312/S1/S1_Reading/S_1312_S1_TEX.csv,loaded,,
GazeBase,GazeBase_v2_0/Round_1/Subject_1312/S2/S2_Reading/S_1312_S2_TEX.csv,loaded,,
GazeBase,GazeBase_v2_0/Round_1/Subject_1313/S1/S1_Reading/S_1313_S1_TEX.csv,loaded,,
GazeBase,GazeBase_v2_0/Round_1/Subject_1313/S2/S2_Reading/S_1313_S2_TEX.csv,loaded,,
GazeBase,GazeBase_v2_0/Round_1/Subject_1314/S1/S1_Reading/S_1314_S1_TEX.csv,loaded,,
GazeBase,GazeBase_v2_0/Round_1/Subject_1314/S2/S2_Reading/S_1314_S2_TEX.csv,loaded,,
GazeBase,GazeBase_v2_0/Round_1/Subject_1315/S1/S1_Reading/S_1315_S1_TEX.csv,loaded,,
GazeBase,GazeBase_v2_0/Round_1/Subject_1315/S2/S2_Reading/S_1315_S2_TEX.csv,loaded,,
GazeBase,GazeBase_v2_0/Round_1/Subject_1316/S1/S1_Reading/S_1316_S1_TEX.csv,loaded,,
GazeBase,GazeBase_v2_0/Round_1/Subject_1316/S2/S2_Reading/S_1316_S2_TEX.csv,loaded,,
GazeBase,GazeBase_v2_0/Round_1/Subject_1317/S1/S1_Reading/S_1317_S1_TEX.csv,loaded,,
GazeBase,GazeBase_v2_0/Round_1/Subject_1317/S2/S2_Reading/S_1317_S2_TEX.csv,loaded,,
GazeBase,GazeBase_v2_0/Round_1/Subject_1318/S1/S1_Reading/S_1318_S1_TEX.csv,loaded,,
GazeBase,GazeBase_v2_0/Round_1/Subject_1318/S2/S2_Reading/S_1318_S2_TEX.csv,loaded,,
GazeBase,GazeBase_v2_0/Round_1/Subject_1319/S1/S1_Reading/S_1319_S1_TEX.csv,loaded,,
GazeBase,GazeBase_v2_0/Round_1/Subject_1319/S2/S2_Reading/S_1319_S2_TEX.csv,loaded,,
GazeBase,GazeBase_v2_0/Round_1/Subject_1320/S1/S1_Reading/S_1320_S1_TEX.csv,loaded,,
GazeBase,GazeBase_v2_0/Round_1/Subject_1320/S2/S2_Reading/S_1320_S2_TEX.csv,loaded,,
GazeBase,GazeBase_v2_0/Round_1/Subject_1321/S1/S1_Reading/S_1321_S1_TEX.csv,loaded,,
GazeBase,GazeBase_v2_0/Round_1/Subject_1321/S2/S2_Reading/S_1321_S2_TEX.csv,loaded,,
GazeBase,GazeBase_v2_0/Round_1/Subject_1322/S1/S1_Reading/S_1322_S1_TEX.csv,loaded,,
GazeBase,GazeBase_v2_0/Round_1/Subject_1322/S2/S2_Reading/S_1322_S2_TEX.csv,loaded,,
GazeBase,GazeBase_v2_0/Round_1/Subject_1323/S1/S1_Reading/S_1323_S1_TEX.csv,loaded,,
GazeBase,GazeBase_v2_0/Round_1/Subject_1323/S2/S2_Reading/S_1323_S2_TEX.csv,loaded,,
GazeBase,GazeBase_v2_0/Round_1/Subject_1325/S1/S1_Reading/S_1325_S1_TEX.csv,loaded,,
GazeBase,GazeBase_v2_0/Round_1/Subject_1325/S2/S2_Reading/S_1325_S2_TEX.csv,loaded,,
GazeBase,GazeBase_v2_0/Round_1/Subject_1326/S1/S1_Reading/S_1326_S1_TEX.csv,loaded,,
GazeBase,GazeBase_v2_0/Round_1/Subject_1326/S2/S2_Reading/S_1326_S2_TEX.csv,loaded,,
GazeBase,GazeBase_v2_0/Round_1/Subject_1327/S1/S1_Reading/S_1327_S1_TEX.csv,loaded,,
GazeBase,GazeBase_v2_0/Round_1/Subject_1327/S2/S2_Reading/S_1327_S2_TEX.csv,loaded,,
GazeBase,GazeBase_v2_0/Round_1/Subject_1328/S1/S1_Reading/S_1328_S1_TEX.csv,loaded,,
GazeBase,GazeBase_v2_0/Round_1/Subject_1328/S2/S2_Reading/S_1328_S2_TEX.csv,loaded,,
GazeBase,GazeBase_v2_0/Round_1/Subject_1329/S1/S1_Reading/S_1329_S1_TEX.csv,loaded,,
GazeBase,GazeBase_v2_0/Round_1/Subject_1329/S2/S2_Reading/S_1329_S2_TEX.csv,loaded,,
GazeBase,GazeBase_v2_0/Round_1/Subject_1330/S1/S1_Reading/S_1330_S1_TEX.csv,loaded,,
GazeBase,GazeBase_v2_0/Round_1/Subject_1330/S2/S2_Reading/S_1330_S2_TEX.csv,loaded,,
GazeBase,GazeBase_v2_0/Round_1/Subject_1331/S1/S1_Reading/S_1331_S1_TEX.csv,loaded,,
GazeBase,GazeBase_v2_0/Round_1/Subject_1331/S2/S2_Reading/S_1331_S2_TEX.csv,loaded,,
GazeBase,GazeBase_v2_0/Round_1/Subject_1332/S1/S1_Reading/S_1332_S1_TEX.csv,loaded,,
GazeBase,GazeBase_v2_0/Round_1/Subject_1332/S2/S2_Reading/S_1332_S2_TEX.csv,loaded,,
GazeBase,GazeBase_v2_0/Round_1/Subject_1333/S1/S1_Reading/S_1333_S1_TEX.csv,loaded,,
GazeBase,GazeBase_v2_0/Round_1/Subject_1333/S2/S2_Reading/S_1333_S2_TEX.csv,loaded,,
GazeBase,GazeBase_v2_0/Round_1/Subject_1334/S1/S1_Reading/S_1334_S1_TEX.csv,loaded,,
GazeBase,GazeBase_v2_0/Round_1/Subject_1334/S2/S2_Reading/S_1334_S2_TEX.csv,loaded,,
GazeBase,GazeBase_v2_0/Round_1/Subject_1335/S1/S1_Reading/S_1335_S1_TEX.csv,loaded,,
GazeBase,GazeBase_v2_0/Round_1/Subject_1335/S2/S2_Reading/S_1335_S2_TEX.csv,loaded,,
GazeBaseVR,gazebasevr/data/S_1002_S1_4_TEX.csv,loaded,,
GazeBaseVR,gazebasevr/data/S_1002_S2_4_TEX.csv,loaded,,
GazeBaseVR,gazebasevr/data/S_1003_S1_4_TEX.csv,loaded,,
GazeBaseVR,gazebasevr/data/S_1003_S2_4_TEX.csv,loaded,,
GazeBaseVR,gazebasevr/data/S_1004_S1_4_TEX.csv,loaded,,
GazeBaseVR,gazebasevr/data/S_1004_S2_4_TEX.csv,loaded,,
GazeBaseVR,gazebasevr/data/S_1005_S1_4_TEX.csv,loaded,,
GazeBaseVR,gazebasevr/data/S_1005_S2_4_TEX.csv,loaded,,
GazeBaseVR,gazebasevr/data/S_1006_S1_4_TEX.csv,loaded,,
GazeBaseVR,gazebasevr/data/S_1006_S2_4_TEX.csv,loaded,,
GazeBaseVR,gazebasevr/data/S_1007_S1_4_TEX.csv,loaded,,
GazeBaseVR,gazebasevr/data/S_1007_S2_4_TEX.csv,loaded,,
GazeBaseVR,gazebasevr/data/S_1008_S1_4_TEX.csv,loaded,,
GazeBaseVR,gazebasevr/data/S_1008_S2_4_TEX.csv,loaded,,
GazeBaseVR,gazebasevr/data/S_1009_S1_4_TEX.csv,loaded,,
GazeBaseVR,gazebasevr/data/S_1009_S2_4_TEX.csv,loaded,,
GazeBaseVR,gazebasevr/data/S_1010_S1_4_TEX.csv,loaded,,
GazeBaseVR,gazebasevr/data/S_1010_S2_4_TEX.csv,loaded,,
GazeBaseVR,gazebasevr/data/S_1011_S1_4_TEX.csv,loaded,,
GazeBaseVR,gazebasevr/data/S_1011_S2_4_TEX.csv,loaded,,
GazeBaseVR,gazebasevr/data/S_1012_S1_4_TEX.csv,loaded,,
GazeBaseVR,gazebasevr/data/S_1012_S2_4_TEX.csv,loaded,,
GazeBaseVR,gazebasevr/data/S_1013_S1_4_TEX.csv,loaded,,
GazeBaseVR,gazebasevr/data/S_1013_S2_4_TEX.csv,loaded,,
GazeBaseVR,gazebasevr/data/S_1014_S1_4_TEX.csv,loaded,,
GazeBaseVR,gazebasevr/data/S_1014_S2_4_TEX.csv,loaded,,
GazeBaseVR,gazebasevr/data/S_1015_S1_4_TEX.csv,loaded,,
GazeBaseVR,gazebasevr/data/S_1015_S2_4_TEX.csv,loaded,,
GazeBaseVR,gazebasevr/data/S_1016_S1_4_TEX.csv,loaded,,
GazeBaseVR,gazebasevr/data/S_1016_S2_4_TEX.csv,loaded,,
GazeBaseVR,gazebasevr/data/S_1017_S1_4_TEX.csv,loaded,,
GazeBaseVR,gazebasevr/data/S_1017_S2_4_TEX.csv,loaded,,
GazeBaseVR,gazebasevr/data/S_1018_S1_4_TEX.csv,loaded,,
GazeBaseVR,gazebasevr/data/S_1018_S2_4_TEX.csv,loaded,,
GazeBaseVR,gazebasevr/data/S_1019_S1_4_TEX.csv,loaded,,
GazeBaseVR,gazebasevr/data/S_1019_S2_4_TEX.csv,loaded,,
GazeBaseVR,gazebasevr/data/S_1020_S1_4_TEX.csv,loaded,,
GazeBaseVR,gazebasevr/data/S_1020_S2_4_TEX.csv,loaded,,
GazeBaseVR,gazebasevr/data/S_1021_S1_4_TEX.csv,loaded,,
GazeBaseVR,gazebasevr/data/S_1021_S2_4_TEX.csv,loaded,,
GazeBaseVR,gazebasevr/data/S_1022_S1_4_TEX.csv,loaded,,
GazeBaseVR,gazebasevr/data/S_1022_S2_4_TEX.csv,loaded,,
GazeBaseVR,gazebasevr/data/S_1023_S1_4_TEX.csv,loaded,,
GazeBaseVR,gazebasevr/data/S_1023_S2_4_TEX.csv,loaded,,
GazeBaseVR,gazebasevr/data/S_1024_S1_4_TEX.csv,loaded,,
GazeBaseVR,gazebasevr/data/S_1024_S2_4_TEX.csv,loaded,,
GazeBaseVR,gazebasevr/data/S_1025_S1_4_TEX.csv,loaded,,
GazeBaseVR,gazebasevr/data/S_1025_S2_4_TEX.csv,loaded,,
GazeBaseVR,gazebasevr/data/S_1026_S1_4_TEX.csv,loaded,,
GazeBaseVR,gazebasevr/data/S_1026_S2_4_TEX.csv,loaded,,
GazeBaseVR,gazebasevr/data/S_1027_S1_4_TEX.csv,loaded,,
GazeBaseVR,gazebasevr/data/S_1027_S2_4_TEX.csv,loaded,,
GazeBaseVR,gazebasevr/data/S_1028_S1_4_TEX.csv,loaded,,
GazeBaseVR,gazebasevr/data/S_1028_S2_4_TEX.csv,loaded,,
GazeBaseVR,gazebasevr/data/S_1029_S1_4_TEX.csv,loaded,,
GazeBaseVR,gazebasevr/data/S_1029_S2_4_TEX.csv,loaded,,
GazeBaseVR,gazebasevr/data/S_1030_S1_4_TEX.csv,loaded,,
GazeBaseVR,gazebasevr/data/S_1030_S2_4_TEX.csv,loaded,,
GazeBaseVR,gazebasevr/data/S_1031_S1_4_TEX.csv,loaded,,
GazeBaseVR,gazebasevr/data/S_1031_S2_4_TEX.csv,loaded,,
GazeBaseVR,gazebasevr/data/S_1032_S1_4_TEX.csv,loaded,,
GazeBaseVR,gazebasevr/data/S_1032_S2_4_TEX.csv,loaded,,
GazeBaseVR,gazebasevr/data/S_1033_S1_4_TEX.csv,loaded,,
GazeBaseVR,gazebasevr/data/S_1033_S2_4_TEX.csv,loaded,,
GazeBaseVR,gazebasevr/data/S_1035_S1_4_TEX.csv,loaded,,
GazeBaseVR,gazebasevr/data/S_1035_S2_4_TEX.csv,loaded,,
GazeBaseVR,gazebasevr/data/S_1036_S1_4_TEX.csv,loaded,,
GazeBaseVR,gazebasevr/data/S_1036_S2_4_TEX.csv,loaded,,
GazeBaseVR,gazebasevr/data/S_1037_S1_4_TEX.csv,loaded,,
GazeBaseVR,gazebasevr/data/S_1037_S2_4_TEX.csv,loaded,,
GazeBaseVR,gazebasevr/data/S_1038_S1_4_TEX.csv,loaded,,
GazeBaseVR,gazebasevr/data/S_1038_S2_4_TEX.csv,loaded,,
GazeBaseVR,gazebasevr/data/S_1039_S1_4_TEX.csv,loaded,,
GazeBaseVR,gazebasevr/data/S_1039_S2_4_TEX.csv,loaded,,
GazeBaseVR,gazebasevr/data/S_1040_S1_4_TEX.csv,loaded,,
GazeBaseVR,gazebasevr/data/S_1040_S2_4_TEX.csv,loaded,,
GazeBaseVR,gazebasevr/data/S_1041_S1_4_TEX.csv,loaded,,
GazeBaseVR,gazebasevr/data/S_1041_S2_4_TEX.csv,loaded,,
GazeBaseVR,gazebasevr/data/S_1042_S1_4_TEX.csv,loaded,,
GazeBaseVR,gazebasevr/data/S_1042_S2_4_TEX.csv,loaded,,
GazeBaseVR,gazebasevr/data/S_1043_S1_4_TEX.csv,loaded,,
GazeBaseVR,gazebasevr/data/S_1043_S2_4_TEX.csv,loaded,,
GazeBaseVR,gazebasevr/data/S_1044_S1_4_TEX.csv,loaded,,
GazeBaseVR,gazebasevr/data/S_1044_S2_4_TEX.csv,loaded,,
GazeBaseVR,gazebasevr/data/S_1045_S1_4_TEX.csv,loaded,,
GazeBaseVR,gazebasevr/data/S_1045_S2_4_TEX.csv,loaded,,
GazeBaseVR,gazebasevr/data/S_1047_S1_4_TEX.csv,loaded,,
GazeBaseVR,gazebasevr/data/S_1047_S2_4_TEX.csv,loaded,,
GazeBaseVR,gazebasevr/data/S_1048_S1_4_TEX.csv,loaded,,
GazeBaseVR,gazebasevr/data/S_1048_S2_4_TEX.csv,loaded,,
GazeBaseVR,gazebasevr/data/S_1049_S1_4_TEX.csv,loaded,,
GazeBaseVR,gazebasevr/data/S_1049_S2_4_TEX.csv,loaded,,
GazeBaseVR,gazebasevr/data/S_1051_S1_4_TEX.csv,loaded,,
GazeBaseVR,gazebasevr/data/S_1051_S2_4_TEX.csv,loaded,,
GazeBaseVR,gazebasevr/data/S_1052_S1_4_TEX.csv,loaded,,
GazeBaseVR,gazebasevr/data/S_1052_S2_4_TEX.csv,loaded,,
GazeBaseVR,gazebasevr/data/S_1053_S1_4_TEX.csv,loaded,,
GazeBaseVR,gazebasevr/data/S_1053_S2_4_TEX.csv,loaded,,
GazeBaseVR,gazebasevr/data/S_1055_S1_4_TEX.csv,loaded,,
GazeBaseVR,gazebasevr/data/S_1055_S2_4_TEX.csv,loaded,,
GazeBaseVR,gazebasevr/data/S_1056_S1_4_TEX.csv,loaded,,
GazeBaseVR,gazebasevr/data/S_1056_S2_4_TEX.csv,loaded,,
GazeBaseVR,gazebasevr/data/S_1057_S1_4_TEX.csv,loaded,,
GazeBaseVR,gazebasevr/data/S_1057_S2_4_TEX.csv,loaded,,
GazeBaseVR,gazebasevr/data/S_1058_S1_4_TEX.csv,loaded,,
GazeBaseVR,gazebasevr/data/S_1058_S2_4_TEX.csv,loaded,,
GazeBaseVR,gazebasevr/data/S_1060_S1_4_TEX.csv,loaded,,
GazeBaseVR,gazebasevr/data/S_1060_S2_4_TEX.csv,loaded,,
GazeBaseVR,gazebasevr/data/S_1062_S1_4_TEX.csv,loaded,,
GazeBaseVR,gazebasevr/data/S_1062_S2_4_TEX.csv,loaded,,
GazeBaseVR,gazebasevr/data/S_1063_S1_4_TEX.csv,loaded,,
GazeBaseVR,gazebasevr/data/S_1063_S2_4_TEX.csv,loaded,,
GazeBaseVR,gazebasevr/data/S_1065_S1_4_TEX.csv,loaded,,
GazeBaseVR,gazebasevr/data/S_1065_S2_4_TEX.csv,loaded,,
GazeBaseVR,gazebasevr/data/S_1066_S1_4_TEX.csv,loaded,,
GazeBaseVR,gazebasevr/data/S_1066_S2_4_TEX.csv,loaded,,
GazeBaseVR,gazebasevr/data/S_1067_S1_4_TEX.csv,loaded,,
GazeBaseVR,gazebasevr/data/S_1067_S2_4_TEX.csv,loaded,,
GazeBaseVR,gazebasevr/data/S_1069_S1_4_TEX.csv,loaded,,
GazeBaseVR,gazebasevr/data/S_1069_S2_4_TEX.csv,loaded,,
GazeBaseVR,gazebasevr/data/S_1070_S1_4_TEX.csv,loaded,,
GazeBaseVR,gazebasevr/data/S_1070_S2_4_TEX.csv,loaded,,
GazeBaseVR,gazebasevr/data/S_1072_S1_4_TEX.csv,loaded,,
GazeBaseVR,gazebasevr/data/S_1072_S2_4_TEX.csv,loaded,,
GazeBaseVR,gazebasevr/data/S_1073_S1_4_TEX.csv,loaded,,
GazeBaseVR,gazebasevr/data/S_1073_S2_4_TEX.csv,loaded,,
GazeBaseVR,gazebasevr/data/S_1074_S1_4_TEX.csv,loaded,,
GazeBaseVR,gazebasevr/data/S_1074_S2_4_TEX.csv,loaded,,
GazeBaseVR,gazebasevr/data/S_1075_S1_4_TEX.csv,loaded,,
GazeBaseVR,gazebasevr/data/S_1075_S2_4_TEX.csv,loaded,,
GazeBaseVR,gazebasevr/data/S_1076_S1_4_TEX.csv,loaded,,
GazeBaseVR,gazebasevr/data/S_1076_S2_4_TEX.csv,loaded,,
GazeBaseVR,gazebasevr/data/S_1077_S1_4_TEX.csv,loaded,,
GazeBaseVR,gazebasevr/data/S_1077_S2_4_TEX.csv,loaded,,
GazeBaseVR,gazebasevr/data/S_1078_S1_4_TEX.csv,loaded,,
GazeBaseVR,gazebasevr/data/S_1078_S2_4_TEX.csv,loaded,,
GazeBaseVR,gazebasevr/data/S_1079_S1_4_TEX.csv,loaded,,
GazeBaseVR,gazebasevr/data/S_1079_S2_4_TEX.csv,loaded,,
GazeBaseVR,gazebasevr/data/S_1080_S1_4_TEX.csv,loaded,,
GazeBaseVR,gazebasevr/data/S_1080_S2_4_TEX.csv,loaded,,
GazeBaseVR,gazebasevr/data/S_1082_S1_4_TEX.csv,loaded,,
GazeBaseVR,gazebasevr/data/S_1082_S2_4_TEX.csv,loaded,,
GazeBaseVR,gazebasevr/data/S_1083_S1_4_TEX.csv,loaded,,
GazeBaseVR,gazebasevr/data/S_1083_S2_4_TEX.csv,loaded,,
GazeBaseVR,gazebasevr/data/S_1085_S1_4_TEX.csv,loaded,,
GazeBaseVR,gazebasevr/data/S_1085_S2_4_TEX.csv,loaded,,
GazeBaseVR,gazebasevr/data/S_1086_S1_4_TEX.csv,loaded,,
GazeBaseVR,gazebasevr/data/S_1086_S2_4_TEX.csv,loaded,,
GazeBaseVR,gazebasevr/data/S_1087_S1_4_TEX.csv,loaded,,
GazeBaseVR,gazebasevr/data/S_1087_S2_4_TEX.csv,loaded,,
GazeBaseVR,gazebasevr/data/S_1088_S1_4_TEX.csv,loaded,,
GazeBaseVR,gazebasevr/data/S_1088_S2_4_TEX.csv,loaded,,
GazeBaseVR,gazebasevr/data/S_1089_S1_4_TEX.csv,loaded,,
GazeBaseVR,gazebasevr/data/S_1089_S2_4_TEX.csv,loaded,,
GazeBaseVR,gazebasevr/data/S_1090_S1_4_TEX.csv,loaded,,
GazeBaseVR,gazebasevr/data/S_1090_S2_4_TEX.csv,loaded,,
GazeBaseVR,gazebasevr/data/S_1091_S1_4_TEX.csv,loaded,,
GazeBaseVR,gazebasevr/data/S_1091_S2_4_TEX.csv,loaded,,
GazeBaseVR,gazebasevr/data/S_1092_S1_4_TEX.csv,loaded,,
GazeBaseVR,gazebasevr/data/S_1092_S2_4_TEX.csv,loaded,,
GazeBaseVR,gazebasevr/data/S_1093_S1_4_TEX.csv,loaded,,
GazeBaseVR,gazebasevr/data/S_1093_S2_4_TEX.csv,loaded,,
GazeBaseVR,gazebasevr/data/S_1094_S1_4_TEX.csv,loaded,,
GazeBaseVR,gazebasevr/data/S_1094_S2_4_TEX.csv,loaded,,
GazeBaseVR,gazebasevr/data/S_1095_S1_4_TEX.csv,loaded,,
GazeBaseVR,gazebasevr/data/S_1095_S2_4_TEX.csv,loaded,,
GazeBaseVR,gazebasevr/data/S_1096_S1_4_TEX.csv,loaded,,
GazeBaseVR,gazebasevr/data/S_1096_S2_4_TEX.csv,loaded,,
GazeBaseVR,gazebasevr/data/S_1097_S1_4_TEX.csv,loaded,,
GazeBaseVR,gazebasevr/data/S_1097_S2_4_TEX.csv,loaded,,
GazeBaseVR,gazebasevr/data/S_1098_S1_4_TEX.csv,loaded,,
GazeBaseVR,gazebasevr/data/S_1098_S2_4_TEX.csv,loaded,,
GazeBaseVR,gazebasevr/data/S_1099_S1_4_TEX.csv,loaded,,
GazeBaseVR,gazebasevr/data/S_1099_S2_4_TEX.csv,loaded,,
GazeBaseVR,gazebasevr/data/S_1100_S1_4_TEX.csv,loaded,,
GazeBaseVR,gazebasevr/data/S_1100_S2_4_TEX.csv,loaded,,
GazeBaseVR,gazebasevr/data/S_1101_S1_4_TEX.csv,loaded,,
GazeBaseVR,gazebasevr/data/S_1101_S2_4_TEX.csv,loaded,,
GazeBaseVR,gazebasevr/data/S_1102_S1_4_TEX.csv,loaded,,
GazeBaseVR,gazebasevr/data/S_1102_S2_4_TEX.csv,loaded,,
GazeBaseVR,gazebasevr/data/S_1103_S1_4_TEX.csv,loaded,,
GazeBaseVR,gazebasevr/data/S_1103_S2_4_TEX.csv,loaded,,
GazeBaseVR,gazebasevr/data/S_1104_S1_4_TEX.csv,loaded,,
GazeBaseVR,gazebasevr/data/S_1104_S2_4_TEX.csv,loaded,,
GazeBaseVR,gazebasevr/data/S_1105_S1_4_TEX.csv,loaded,,
GazeBaseVR,gazebasevr/data/S_1105_S2_4_TEX.csv,loaded,,
GazeBaseVR,gazebasevr/data/S_1106_S1_4_TEX.csv,loaded,,
GazeBaseVR,gazebasevr/data/S_1106_S2_4_TEX.csv,loaded,,
GazeBaseVR,gazebasevr/data/S_1107_S1_4_TEX.csv,loaded,,
GazeBaseVR,gazebasevr/data/S_1107_S2_4_TEX.csv,loaded,,
GazeBaseVR,gazebasevr/data/S_1108_S1_4_TEX.csv,loaded,,
GazeBaseVR,gazebasevr/data/S_1108_S2_4_TEX.csv,loaded,,
GazeBaseVR,gazebasevr/data/S_1109_S1_4_TEX.csv,loaded,,
GazeBaseVR,gazebasevr/data/S_1109_S2_4_TEX.csv,loaded,,
GazeBaseVR,gazebasevr/data/S_1111_S1_4_TEX.csv,loaded,,
GazeBaseVR,gazebasevr/data/S_1111_S2_4_TEX.csv,loaded,,
GazeBaseVR,gazebasevr/data/S_1112_S1_4_TEX.csv,loaded,,
GazeBaseVR,gazebasevr/data/S_1112_S2_4_TEX.csv,loaded,,
GazeBaseVR,gazebasevr/data/S_1113_S1_4_TEX.csv,loaded,,
GazeBaseVR,gazebasevr/data/S_1113_S2_4_TEX.csv,loaded,,
GazeBaseVR,gazebasevr/data/S_1114_S1_4_TEX.csv,loaded,,
GazeBaseVR,gazebasevr/data/S_1114_S2_4_TEX.csv,loaded,,
GazeBaseVR,gazebasevr/data/S_1115_S1_4_TEX.csv,loaded,,
GazeBaseVR,gazebasevr/data/S_1115_S2_4_TEX.csv,loaded,,
GazeBaseVR,gazebasevr/data/S_1116_S1_4_TEX.csv,loaded,,
GazeBaseVR,gazebasevr/data/S_1116_S2_4_TEX.csv,loaded,,
GazeBaseVR,gazebasevr/data/S_1117_S1_4_TEX.csv,loaded,,
GazeBaseVR,gazebasevr/data/S_1117_S2_4_TEX.csv,loaded,,
GazeBaseVR,gazebasevr/data/S_1118_S1_4_TEX.csv,loaded,,
GazeBaseVR,gazebasevr/data/S_1118_S2_4_TEX.csv,loaded,,
GazeBaseVR,gazebasevr/data/S_1119_S1_4_TEX.csv,loaded,,
GazeBaseVR,gazebasevr/data/S_1119_S2_4_TEX.csv,loaded,,
GazeBaseVR,gazebasevr/data/S_1120_S1_4_TEX.csv,loaded,,
GazeBaseVR,gazebasevr/data/S_1120_S2_4_TEX.csv,loaded,,
GazeBaseVR,gazebasevr/data/S_1121_S1_4_TEX.csv,loaded,,
GazeBaseVR,gazebasevr/data/S_1121_S2_4_TEX.csv,loaded,,
GazeBaseVR,gazebasevr/data/S_1122_S1_4_TEX.csv,loaded,,
GazeBaseVR,gazebasevr/data/S_1122_S2_4_TEX.csv,loaded,,
GazeBaseVR,gazebasevr/data/S_1123_S1_4_TEX.csv,loaded,,
GazeBaseVR,gazebasevr/data/S_1123_S2_4_TEX.csv,loaded,,
GazeBaseVR,gazebasevr/data/S_1124_S1_4_TEX.csv,loaded,,
GazeBaseVR,gazebasevr/data/S_1124_S2_4_TEX.csv,loaded,,
GazeBaseVR,gazebasevr/data/S_1125_S1_4_TEX.csv,loaded,,
GazeBaseVR,gazebasevr/data/S_1125_S2_4_TEX.csv,loaded,,
GazeBaseVR,gazebasevr/data/S_1127_S1_4_TEX.csv,loaded,,
GazeBaseVR,gazebasevr/data/S_1127_S2_4_TEX.csv,loaded,,
GazeBaseVR,gazebasevr/data/S_1128_S1_4_TEX.csv,loaded,,
GazeBaseVR,gazebasevr/data/S_1128_S2_4_TEX.csv,loaded,,
GazeBaseVR,gazebasevr/data/S_1130_S1_4_TEX.csv,loaded,,
GazeBaseVR,gazebasevr/data/S_1130_S2_4_TEX.csv,loaded,,
GazeBaseVR,gazebasevr/data/S_1131_S1_4_TEX.csv,loaded,,
GazeBaseVR,gazebasevr/data/S_1131_S2_4_TEX.csv,loaded,,
GazeBaseVR,gazebasevr/data/S_1132_S1_4_TEX.csv,loaded,,
GazeBaseVR,gazebasevr/data/S_1132_S2_4_TEX.csv,loaded,,
GazeBaseVR,gazebasevr/data/S_1133_S1_4_TEX.csv,loaded,,
GazeBaseVR,gazebasevr/data/S_1133_S2_4_TEX.csv,loaded,,
GazeBaseVR,gazebasevr/data/S_1134_S1_4_TEX.csv,loaded,,
GazeBaseVR,gazebasevr/data/S_1134_S2_4_TEX.csv,loaded,,
GazeBaseVR,gazebasevr/data/S_1135_S1_4_TEX.csv,loaded,,
GazeBaseVR,gazebasevr/data/S_1135_S2_4_TEX.csv,loaded,,
GazeBaseVR,gazebasevr/data/S_1136_S1_4_TEX.csv,loaded,,
GazeBaseVR,gazebasevr/data/S_1136_S2_4_TEX.csv,loaded,,
GazeBaseVR,gazebasevr/data/S_1137_S1_4_TEX.csv,loaded,,
GazeBaseVR,gazebasevr/data/S_1137_S2_4_TEX.csv,loaded,,
GazeBaseVR,gazebasevr/data/S_1138_S1_4_TEX.csv,loaded,,
GazeBaseVR,gazebasevr/data/S_1138_S2_4_TEX.csv,loaded,,
GazeBaseVR,gazebasevr/data/S_1139_S1_4_TEX.csv,loaded,,
GazeBaseVR,gazebasevr/data/S_1139_S2_4_TEX.csv,loaded,,
GazeBaseVR,gazebasevr/data/S_1140_S1_4_TEX.csv,loaded,,
GazeBaseVR,gazebasevr/data/S_1140_S2_4_TEX.csv,loaded,,
GazeBaseVR,gazebasevr/data/S_1141_S1_4_TEX.csv,loaded,,
GazeBaseVR,gazebasevr/data/S_1141_S2_4_TEX.csv,loaded,,
GazeBaseVR,gazebasevr/data/S_1142_S1_4_TEX.csv,loaded,,
GazeBaseVR,gazebasevr/data/S_1142_S2_4_TEX.csv,loaded,,
GazeBaseVR,gazebasevr/data/S_1144_S1_4_TEX.csv,loaded,,
GazeBaseVR,gazebasevr/data/S_1144_S2_4_TEX.csv,loaded,,
GazeBaseVR,gazebasevr/data/S_1145_S1_4_TEX.csv,loaded,,
GazeBaseVR,gazebasevr/data/S_1145_S2_4_TEX.csv,loaded,,
GazeBaseVR,gazebasevr/data/S_1146_S1_4_TEX.csv,loaded,,
GazeBaseVR,gazebasevr/data/S_1146_S2_4_TEX.csv,loaded,,
GazeBaseVR,gazebasevr/data/S_1147_S1_4_TEX.csv,loaded,,
GazeBaseVR,gazebasevr/data/S_1147_S2_4_TEX.csv,loaded,,
GazeBaseVR,gazebasevr/data/S_1148_S1_4_TEX.csv,loaded,,
GazeBaseVR,gazebasevr/data/S_1148_S2_4_TEX.csv,loaded,,
GazeBaseVR,gazebasevr/data/S_1149_S1_4_TEX.csv,loaded,,
GazeBaseVR,gazebasevr/data/S_1149_S2_4_TEX.csv,loaded,,
GazeBaseVR,gazebasevr/data/S_1150_S1_4_TEX.csv,loaded,,
GazeBaseVR,gazebasevr/data/S_1150_S2_4_TEX.csv,loaded,,
GazeBaseVR,gazebasevr/data/S_1151_S1_4_TEX.csv,loaded,,
GazeBaseVR,gazebasevr/data/S_1151_S2_4_TEX.csv,loaded,,
GazeBaseVR,gazebasevr/data/S_1152_S1_4_TEX.csv,loaded,,
GazeBaseVR,gazebasevr/data/S_1152_S2_4_TEX.csv,loaded,,
GazeBaseVR,gazebasevr/data/S_1153_S1_4_TEX.csv,loaded,,
GazeBaseVR,gazebasevr/data/S_1153_S2_4_TEX.csv,loaded,,
GazeBaseVR,gazebasevr/data/S_1154_S1_4_TEX.csv,loaded,,
GazeBaseVR,gazebasevr/data/S_1154_S2_4_TEX.csv,loaded,,
GazeBaseVR,gazebasevr/data/S_1155_S1_4_TEX.csv,loaded,,
GazeBaseVR,gazebasevr/data/S_1155_S2_4_TEX.csv,loaded,,
GazeBaseVR,gazebasevr/data/S_1156_S1_4_TEX.csv,loaded,,
GazeBaseVR,gazebasevr/data/S_1156_S2_4_TEX.csv,loaded,,
GazeBaseVR,gazebasevr/data/S_1157_S1_4_TEX.csv,loaded,,
GazeBaseVR,gazebasevr/data/S_1157_S2_4_TEX.csv,loaded,,
GazeBaseVR,gazebasevr/data/S_1158_S1_4_TEX.csv,loaded,,
GazeBaseVR,gazebasevr/data/S_1158_S2_4_TEX.csv,loaded,,
GazeBaseVR,gazebasevr/data/S_1159_S1_4_TEX.csv,loaded,,
GazeBaseVR,gazebasevr/data/S_1159_S2_4_TEX.csv,loaded,,
GazeBaseVR,gazebasevr/data/S_1160_S1_4_TEX.csv,loaded,,
GazeBaseVR,gazebasevr/data/S_1160_S2_4_TEX.csv,loaded,,
GazeBaseVR,gazebasevr/data/S_1161_S1_4_TEX.csv,loaded,,
GazeBaseVR,gazebasevr/data/S_1161_S2_4_TEX.csv,loaded,,
GazeBaseVR,gazebasevr/data/S_1162_S1_4_TEX.csv,loaded,,
GazeBaseVR,gazebasevr/data/S_1162_S2_4_TEX.csv,loaded,,
GazeBaseVR,gazebasevr/data/S_1163_S1_4_TEX.csv,loaded,,
GazeBaseVR,gazebasevr/data/S_1163_S2_4_TEX.csv,loaded,,
GazeBaseVR,gazebasevr/data/S_1164_S1_4_TEX.csv,loaded,,
GazeBaseVR,gazebasevr/data/S_1164_S2_4_TEX.csv,loaded,,
GazeBaseVR,gazebasevr/data/S_1165_S1_4_TEX.csv,loaded,,
GazeBaseVR,gazebasevr/data/S_1165_S2_4_TEX.csv,loaded,,
GazeBaseVR,gazebasevr/data/S_1166_S1_4_TEX.csv,loaded,,
GazeBaseVR,gazebasevr/data/S_1166_S2_4_TEX.csv,loaded,,
GazeBaseVR,gazebasevr/data/S_1167_S1_4_TEX.csv,loaded,,
GazeBaseVR,gazebasevr/data/S_1167_S2_4_TEX.csv,loaded,,
GazeBaseVR,gazebasevr/data/S_1168_S1_4_TEX.csv,loaded,,
GazeBaseVR,gazebasevr/data/S_1168_S2_4_TEX.csv,loaded,,
GazeBaseVR,gazebasevr/data/S_1169_S1_4_TEX.csv,loaded,,
GazeBaseVR,gazebasevr/data/S_1169_S2_4_TEX.csv,loaded,,
GazeBaseVR,gazebasevr/data/S_1170_S1_4_TEX.csv,loaded,,
GazeBaseVR,gazebasevr/data/S_1170_S2_4_TEX.csv,loaded,,
GazeBaseVR,gazebasevr/data/S_1171_S1_4_TEX.csv,loaded,,
GazeBaseVR,gazebasevr/data/S_1171_S2_4_TEX.csv,loaded,,
GazeBaseVR,gazebasevr/data/S_1172_S1_4_TEX.csv,loaded,,
GazeBaseVR,gazebasevr/data/S_1172_S2_4_TEX.csv,loaded,,
GazeBaseVR,gazebasevr/data/S_1173_S1_4_TEX.csv,loaded,,
GazeBaseVR,gazebasevr/data/S_1173_S2_4_TEX.csv,loaded,,
GazeBaseVR,gazebasevr/data/S_1174_S1_4_TEX.csv,loaded,,
GazeBaseVR,gazebasevr/data/S_1174_S2_4_TEX.csv,loaded,,
GazeBaseVR,gazebasevr/data/S_1175_S1_4_TEX.csv,loaded,,
GazeBaseVR,gazebasevr/data/S_1175_S2_4_TEX.csv,loaded,,
GazeBaseVR,gazebasevr/data/S_1176_S1_4_TEX.csv,loaded,,
GazeBaseVR,gazebasevr/data/S_1176_S2_4_TEX.csv,loaded,,
GazeBaseVR,gazebasevr/data/S_1177_S1_4_TEX.csv,loaded,,
GazeBaseVR,gazebasevr/data/S_1177_S2_4_TEX.csv,loaded,,
GazeBaseVR,gazebasevr/data/S_1178_S1_4_TEX.csv,loaded,,
GazeBaseVR,gazebasevr/data/S_1178_S2_4_TEX.csv,loaded,,
GazeBaseVR,gazebasevr/data/S_1179_S1_4_TEX.csv,loaded,,
GazeBaseVR,gazebasevr/data/S_1179_S2_4_TEX.csv,loaded,,
GazeBaseVR,gazebasevr/data/S_1180_S1_4_TEX.csv,loaded,,
GazeBaseVR,gazebasevr/data/S_1180_S2_4_TEX.csv,loaded,,
GazeBaseVR,gazebasevr/data/S_1182_S1_4_TEX.csv,loaded,,
GazeBaseVR,gazebasevr/data/S_1182_S2_4_TEX.csv,loaded,,
GazeBaseVR,gazebasevr/data/S_1183_S1_4_TEX.csv,loaded,,
GazeBaseVR,gazebasevr/data/S_1183_S2_4_TEX.csv,loaded,,
GazeBaseVR,gazebasevr/data/S_1186_S1_4_TEX.csv,loaded,,
GazeBaseVR,gazebasevr/data/S_1186_S2_4_TEX.csv,loaded,,
GazeBaseVR,gazebasevr/data/S_1187_S1_4_TEX.csv,loaded,,
GazeBaseVR,gazebasevr/data/S_1187_S2_4_TEX.csv,loaded,,
GazeBaseVR,gazebasevr/data/S_1189_S1_4_TEX.csv,loaded,,
GazeBaseVR,gazebasevr/data/S_1189_S2_4_TEX.csv,loaded,,
GazeBaseVR,gazebasevr/data/S_1190_S1_4_TEX.csv,loaded,,
GazeBaseVR,gazebasevr/data/S_1190_S2_4_TEX.csv,loaded,,
GazeBaseVR,gazebasevr/data/S_1191_S1_4_TEX.csv,loaded,,
GazeBaseVR,gazebasevr/data/S_1191_S2_4_TEX.csv,loaded,,
GazeBaseVR,gazebasevr/data/S_1192_S1_4_TEX.csv,loaded,,
GazeBaseVR,gazebasevr/data/S_1192_S2_4_TEX.csv,loaded,,
GazeBaseVR,gazebasevr/data/S_1194_S1_4_TEX.csv,loaded,,
GazeBaseVR,gazebasevr/data/S_1194_S2_4_TEX.csv,loaded,,
GazeBaseVR,gazebasevr/data/S_1196_S1_4_TEX.csv,loaded,,
GazeBaseVR,gazebasevr/data/S_1196_S2_4_TEX.csv,loaded,,
GazeBaseVR,gazebasevr/data/S_1197_S1_4_TEX.csv,loaded,,
GazeBaseVR,gazebasevr/data/S_1197_S2_4_TEX.csv,loaded,,
GazeBaseVR,gazebasevr/data/S_1198_S1_4_TEX.csv,loaded,,
GazeBaseVR,gazebasevr/data/S_1198_S2_4_TEX.csv,loaded,,
GazeBaseVR,gazebasevr/data/S_1199_S1_4_TEX.csv,loaded,,
GazeBaseVR,gazebasevr/data/S_1199_S2_4_TEX.csv,loaded,,
GazeBaseVR,gazebasevr/data/S_1201_S1_4_TEX.csv,loaded,,
GazeBaseVR,gazebasevr/data/S_1201_S2_4_TEX.csv,loaded,,
GazeBaseVR,gazebasevr/data/S_1203_S1_4_TEX.csv,loaded,,
GazeBaseVR,gazebasevr/data/S_1203_S2_4_TEX.csv,loaded,,
GazeBaseVR,gazebasevr/data/S_1205_S1_4_TEX.csv,loaded,,
GazeBaseVR,gazebasevr/data/S_1205_S2_4_TEX.csv,loaded,,
GazeBaseVR,gazebasevr/data/S_1206_S1_4_TEX.csv,loaded,,
GazeBaseVR,gazebasevr/data/S_1206_S2_4_TEX.csv,loaded,,
GazeBaseVR,gazebasevr/data/S_1207_S1_4_TEX.csv,loaded,,
GazeBaseVR,gazebasevr/data/S_1207_S2_4_TEX.csv,loaded,,
GazeBaseVR,gazebasevr/data/S_1208_S1_4_TEX.csv,loaded,,
GazeBaseVR,gazebasevr/data/S_1208_S2_4_TEX.csv,loaded,,
GazeBaseVR,gazebasevr/data/S_1209_S1_4_TEX.csv,loaded,,
GazeBaseVR,gazebasevr/data/S_1209_S2_4_TEX.csv,loaded,,
GazeBaseVR,gazebasevr/data/S_1210_S1_4_TEX.csv,loaded,,
GazeBaseVR,gazebasevr/data/S_1210_S2_4_TEX.csv,loaded,,
GazeBaseVR,gazebasevr/data/S_1211_S1_4_TEX.csv,loaded,,
GazeBaseVR,gazebasevr/data/S_1211_S2_4_TEX.csv,loaded,,
GazeBaseVR,gazebasevr/data/S_1212_S1_4_TEX.csv,loaded,,
GazeBaseVR,gazebasevr/data/S_1212_S2_4_TEX.csv,loaded,,
GazeBaseVR,gazebasevr/data/S_1213_S1_4_TEX.csv,loaded,,
GazeBaseVR,gazebasevr/data/S_1213_S2_4_TEX.csv,loaded,,
GazeBaseVR,gazebasevr/data/S_1214_S1_4_TEX.csv,loaded,,
GazeBaseVR,gazebasevr/data/S_1214_S2_4_TEX.csv,loaded,,
GazeBaseVR,gazebasevr/data/S_1215_S1_4_TEX.csv,loaded,,
GazeBaseVR,gazebasevr/data/S_1215_S2_4_TEX.csv,loaded,,
GazeBaseVR,gazebasevr/data/S_1216_S1_4_TEX.csv,loaded,,
GazeBaseVR,gazebasevr/data/S_1216_S2_4_TEX.csv,loaded,,
GazeBaseVR,gazebasevr/data/S_1217_S1_4_TEX.csv,loaded,,
GazeBaseVR,gazebasevr/data/S_1217_S2_4_TEX.csv,loaded,,
GazeBaseVR,gazebasevr/data/S_1218_S1_4_TEX.csv,loaded,,
GazeBaseVR,gazebasevr/data/S_1218_S2_4_TEX.csv,loaded,,
GazeBaseVR,gazebasevr/data/S_1219_S1_4_TEX.csv,loaded,,
GazeBaseVR,gazebasevr/data/S_1219_S2_4_TEX.csv,loaded,,
GazeBaseVR,gazebasevr/data/S_1220_S1_4_TEX.csv,loaded,,
GazeBaseVR,gazebasevr/data/S_1220_S2_4_TEX.csv,loaded,,
GazeBaseVR,gazebasevr/data/S_1221_S1_4_TEX.csv,loaded,,
GazeBaseVR,gazebasevr/data/S_1221_S2_4_TEX.csv,loaded,,
GazeBaseVR,gazebasevr/data/S_1222_S1_4_TEX.csv,loaded,,
GazeBaseVR,gazebasevr/data/S_1222_S2_4_TEX.csv,loaded,,
GazeBaseVR,gazebasevr/data/S_1223_S1_4_TEX.csv,loaded,,
GazeBaseVR,gazebasevr/data/S_1223_S2_4_TEX.csv,loaded,,
GazeBaseVR,gazebasevr/data/S_1224_S1_4_TEX.csv,loaded,,
GazeBaseVR,gazebasevr/data/S_1224_S2_4_TEX.csv,loaded,,
GazeBaseVR,gazebasevr/data/S_1225_S1_4_TEX.csv,loaded,,
GazeBaseVR,gazebasevr/data/S_1225_S2_4_TEX.csv,loaded,,
GazeBaseVR,gazebasevr/data/S_1226_S1_4_TEX.csv,loaded,,
GazeBaseVR,gazebasevr/data/S_1226_S2_4_TEX.csv,loaded,,
GazeBaseVR,gazebasevr/data/S_1228_S1_4_TEX.csv,loaded,,
GazeBaseVR,gazebasevr/data/S_1228_S2_4_TEX.csv,loaded,,
GazeBaseVR,gazebasevr/data/S_1229_S1_4_TEX.csv,loaded,,
GazeBaseVR,gazebasevr/data/S_1229_S2_4_TEX.csv,loaded,,
GazeBaseVR,gazebasevr/data/S_1231_S1_4_TEX.csv,loaded,,
GazeBaseVR,gazebasevr/data/S_1231_S2_4_TEX.csv,loaded,,
GazeBaseVR,gazebasevr/data/S_1232_S1_4_TEX.csv,loaded,,
GazeBaseVR,gazebasevr/data/S_1232_S2_4_TEX.csv,loaded,,
GazeBaseVR,gazebasevr/data/S_1233_S1_4_TEX.csv,loaded,,
GazeBaseVR,gazebasevr/data/S_1233_S2_4_TEX.csv,loaded,,
GazeBaseVR,gazebasevr/data/S_1234_S1_4_TEX.csv,loaded,,
GazeBaseVR,gazebasevr/data/S_1234_S2_4_TEX.csv,loaded,,
GazeBaseVR,gazebasevr/data/S_1235_S1_4_TEX.csv,loaded,,
GazeBaseVR,gazebasevr/data/S_1235_S2_4_TEX.csv,loaded,,
GazeBaseVR,gazebasevr/data/S_1237_S1_4_TEX.csv,loaded,,
GazeBaseVR,gazebasevr/data/S_1237_S2_4_TEX.csv,loaded,,
GazeBaseVR,gazebasevr/data/S_1238_S1_4_TEX.csv,loaded,,
GazeBaseVR,gazebasevr/data/S_1238_S2_4_TEX.csv,loaded,,
GazeBaseVR,gazebasevr/data/S_1240_S1_4_TEX.csv,loaded,,
GazeBaseVR,gazebasevr/data/S_1240_S2_4_TEX.csv,loaded,,
GazeBaseVR,gazebasevr/data/S_1241_S1_4_TEX.csv,loaded,,
GazeBaseVR,gazebasevr/data/S_1241_S2_4_TEX.csv,loaded,,
GazeBaseVR,gazebasevr/data/S_1242_S1_4_TEX.csv,loaded,,
GazeBaseVR,gazebasevr/data/S_1242_S2_4_TEX.csv,loaded,,
GazeBaseVR,gazebasevr/data/S_1243_S1_4_TEX.csv,loaded,,
GazeBaseVR,gazebasevr/data/S_1243_S2_4_TEX.csv,loaded,,
GazeBaseVR,gazebasevr/data/S_1244_S1_4_TEX.csv,loaded,,
GazeBaseVR,gazebasevr/data/S_1244_S2_4_TEX.csv,loaded,,
GazeBaseVR,gazebasevr/data/S_1245_S1_4_TEX.csv,loaded,,
GazeBaseVR,gazebasevr/data/S_1245_S2_4_TEX.csv,loaded,,
GazeBaseVR,gazebasevr/data/S_1246_S1_4_TEX.csv,loaded,,
GazeBaseVR,gazebasevr/data/S_1246_S2_4_TEX.csv,loaded,,
GazeBaseVR,gazebasevr/data/S_1247_S1_4_TEX.csv,loaded,,
GazeBaseVR,gazebasevr/data/S_1247_S2_4_TEX.csv,loaded,,
GazeBaseVR,gazebasevr/data/S_1248_S1_4_TEX.csv,loaded,,
GazeBaseVR,gazebasevr/data/S_1248_S2_4_TEX.csv,loaded,,
GazeBaseVR,gazebasevr/data/S_1249_S1_4_TEX.csv,loaded,,
GazeBaseVR,gazebasevr/data/S_1249_S2_4_TEX.csv,loaded,,
GazeBaseVR,gazebasevr/data/S_1250_S1_4_TEX.csv,loaded,,
GazeBaseVR,gazebasevr/data/S_1250_S2_4_TEX.csv,loaded,,
GazeBaseVR,gazebasevr/data/S_1251_S1_4_TEX.csv,loaded,,
GazeBaseVR,gazebasevr/data/S_1251_S2_4_TEX.csv,loaded,,
GazeBaseVR,gazebasevr/data/S_1253_S1_4_TEX.csv,loaded,,
GazeBaseVR,gazebasevr/data/S_1253_S2_4_TEX.csv,loaded,,
GazeBaseVR,gazebasevr/data/S_1254_S1_4_TEX.csv,loaded,,
GazeBaseVR,gazebasevr/data/S_1254_S2_4_TEX.csv,loaded,,
GazeBaseVR,gazebasevr/data/S_1255_S1_4_TEX.csv,loaded,,
GazeBaseVR,gazebasevr/data/S_1255_S2_4_TEX.csv,loaded,,
GazeBaseVR,gazebasevr/data/S_1256_S1_4_TEX.csv,loaded,,
GazeBaseVR,gazebasevr/data/S_1256_S2_4_TEX.csv,loaded,,
GazeBaseVR,gazebasevr/data/S_1257_S1_4_TEX.csv,loaded,,
GazeBaseVR,gazebasevr/data/S_1257_S2_4_TEX.csv,loaded,,
GazeBaseVR,gazebasevr/data/S_1259_S1_4_TEX.csv,loaded,,
GazeBaseVR,gazebasevr/data/S_1259_S2_4_TEX.csv,loaded,,
GazeBaseVR,gazebasevr/data/S_1260_S1_4_TEX.csv,loaded,,
GazeBaseVR,gazebasevr/data/S_1260_S2_4_TEX.csv,loaded,,
GazeBaseVR,gazebasevr/data/S_1261_S1_4_TEX.csv,loaded,,
GazeBaseVR,gazebasevr/data/S_1261_S2_4_TEX.csv,loaded,,
GazeBaseVR,gazebasevr/data/S_1262_S1_4_TEX.csv,loaded,,
GazeBaseVR,gazebasevr/data/S_1262_S2_4_TEX.csv,loaded,,
GazeBaseVR,gazebasevr/data/S_1264_S1_4_TEX.csv,loaded,,
GazeBaseVR,gazebasevr/data/S_1264_S2_4_TEX.csv,loaded,,
GazeBaseVR,gazebasevr/data/S_1265_S1_4_TEX.csv,loaded,,
GazeBaseVR,gazebasevr/data/S_1265_S2_4_TEX.csv,loaded,,
GazeBaseVR,gazebasevr/data/S_1266_S1_4_TEX.csv,loaded,,
GazeBaseVR,gazebasevr/data/S_1266_S2_4_TEX.csv,loaded,,
GazeBaseVR,gazebasevr/data/S_1267_S1_4_TEX.csv,loaded,,
GazeBaseVR,gazebasevr/data/S_1267_S2_4_TEX.csv,loaded,,
GazeBaseVR,gazebasevr/data/S_1268_S1_4_TEX.csv,loaded,,
GazeBaseVR,gazebasevr/data/S_1268_S2_4_TEX.csv,loaded,,
GazeBaseVR,gazebasevr/data/S_1269_S1_4_TEX.csv,loaded,,
GazeBaseVR,gazebasevr/data/S_1269_S2_4_TEX.csv,loaded,,
GazeBaseVR,gazebasevr/data/S_1270_S1_4_TEX.csv,loaded,,
GazeBaseVR,gazebasevr/data/S_1270_S2_4_TEX.csv,loaded,,
GazeBaseVR,gazebasevr/data/S_1271_S1_4_TEX.csv,loaded,,
GazeBaseVR,gazebasevr/data/S_1271_S2_4_TEX.csv,loaded,,
GazeBaseVR,gazebasevr/data/S_1272_S1_4_TEX.csv,loaded,,
GazeBaseVR,gazebasevr/data/S_1272_S2_4_TEX.csv,loaded,,
GazeBaseVR,gazebasevr/data/S_1273_S1_4_TEX.csv,loaded,,
GazeBaseVR,gazebasevr/data/S_1273_S2_4_TEX.csv,loaded,,
GazeBaseVR,gazebasevr/data/S_1274_S1_4_TEX.csv,loaded,,
GazeBaseVR,gazebasevr/data/S_1274_S2_4_TEX.csv,loaded,,
GazeBaseVR,gazebasevr/data/S_1275_S1_4_TEX.csv,loaded,,
GazeBaseVR,gazebasevr/data/S_1275_S2_4_TEX.csv,loaded,,
GazeBaseVR,gazebasevr/data/S_1276_S1_4_TEX.csv,loaded,,
GazeBaseVR,gazebasevr/data/S_1276_S2_4_TEX.csv,loaded,,
GazeBaseVR,gazebasevr/data/S_1277_S1_4_TEX.csv,loaded,,
GazeBaseVR,gazebasevr/data/S_1277_S2_4_TEX.csv,loaded,,
GazeBaseVR,gazebasevr/data/S_1278_S1_4_TEX.csv,loaded,,
GazeBaseVR,gazebasevr/data/S_1278_S2_4_TEX.csv,loaded,,
GazeBaseVR,gazebasevr/data/S_1280_S1_4_TEX.csv,loaded,,
GazeBaseVR,gazebasevr/data/S_1280_S2_4_TEX.csv,loaded,,
GazeBaseVR,gazebasevr/data/S_1282_S1_4_TEX.csv,loaded,,
GazeBaseVR,gazebasevr/data/S_1282_S2_4_TEX.csv,loaded,,
GazeBaseVR,gazebasevr/data/S_1283_S1_4_TEX.csv,loaded,,
GazeBaseVR,gazebasevr/data/S_1283_S2_4_TEX.csv,loaded,,
GazeBaseVR,gazebasevr/data/S_1284_S1_4_TEX.csv,loaded,,
GazeBaseVR,gazebasevr/data/S_1284_S2_4_TEX.csv,loaded,,
GazeBaseVR,gazebasevr/data/S_1285_S1_4_TEX.csv,loaded,,
GazeBaseVR,gazebasevr/data/S_1285_S2_4_TEX.csv,loaded,,
GazeBaseVR,gazebasevr/data/S_1287_S1_4_TEX.csv,loaded,,
GazeBaseVR,gazebasevr/data/S_1287_S2_4_TEX.csv,loaded,,
GazeBaseVR,gazebasevr/data/S_1288_S1_4_TEX.csv,loaded,,
GazeBaseVR,gazebasevr/data/S_1288_S2_4_TEX.csv,loaded,,
GazeBaseVR,gazebasevr/data/S_1289_S1_4_TEX.csv,loaded,,
GazeBaseVR,gazebasevr/data/S_1289_S2_4_TEX.csv,loaded,,
GazeBaseVR,gazebasevr/data/S_1290_S1_4_TEX.csv,loaded,,
GazeBaseVR,gazebasevr/data/S_1290_S2_4_TEX.csv,loaded,,
GazeBaseVR,gazebasevr/data/S_1292_S1_4_TEX.csv,loaded,,
GazeBaseVR,gazebasevr/data/S_1292_S2_4_TEX.csv,loaded,,
GazeBaseVR,gazebasevr/data/S_1293_S1_4_TEX.csv,loaded,,
GazeBaseVR,gazebasevr/data/S_1293_S2_4_TEX.csv,loaded,,
GazeBaseVR,gazebasevr/data/S_1294_S1_4_TEX.csv,loaded,,
GazeBaseVR,gazebasevr/data/S_1294_S2_4_TEX.csv,loaded,,
GazeBaseVR,gazebasevr/data/S_1296_S1_4_TEX.csv,loaded,,
GazeBaseVR,gazebasevr/data/S_1296_S2_4_TEX.csv,loaded,,
GazeBaseVR,gazebasevr/data/S_1298_S1_4_TEX.csv,loaded,,
GazeBaseVR,gazebasevr/data/S_1298_S2_4_TEX.csv,loaded,,
GazeBaseVR,gazebasevr/data/S_1299_S1_4_TEX.csv,loaded,,
GazeBaseVR,gazebasevr/data/S_1299_S2_4_TEX.csv,loaded,,
GazeBaseVR,gazebasevr/data/S_1300_S1_4_TEX.csv,loaded,,
GazeBaseVR,gazebasevr/data/S_1300_S2_4_TEX.csv,loaded,,
GazeBaseVR,gazebasevr/data/S_1301_S1_4_TEX.csv,loaded,,
GazeBaseVR,gazebasevr/data/S_1301_S2_4_TEX.csv,loaded,,
GazeBaseVR,gazebasevr/data/S_1302_S1_4_TEX.csv,loaded,,
GazeBaseVR,gazebasevr/data/S_1302_S2_4_TEX.csv,loaded,,
GazeBaseVR,gazebasevr/data/S_1303_S1_4_TEX.csv,loaded,,
GazeBaseVR,gazebasevr/data/S_1303_S2_4_TEX.csv,loaded,,
GazeBaseVR,gazebasevr/data/S_1305_S1_4_TEX.csv,loaded,,
GazeBaseVR,gazebasevr/data/S_1305_S2_4_TEX.csv,loaded,,
GazeBaseVR,gazebasevr/data/S_1306_S1_4_TEX.csv,loaded,,
GazeBaseVR,gazebasevr/data/S_1306_S2_4_TEX.csv,loaded,,
GazeBaseVR,gazebasevr/data/S_1307_S1_4_TEX.csv,loaded,,
GazeBaseVR,gazebasevr/data/S_1307_S2_4_TEX.csv,loaded,,
GazeBaseVR,gazebasevr/data/S_1308_S1_4_TEX.csv,loaded,,
GazeBaseVR,gazebasevr/data/S_1308_S2_4_TEX.csv,loaded,,
GazeBaseVR,gazebasevr/data/S_1309_S1_4_TEX.csv,loaded,,
GazeBaseVR,gazebasevr/data/S_1309_S2_4_TEX.csv,loaded,,
GazeBaseVR,gazebasevr/data/S_1310_S1_4_TEX.csv,loaded,,
GazeBaseVR,gazebasevr/data/S_1310_S2_4_TEX.csv,loaded,,
GazeBaseVR,gazebasevr/data/S_1312_S1_4_TEX.csv,loaded,,
GazeBaseVR,gazebasevr/data/S_1312_S2_4_TEX.csv,loaded,,
GazeBaseVR,gazebasevr/data/S_1314_S1_4_TEX.csv,loaded,,
GazeBaseVR,gazebasevr/data/S_1314_S2_4_TEX.csv,loaded,,
GazeBaseVR,gazebasevr/data/S_1315_S1_4_TEX.csv,loaded,,
GazeBaseVR,gazebasevr/data/S_1315_S2_4_TEX.csv,loaded,,
GazeBaseVR,gazebasevr/data/S_1317_S1_4_TEX.csv,loaded,,
GazeBaseVR,gazebasevr/data/S_1317_S2_4_TEX.csv,loaded,,
GazeBaseVR,gazebasevr/data/S_1319_S1_4_TEX.csv,loaded,,
GazeBaseVR,gazebasevr/data/S_1319_S2_4_TEX.csv,loaded,,
GazeBaseVR,gazebasevr/data/S_1320_S1_4_TEX.csv,loaded,,
GazeBaseVR,gazebasevr/data/S_1320_S2_4_TEX.csv,loaded,,
GazeBaseVR,gazebasevr/data/S_1321_S1_4_TEX.csv,loaded,,
GazeBaseVR,gazebasevr/data/S_1321_S2_4_TEX.csv,loaded,,
GazeBaseVR,gazebasevr/data/S_1322_S1_4_TEX.csv,loaded,,
GazeBaseVR,gazebasevr/data/S_1322_S2_4_TEX.csv,loaded,,
GazeBaseVR,gazebasevr/data/S_1323_S1_4_TEX.csv,loaded,,
GazeBaseVR,gazebasevr/data/S_1323_S2_4_TEX.csv,loaded,,
GazeBaseVR,gazebasevr/data/S_1324_S1_4_TEX.csv,loaded,,
GazeBaseVR,gazebasevr/data/S_1324_S2_4_TEX.csv,loaded,,
GazeBaseVR,gazebasevr/data/S_1325_S1_4_TEX.csv,loaded,,
GazeBaseVR,gazebasevr/data/S_1325_S2_4_TEX.csv,loaded,,
GazeBaseVR,gazebasevr/data/S_1326_S1_4_TEX.csv,loaded,,
GazeBaseVR,gazebasevr/data/S_1326_S2_4_TEX.csv,loaded,,
GazeBaseVR,gazebasevr/data/S_1327_S1_4_TEX.csv,loaded,,
GazeBaseVR,gazebasevr/data/S_1327_S2_4_TEX.csv,loaded,,
GazeBaseVR,gazebasevr/data/S_1328_S1_4_TEX.csv,loaded,,
GazeBaseVR,gazebasevr/data/S_1328_S2_4_TEX.csv,loaded,,
GazeBaseVR,gazebasevr/data/S_1329_S1_4_TEX.csv,loaded,,
GazeBaseVR,gazebasevr/data/S_1329_S2_4_TEX.csv,loaded,,
GazeBaseVR,gazebasevr/data/S_1330_S1_4_TEX.csv,loaded,,
GazeBaseVR,gazebasevr/data/S_1330_S2_4_TEX.csv,loaded,,
GazeBaseVR,gazebasevr/data/S_1331_S1_4_TEX.csv,loaded,,
GazeBaseVR,gazebasevr/data/S_1331_S2_4_TEX.csv,loaded,,
GazeBaseVR,gazebasevr/data/S_1332_S1_4_TEX.csv,loaded,,
GazeBaseVR,gazebasevr/data/S_1332_S2_4_TEX.csv,loaded,,
GazeBaseVR,gazebasevr/data/S_1333_S1_4_TEX.csv,loaded,,
GazeBaseVR,gazebasevr/data/S_1333_S2_4_TEX.csv,loaded,,
GazeBaseVR,gazebasevr/data/S_1334_S1_4_TEX.csv,loaded,,
GazeBaseVR,gazebasevr/data/S_1334_S2_4_TEX.csv,loaded,,
GazeBaseVR,gazebasevr/data/S_1335_S1_4_TEX.csv,loaded,,
GazeBaseVR,gazebasevr/data/S_1335_S2_4_TEX.csv,loaded,,
GazeBaseVR,gazebasevr/data/S_1336_S1_4_TEX.csv,loaded,,
GazeBaseVR,gazebasevr/data/S_1336_S2_4_TEX.csv,loaded,,
GazeBaseVR,gazebasevr/data/S_1339_S1_4_TEX.csv,loaded,,
GazeBaseVR,gazebasevr/data/S_1339_S2_4_TEX.csv,loaded,,
GazeBaseVR,gazebasevr/data/S_1340_S1_4_TEX.csv,loaded,,
GazeBaseVR,gazebasevr/data/S_1340_S2_4_TEX.csv,loaded,,
GazeBaseVR,gazebasevr/data/S_1341_S1_4_TEX.csv,loaded,,
GazeBaseVR,gazebasevr/data/S_1341_S2_4_TEX.csv,loaded,,
GazeBaseVR,gazebasevr/data/S_1342_S1_4_TEX.csv,loaded,,
GazeBaseVR,gazebasevr/data/S_1342_S2_4_TEX.csv,loaded,,
GazeBaseVR,gazebasevr/data/S_1343_S1_4_TEX.csv,loaded,,
GazeBaseVR,gazebasevr/data/S_1343_S2_4_TEX.csv,loaded,,
GazeBaseVR,gazebasevr/data/S_1344_S1_4_TEX.csv,loaded,,
GazeBaseVR,gazebasevr/data/S_1344_S2_4_TEX.csv,loaded,,
GazeBaseVR,gazebasevr/data/S_1345_S1_4_TEX.csv,loaded,,
GazeBaseVR,gazebasevr/data/S_1345_S2_4_TEX.csv,loaded,,
GazeBaseVR,gazebasevr/data/S_1346_S1_4_TEX.csv,loaded,,
GazeBaseVR,gazebasevr/data/S_1346_S2_4_TEX.csv,loaded,,
GazeBaseVR,gazebasevr/data/S_1347_S1_4_TEX.csv,loaded,,
GazeBaseVR,gazebasevr/data/S_1347_S2_4_TEX.csv,loaded,,
GazeBaseVR,gazebasevr/data/S_1348_S1_4_TEX.csv,loaded,,
GazeBaseVR,gazebasevr/data/S_1348_S2_4_TEX.csv,loaded,,
GazeBaseVR,gazebasevr/data/S_1349_S1_4_TEX.csv,loaded,,
GazeBaseVR,gazebasevr/data/S_1349_S2_4_TEX.csv,loaded,,
GazeBaseVR,gazebasevr/data/S_1350_S1_4_TEX.csv,loaded,,
GazeBaseVR,gazebasevr/data/S_1350_S2_4_TEX.csv,loaded,,
GazeBaseVR,gazebasevr/data/S_1352_S1_4_TEX.csv,loaded,,
GazeBaseVR,gazebasevr/data/S_1352_S2_4_TEX.csv,loaded,,
GazeBaseVR,gazebasevr/data/S_1353_S1_4_TEX.csv,loaded,,
GazeBaseVR,gazebasevr/data/S_1353_S2_4_TEX.csv,loaded,,
GazeBaseVR,gazebasevr/data/S_1354_S1_4_TEX.csv,loaded,,
GazeBaseVR,gazebasevr/data/S_1354_S2_4_TEX.csv,loaded,,
GazeBaseVR,gazebasevr/data/S_1355_S1_4_TEX.csv,loaded,,
GazeBaseVR,gazebasevr/data/S_1355_S2_4_TEX.csv,loaded,,
GazeBaseVR,gazebasevr/data/S_1356_S1_4_TEX.csv,loaded,,
GazeBaseVR,gazebasevr/data/S_1356_S2_4_TEX.csv,loaded,,
GazeBaseVR,gazebasevr/data/S_1357_S1_4_TEX.csv,loaded,,
GazeBaseVR,gazebasevr/data/S_1357_S2_4_TEX.csv,loaded,,
GazeBaseVR,gazebasevr/data/S_1358_S1_4_TEX.csv,loaded,,
GazeBaseVR,gazebasevr/data/S_1358_S2_4_TEX.csv,loaded,,
GazeBaseVR,gazebasevr/data/S_1360_S1_4_TEX.csv,loaded,,
GazeBaseVR,gazebasevr/data/S_1360_S2_4_TEX.csv,loaded,,
GazeBaseVR,gazebasevr/data/S_1361_S1_4_TEX.csv,loaded,,
GazeBaseVR,gazebasevr/data/S_1361_S2_4_TEX.csv,loaded,,
GazeBaseVR,gazebasevr/data/S_1362_S1_4_TEX.csv,loaded,,
GazeBaseVR,gazebasevr/data/S_1362_S2_4_TEX.csv,loaded,,
GazeBaseVR,gazebasevr/data/S_1363_S1_4_TEX.csv,loaded,,
GazeBaseVR,gazebasevr/data/S_1363_S2_4_TEX.csv,loaded,,
GazeBaseVR,gazebasevr/data/S_1364_S1_4_TEX.csv,loaded,,
GazeBaseVR,gazebasevr/data/S_1364_S2_4_TEX.csv,loaded,,
GazeBaseVR,gazebasevr/data/S_1365_S1_4_TEX.csv,loaded,,
GazeBaseVR,gazebasevr/data/S_1365_S2_4_TEX.csv,loaded,,
GazeBaseVR,gazebasevr/data/S_1368_S1_4_TEX.csv,loaded,,
GazeBaseVR,gazebasevr/data/S_1368_S2_4_TEX.csv,loaded,,
GazeBaseVR,gazebasevr/data/S_1369_S1_4_TEX.csv,loaded,,
GazeBaseVR,gazebasevr/data/S_1369_S2_4_TEX.csv,loaded,,
GazeBaseVR,gazebasevr/data/S_1370_S1_4_TEX.csv,loaded,,
GazeBaseVR,gazebasevr/data/S_1370_S2_4_TEX.csv,loaded,,
GazeBaseVR,gazebasevr/data/S_1371_S1_4_TEX.csv,loaded,,
GazeBaseVR,gazebasevr/data/S_1371_S2_4_TEX.csv,loaded,,
GazeBaseVR,gazebasevr/data/S_1373_S1_4_TEX.csv,loaded,,
GazeBaseVR,gazebasevr/data/S_1373_S2_4_TEX.csv,loaded,,
GazeBaseVR,gazebasevr/data/S_1374_S1_4_TEX.csv,loaded,,
GazeBaseVR,gazebasevr/data/S_1374_S2_4_TEX.csv,loaded,,
GazeBaseVR,gazebasevr/data/S_1375_S1_4_TEX.csv,loaded,,
GazeBaseVR,gazebasevr/data/S_1375_S2_4_TEX.csv,loaded,,
GazeBaseVR,gazebasevr/data/S_1376_S1_4_TEX.csv,loaded,,
GazeBaseVR,gazebasevr/data/S_1376_S2_4_TEX.csv,loaded,,
GazeBaseVR,gazebasevr/data/S_1377_S1_4_TEX.csv,loaded,,
GazeBaseVR,gazebasevr/data/S_1377_S2_4_TEX.csv,loaded,,
GazeBaseVR,gazebasevr/data/S_1378_S1_4_TEX.csv,loaded,,
GazeBaseVR,gazebasevr/data/S_1378_S2_4_TEX.csv,loaded,,
GazeBaseVR,gazebasevr/data/S_1380_S1_4_TEX.csv,loaded,,
GazeBaseVR,gazebasevr/data/S_1380_S2_4_TEX.csv,loaded,,
GazeBaseVR,gazebasevr/data/S_1381_S1_4_TEX.csv,loaded,,
GazeBaseVR,gazebasevr/data/S_1381_S2_4_TEX.csv,loaded,,
GazeBaseVR,gazebasevr/data/S_1382_S1_4_TEX.csv,loaded,,
GazeBaseVR,gazebasevr/data/S_1382_S2_4_TEX.csv,loaded,,
GazeBaseVR,gazebasevr/data/S_1383_S1_4_TEX.csv,loaded,,
GazeBaseVR,gazebasevr/data/S_1383_S2_4_TEX.csv,loaded,,
GazeBaseVR,gazebasevr/data/S_1384_S1_4_TEX.csv,loaded,,
GazeBaseVR,gazebasevr/data/S_1384_S2_4_TEX.csv,loaded,,
GazeBaseVR,gazebasevr/data/S_1385_S1_4_TEX.csv,loaded,,
GazeBaseVR,gazebasevr/data/S_1385_S2_4_TEX.csv,loaded,,
GazeBaseVR,gazebasevr/data/S_1386_S1_4_TEX.csv,loaded,,
GazeBaseVR,gazebasevr/data/S_1386_S2_4_TEX.csv,loaded,,
GazeBaseVR,gazebasevr/data/S_1387_S1_4_TEX.csv,loaded,,
GazeBaseVR,gazebasevr/data/S_1387_S2_4_TEX.csv,loaded,,
GazeBaseVR,gazebasevr/data/S_1388_S1_4_TEX.csv,loaded,,
GazeBaseVR,gazebasevr/data/S_1388_S2_4_TEX.csv,loaded,,
GazeBaseVR,gazebasevr/data/S_1389_S1_4_TEX.csv,loaded,,
GazeBaseVR,gazebasevr/data/S_1389_S2_4_TEX.csv,loaded,,
GazeBaseVR,gazebasevr/data/S_1390_S1_4_TEX.csv,loaded,,
GazeBaseVR,gazebasevr/data/S_1390_S2_4_TEX.csv,loaded,,
GazeBaseVR,gazebasevr/data/S_1391_S1_4_TEX.csv,loaded,,
GazeBaseVR,gazebasevr/data/S_1391_S2_4_TEX.csv,loaded,,
GazeBaseVR,gazebasevr/data/S_1393_S1_4_TEX.csv,loaded,,
GazeBaseVR,gazebasevr/data/S_1393_S2_4_TEX.csv,loaded,,
GazeBaseVR,gazebasevr/data/S_1394_S1_4_TEX.csv,loaded,,
GazeBaseVR,gazebasevr/data/S_1394_S2_4_TEX.csv,loaded,,
GazeBaseVR,gazebasevr/data/S_1395_S1_4_TEX.csv,loaded,,
GazeBaseVR,gazebasevr/data/S_1395_S2_4_TEX.csv,loaded,,
GazeBaseVR,gazebasevr/data/S_1396_S1_4_TEX.csv,loaded,,
GazeBaseVR,gazebasevr/data/S_1396_S2_4_TEX.csv,loaded,,
GazeBaseVR,gazebasevr/data/S_1397_S1_4_TEX.csv,loaded,,
GazeBaseVR,gazebasevr/data/S_1397_S2_4_TEX.csv,loaded,,
GazeBaseVR,gazebasevr/data/S_1398_S1_4_TEX.csv,loaded,,
GazeBaseVR,gazebasevr/data/S_1398_S2_4_TEX.csv,loaded,,
GazeBaseVR,gazebasevr/data/S_1399_S1_4_TEX.csv,loaded,,
GazeBaseVR,gazebasevr/data/S_1399_S2_4_TEX.csv,loaded,,
GazeBaseVR,gazebasevr/data/S_1400_S1_4_TEX.csv,loaded,,
GazeBaseVR,gazebasevr/data/S_1400_S2_4_TEX.csv,loaded,,
GazeBaseVR,gazebasevr/data/S_1401_S1_4_TEX.csv,loaded,,
GazeBaseVR,gazebasevr/data/S_1401_S2_4_TEX.csv,loaded,,
GazeBaseVR,gazebasevr/data/S_1402_S1_4_TEX.csv,loaded,,
GazeBaseVR,gazebasevr/data/S_1402_S2_4_TEX.csv,loaded,,
GazeBaseVR,gazebasevr/data/S_1403_S1_4_TEX.csv,loaded,,
GazeBaseVR,gazebasevr/data/S_1403_S2_4_TEX.csv,loaded,,
GazeBaseVR,gazebasevr/data/S_1404_S1_4_TEX.csv,loaded,,
GazeBaseVR,gazebasevr/data/S_1404_S2_4_TEX.csv,loaded,,
GazeBaseVR,gazebasevr/data/S_1405_S1_4_TEX.csv,loaded,,
GazeBaseVR,gazebasevr/data/S_1405_S2_4_TEX.csv,loaded,,
GazeBaseVR,gazebasevr/data/S_1406_S1_4_TEX.csv,loaded,,
GazeBaseVR,gazebasevr/data/S_1406_S2_4_TEX.csv,loaded,,
GazeBaseVR,gazebasevr/data/S_1407_S1_4_TEX.csv,loaded,,
GazeBaseVR,gazebasevr/data/S_1407_S2_4_TEX.csv,loaded,,
GazeBaseVR,gazebasevr/data/S_1408_S1_4_TEX.csv,loaded,,
GazeBaseVR,gazebasevr/data/S_1408_S2_4_TEX.csv,loaded,,
GazeBaseVR,gazebasevr/data/S_1409_S1_4_TEX.csv,loaded,,
GazeBaseVR,gazebasevr/data/S_1409_S2_4_TEX.csv,loaded,,
GazeBaseVR,gazebasevr/data/S_1410_S1_4_TEX.csv,loaded,,
GazeBaseVR,gazebasevr/data/S_1410_S2_4_TEX.csv,loaded,,
GazeBaseVR,gazebasevr/data/S_1411_S1_4_TEX.csv,loaded,,
GazeBaseVR,gazebasevr/data/S_1411_S2_4_TEX.csv,loaded,,
GazeBaseVR,gazebasevr/data/S_1412_S1_4_TEX.csv,loaded,,
GazeBaseVR,gazebasevr/data/S_1412_S2_4_TEX.csv,loaded,,
GazeBaseVR,gazebasevr/data/S_1413_S1_4_TEX.csv,loaded,,
GazeBaseVR,gazebasevr/data/S_1413_S2_4_TEX.csv,loaded,,
GazeBaseVR,gazebasevr/data/S_1414_S1_4_TEX.csv,loaded,,
GazeBaseVR,gazebasevr/data/S_1414_S2_4_TEX.csv,loaded,,
GazeBaseVR,gazebasevr/data/S_1415_S1_4_TEX.csv,loaded,,
GazeBaseVR,gazebasevr/data/S_1415_S2_4_TEX.csv,loaded,,
GazeBaseVR,gazebasevr/data/S_1416_S1_4_TEX.csv,loaded,,
GazeBaseVR,gazebasevr/data/S_1416_S2_4_TEX.csv,loaded,,
GazeBaseVR,gazebasevr/data/S_1417_S1_4_TEX.csv,loaded,,
GazeBaseVR,gazebasevr/data/S_1417_S2_4_TEX.csv,loaded,,
GazeBaseVR,gazebasevr/data/S_1419_S1_4_TEX.csv,loaded,,
GazeBaseVR,gazebasevr/data/S_1419_S2_4_TEX.csv,loaded,,
GazeBaseVR,gazebasevr/data/S_1420_S1_4_TEX.csv,loaded,,
GazeBaseVR,gazebasevr/data/S_1420_S2_4_TEX.csv,loaded,,
GazeBaseVR,gazebasevr/data/S_1421_S1_4_TEX.csv,loaded,,
GazeBaseVR,gazebasevr/data/S_1421_S2_4_TEX.csv,loaded,,
GazeBaseVR,gazebasevr/data/S_1423_S1_4_TEX.csv,loaded,,
GazeBaseVR,gazebasevr/data/S_1423_S2_4_TEX.csv,loaded,,
GazeBaseVR,gazebasevr/data/S_1424_S1_4_TEX.csv,loaded,,
GazeBaseVR,gazebasevr/data/S_1424_S2_4_TEX.csv,loaded,,
GazeBaseVR,gazebasevr/data/S_1425_S1_4_TEX.csv,loaded,,
GazeBaseVR,gazebasevr/data/S_1425_S2_4_TEX.csv,loaded,,
GazeBaseVR,gazebasevr/data/S_1426_S1_4_TEX.csv,loaded,,
GazeBaseVR,gazebasevr/data/S_1426_S2_4_TEX.csv,loaded,,
GazeBaseVR,gazebasevr/data/S_1427_S1_4_TEX.csv,loaded,,
GazeBaseVR,gazebasevr/data/S_1427_S2_4_TEX.csv,loaded,,
GazeBaseVR,gazebasevr/data/S_1428_S1_4_TEX.csv,loaded,,
GazeBaseVR,gazebasevr/data/S_1428_S2_4_TEX.csv,loaded,,
GazeBaseVR,gazebasevr/data/S_1429_S1_4_TEX.csv,loaded,,
GazeBaseVR,gazebasevr/data/S_1429_S2_4_TEX.csv,loaded,,
GazeBaseVR,gazebasevr/data/S_1430_S1_4_TEX.csv,loaded,,
GazeBaseVR,gazebasevr/data/S_1430_S2_4_TEX.csv,loaded,,
GazeBaseVR,gazebasevr/data/S_1431_S1_4_TEX.csv,loaded,,
GazeBaseVR,gazebasevr/data/S_1431_S2_4_TEX.csv,loaded,,
GazeBaseVR,gazebasevr/data/S_1432_S1_4_TEX.csv,loaded,,
GazeBaseVR,gazebasevr/data/S_1432_S2_4_TEX.csv,loaded,,
GazeBaseVR,gazebasevr/data/S_1433_S1_4_TEX.csv,loaded,,
GazeBaseVR,gazebasevr/data/S_1433_S2_4_TEX.csv,loaded,,
GazeBaseVR,gazebasevr/data/S_1434_S1_4_TEX.csv,loaded,,
GazeBaseVR,gazebasevr/data/S_1434_S2_4_TEX.csv,loaded,,
GazeBaseVR,gazebasevr/data/S_1435_S1_4_TEX.csv,loaded,,
GazeBaseVR,gazebasevr/data/S_1435_S2_4_TEX.csv,loaded,,
GazeBaseVR,gazebasevr/data/S_1436_S1_4_TEX.csv,loaded,,
GazeBaseVR,gazebasevr/data/S_1436_S2_4_TEX.csv,loaded,,
GazeBaseVR,gazebasevr/data/S_1437_S1_4_TEX.csv,loaded,,
GazeBaseVR,gazebasevr/data/S_1437_S2_4_TEX.csv,loaded,,
GazeBaseVR,gazebasevr/data/S_1438_S1_4_TEX.csv,loaded,,
GazeBaseVR,gazebasevr/data/S_1438_S2_4_TEX.csv,loaded,,
GazeBaseVR,gazebasevr/data/S_1439_S1_4_TEX.csv,loaded,,
GazeBaseVR,gazebasevr/data/S_1439_S2_4_TEX.csv,loaded,,
GazeBaseVR,gazebasevr/data/S_1440_S1_4_TEX.csv,loaded,,
GazeBaseVR,gazebasevr/data/S_1440_S2_4_TEX.csv,loaded,,
GazeBaseVR,gazebasevr/data/S_1441_S1_4_TEX.csv,loaded,,
GazeBaseVR,gazebasevr/data/S_1441_S2_4_TEX.csv,loaded,,
GazeBaseVR,gazebasevr/data/S_1442_S1_4_TEX.csv,loaded,,
GazeBaseVR,gazebasevr/data/S_1442_S2_4_TEX.csv,loaded,,
GazeBaseVR,gazebasevr/data/S_1443_S1_4_TEX.csv,loaded,,
GazeBaseVR,gazebasevr/data/S_1443_S2_4_TEX.csv,loaded,,
GazeBaseVR,gazebasevr/data/S_1444_S1_4_TEX.csv,loaded,,
GazeBaseVR,gazebasevr/data/S_1444_S2_4_TEX.csv,loaded,,
GazeBaseVR,gazebasevr/data/S_1445_S1_4_TEX.csv,loaded,,
GazeBaseVR,gazebasevr/data/S_1445_S2_4_TEX.csv,loaded,,
GazeBaseVR,gazebasevr/data/S_1446_S1_4_TEX.csv,loaded,,
GazeBaseVR,gazebasevr/data/S_1446_S2_4_TEX.csv,loaded,,
GazeBaseVR,gazebasevr/data/S_1447_S1_4_TEX.csv,loaded,,
GazeBaseVR,gazebasevr/data/S_1447_S2_4_TEX.csv,loaded,,
GazeBaseVR,gazebasevr/data/S_1448_S1_4_TEX.csv,loaded,,
GazeBaseVR,gazebasevr/data/S_1448_S2_4_TEX.csv,loaded,,
GazeBaseVR,gazebasevr/data/S_1449_S1_4_TEX.csv,loaded,,
GazeBaseVR,gazebasevr/data/S_1449_S2_4_TEX.csv,loaded,,
GazeBaseVR,gazebasevr/data/S_1450_S1_4_TEX.csv,loaded,,
GazeBaseVR,gazebasevr/data/S_1450_S2_4_TEX.csv,loaded,,
GazeBaseVR,gazebasevr/data/S_1451_S1_4_TEX.csv,loaded,,
GazeBaseVR,gazebasevr/data/S_1451_S2_4_TEX.csv,loaded,,
GazeBaseVR,gazebasevr/data/S_1452_S1_4_TEX.csv,loaded,,
GazeBaseVR,gazebasevr/data/S_1452_S2_4_TEX.csv,loaded,,
GazeBaseVR,gazebasevr/data/S_1453_S1_4_TEX.csv,loaded,,
GazeBaseVR,gazebasevr/data/S_1453_S2_4_TEX.csv,loaded,,
GazeBaseVR,gazebasevr/data/S_1454_S1_4_TEX.csv,loaded,,
GazeBaseVR,gazebasevr/data/S_1454_S2_4_TEX.csv,loaded,,
GazeBaseVR,gazebasevr/data/S_1455_S1_4_TEX.csv,loaded,,
GazeBaseVR,gazebasevr/data/S_1455_S2_4_TEX.csv,loaded,,
GazeBaseVR,gazebasevr/data/S_1458_S1_4_TEX.csv,loaded,,
GazeBaseVR,gazebasevr/data/S_1458_S2_4_TEX.csv,loaded,,
GazeBaseVR,gazebasevr/data/S_1460_S1_4_TEX.csv,loaded,,
GazeBaseVR,gazebasevr/data/S_1460_S2_4_TEX.csv,loaded,,
GazeBaseVR,gazebasevr/data/S_1461_S1_4_TEX.csv,loaded,,
GazeBaseVR,gazebasevr/data/S_1461_S2_4_TEX.csv,loaded,,
GazeBaseVR,gazebasevr/data/S_1463_S1_4_TEX.csv,loaded,,
GazeBaseVR,gazebasevr/data/S_1463_S2_4_TEX.csv,loaded,,
GazeBaseVR,gazebasevr/data/S_1464_S1_4_TEX.csv,loaded,,
GazeBaseVR,gazebasevr/data/S_1464_S2_4_TEX.csv,loaded,,
GazeBaseVR,gazebasevr/data/S_1465_S1_4_TEX.csv,loaded,,
GazeBaseVR,gazebasevr/data/S_1465_S2_4_TEX.csv,loaded,,
GazeBaseVR,gazebasevr/data/S_2008_S1_4_TEX.csv,loaded,,
GazeBaseVR,gazebasevr/data/S_2008_S2_4_TEX.csv,loaded,,
GazeBaseVR,gazebasevr/data/S_2009_S1_4_TEX.csv,loaded,,
GazeBaseVR,gazebasevr/data/S_2009_S2_4_TEX.csv,loaded,,
GazeBaseVR,gazebasevr/data/S_2012_S1_4_TEX.csv,loaded,,
GazeBaseVR,gazebasevr/data/S_2012_S2_4_TEX.csv,loaded,,
GazeBaseVR,gazebasevr/data/S_2014_S1_4_TEX.csv,loaded,,
GazeBaseVR,gazebasevr/data/S_2014_S2_4_TEX.csv,loaded,,
GazeBaseVR,gazebasevr/data/S_2019_S1_4_TEX.csv,loaded,,
GazeBaseVR,gazebasevr/data/S_2019_S2_4_TEX.csv,loaded,,
GazeBaseVR,gazebasevr/data/S_2023_S1_4_TEX.csv,loaded,,
GazeBaseVR,gazebasevr/data/S_2023_S2_4_TEX.csv,loaded,,
GazeBaseVR,gazebasevr/data/S_2031_S1_4_TEX.csv,loaded,,
GazeBaseVR,gazebasevr/data/S_2031_S2_4_TEX.csv,loaded,,
GazeBaseVR,gazebasevr/data/S_2072_S1_4_TEX.csv,loaded,,
GazeBaseVR,gazebasevr/data/S_2072_S2_4_TEX.csv,loaded,,
GazeBaseVR,gazebasevr/data/S_2099_S1_4_TEX.csv,loaded,,
GazeBaseVR,gazebasevr/data/S_2099_S2_4_TEX.csv,loaded,,
GazeBaseVR,gazebasevr/data/S_2100_S1_4_TEX.csv,loaded,,
GazeBaseVR,gazebasevr/data/S_2100_S2_4_TEX.csv,loaded,,
GazeBaseVR,gazebasevr/data/S_2103_S1_4_TEX.csv,loaded,,
GazeBaseVR,gazebasevr/data/S_2103_S2_4_TEX.csv,loaded,,
GazeBaseVR,gazebasevr/data/S_2112_S1_4_TEX.csv,loaded,,
GazeBaseVR,gazebasevr/data/S_2112_S2_4_TEX.csv,loaded,,
GazeBaseVR,gazebasevr/data/S_2118_S1_4_TEX.csv,loaded,,
GazeBaseVR,gazebasevr/data/S_2118_S2_4_TEX.csv,loaded,,
GazeBaseVR,gazebasevr/data/S_2130_S1_4_TEX.csv,loaded,,
GazeBaseVR,gazebasevr/data/S_2130_S2_4_TEX.csv,loaded,,
GazeBaseVR,gazebasevr/data/S_2137_S1_4_TEX.csv,loaded,,
GazeBaseVR,gazebasevr/data/S_2137_S2_4_TEX.csv,loaded,,
GazeBaseVR,gazebasevr/data/S_2138_S1_4_TEX.csv,loaded,,
GazeBaseVR,gazebasevr/data/S_2138_S2_4_TEX.csv,loaded,,
GazeBaseVR,gazebasevr/data/S_2145_S1_4_TEX.csv,loaded,,
GazeBaseVR,gazebasevr/data/S_2145_S2_4_TEX.csv,loaded,,
GazeBaseVR,gazebasevr/data/S_2147_S1_4_TEX.csv,loaded,,
GazeBaseVR,gazebasevr/data/S_2147_S2_4_TEX.csv,loaded,,
GazeBaseVR,gazebasevr/data/S_2165_S1_4_TEX.csv,loaded,,
GazeBaseVR,gazebasevr/data/S_2165_S2_4_TEX.csv,loaded,,
GazeBaseVR,gazebasevr/data/S_2169_S1_4_TEX.csv,loaded,,
GazeBaseVR,gazebasevr/data/S_2169_S2_4_TEX.csv,loaded,,
GazeBaseVR,gazebasevr/data/S_2170_S1_4_TEX.csv,loaded,,
GazeBaseVR,gazebasevr/data/S_2170_S2_4_TEX.csv,loaded,,
GazeBaseVR,gazebasevr/data/S_2171_S1_4_TEX.csv,loaded,,
GazeBaseVR,gazebasevr/data/S_2171_S2_4_TEX.csv,loaded,,
GazeBaseVR,gazebasevr/data/S_2199_S1_4_TEX.csv,loaded,,
GazeBaseVR,gazebasevr/data/S_2199_S2_4_TEX.csv,loaded,,
GazeBaseVR,gazebasevr/data/S_2201_S1_4_TEX.csv,loaded,,
GazeBaseVR,gazebasevr/data/S_2201_S2_4_TEX.csv,loaded,,
GazeBaseVR,gazebasevr/data/S_2214_S1_4_TEX.csv,loaded,,
GazeBaseVR,gazebasevr/data/S_2214_S2_4_TEX.csv,loaded,,
GazeBaseVR,gazebasevr/data/S_2220_S1_4_TEX.csv,loaded,,
GazeBaseVR,gazebasevr/data/S_2220_S2_4_TEX.csv,loaded,,
GazeBaseVR,gazebasevr/data/S_2233_S1_4_TEX.csv,loaded,,
GazeBaseVR,gazebasevr/data/S_2233_S2_4_TEX.csv,loaded,,
GazeBaseVR,gazebasevr/data/S_2246_S1_4_TEX.csv,loaded,,
GazeBaseVR,gazebasevr/data/S_2246_S2_4_TEX.csv,loaded,,
GazeBaseVR,gazebasevr/data/S_2251_S1_4_TEX.csv,loaded,,
GazeBaseVR,gazebasevr/data/S_2251_S2_4_TEX.csv,loaded,,
GazeBaseVR,gazebasevr/data/S_2265_S1_4_TEX.csv,loaded,,
GazeBaseVR,gazebasevr/data/S_2265_S2_4_TEX.csv,loaded,,
GazeBaseVR,gazebasevr/data/S_2269_S1_4_TEX.csv,loaded,,
GazeBaseVR,gazebasevr/data/S_2269_S2_4_TEX.csv,loaded,,
GazeBaseVR,gazebasevr/data/S_2276_S1_4_TEX.csv,loaded,,
GazeBaseVR,gazebasevr/data/S_2276_S2_4_TEX.csv,loaded,,
GazeBaseVR,gazebasevr/data/S_2289_S1_4_TEX.csv,loaded,,
GazeBaseVR,gazebasevr/data/S_2289_S2_4_TEX.csv,loaded,,
GazeBaseVR,gazebasevr/data/S_2308_S1_4_TEX.csv,loaded,,
GazeBaseVR,gazebasevr/data/S_2308_S2_4_TEX.csv,loaded,,
GazeBaseVR,gazebasevr/data/S_2315_S1_4_TEX.csv,loaded,,
GazeBaseVR,gazebasevr/data/S_2315_S2_4_TEX.csv,loaded,,
GazeBaseVR,gazebasevr/data/S_3002_S1_4_TEX.csv,loaded,,
GazeBaseVR,gazebasevr/data/S_3002_S2_4_TEX.csv,loaded,,
GazeBaseVR,gazebasevr/data/S_3038_S1_4_TEX.csv,loaded,,
GazeBaseVR,gazebasevr/data/S_3038_S2_4_TEX.csv,loaded,,
GazeBaseVR,gazebasevr/data/S_3051_S1_4_TEX.csv,loaded,,
GazeBaseVR,gazebasevr/data/S_3051_S2_4_TEX.csv,loaded,,
GazeBaseVR,gazebasevr/data/S_3069_S1_4_TEX.csv,loaded,,
GazeBaseVR,gazebasevr/data/S_3069_S2_4_TEX.csv,loaded,,
GazeBaseVR,gazebasevr/data/S_3075_S1_4_TEX.csv,loaded,,
GazeBaseVR,gazebasevr/data/S_3075_S2_4_TEX.csv,loaded,,
GazeBaseVR,gazebasevr/data/S_3079_S1_4_TEX.csv,loaded,,
GazeBaseVR,gazebasevr/data/S_3079_S2_4_TEX.csv,loaded,,
GazeBaseVR,gazebasevr/data/S_3089_S1_4_TEX.csv,loaded,,
GazeBaseVR,gazebasevr/data/S_3089_S2_4_TEX.csv,loaded,,
GazeBaseVR,gazebasevr/data/S_3092_S1_4_TEX.csv,loaded,,
GazeBaseVR,gazebasevr/data/S_3092_S2_4_TEX.csv,loaded,,
GazeBaseVR,gazebasevr/data/S_3095_S1_4_TEX.csv,loaded,,
GazeBaseVR,gazebasevr/data/S_3095_S2_4_TEX.csv,loaded,,
GazeBaseVR,gazebasevr/data/S_3097_S1_4_TEX.csv,loaded,,
GazeBaseVR,gazebasevr/data/S_3097_S2_4_TEX.csv,loaded,,
GazeBaseVR,gazebasevr/data/S_3102_S1_4_TEX.csv,loaded,,
GazeBaseVR,gazebasevr/data/S_3102_S2_4_TEX.csv,loaded,,
GazeBaseVR,gazebasevr/data/S_3137_S1_4_TEX.csv,loaded,,
GazeBaseVR,gazebasevr/data/S_3137_S2_4_TEX.csv,loaded,,
GazeBaseVR,gazebasevr/data/S_3147_S1_4_TEX.csv,loaded,,
GazeBaseVR,gazebasevr/data/S_3147_S2_4_TEX.csv,loaded,,
GazeBaseVR,gazebasevr/data/S_3151_S1_4_TEX.csv,loaded,,
GazeBaseVR,gazebasevr/data/S_3151_S2_4_TEX.csv,loaded,,
GazeBaseVR,gazebasevr/data/S_3165_S1_4_TEX.csv,loaded,,
GazeBaseVR,gazebasevr/data/S_3165_S2_4_TEX.csv,loaded,,
GazeBaseVR,gazebasevr/data/S_3169_S1_4_TEX.csv,loaded,,
GazeBaseVR,gazebasevr/data/S_3169_S2_4_TEX.csv,loaded,,
GazeBaseVR,gazebasevr/data/S_3183_S1_4_TEX.csv,loaded,,
GazeBaseVR,gazebasevr/data/S_3183_S2_4_TEX.csv,loaded,,
GazeBaseVR,gazebasevr/data/S_3199_S1_4_TEX.csv,loaded,,
GazeBaseVR,gazebasevr/data/S_3199_S2_4_TEX.csv,loaded,,
GazeBaseVR,gazebasevr/data/S_3201_S1_4_TEX.csv,loaded,,
GazeBaseVR,gazebasevr/data/S_3201_S2_4_TEX.csv,loaded,,
GazeBaseVR,gazebasevr/data/S_3209_S1_4_TEX.csv,loaded,,
GazeBaseVR,gazebasevr/data/S_3209_S2_4_TEX.csv,loaded,,
GazeBaseVR,gazebasevr/data/S_3216_S1_4_TEX.csv,loaded,,
GazeBaseVR,gazebasevr/data/S_3216_S2_4_TEX.csv,loaded,,
GazeBaseVR,gazebasevr/data/S_3220_S1_4_TEX.csv,loaded,,
GazeBaseVR,gazebasevr/data/S_3220_S2_4_TEX.csv,loaded,,
GazeBaseVR,gazebasevr/data/S_3223_S1_4_TEX.csv,loaded,,
GazeBaseVR,gazebasevr/data/S_3223_S2_4_TEX.csv,loaded,,
GazeBaseVR,gazebasevr/data/S_3226_S1_4_TEX.csv,loaded,,
GazeBaseVR,gazebasevr/data/S_3226_S2_4_TEX.csv,loaded,,
GazeBaseVR,gazebasevr/data/S_3233_S1_4_TEX.csv,loaded,,
GazeBaseVR,gazebasevr/data/S_3233_S2_4_TEX.csv,loaded,,
GazeBaseVR,gazebasevr/data/S_3244_S1_4_TEX.csv,loaded,,
GazeBaseVR,gazebasevr/data/S_3244_S2_4_TEX.csv,loaded,,
GazeBaseVR,gazebasevr/data/S_3248_S1_4_TEX.csv,loaded,,
GazeBaseVR,gazebasevr/data/S_3248_S2_4_TEX.csv,loaded,,
GazeBaseVR,gazebasevr/data/S_3261_S1_4_TEX.csv,loaded,,
GazeBaseVR,gazebasevr/data/S_3261_S2_4_TEX.csv,loaded,,
GazeBaseVR,gazebasevr/data/S_3265_S1_4_TEX.csv,loaded,,
GazeBaseVR,gazebasevr/data/S_3265_S2_4_TEX.csv,loaded,,
GazeBaseVR,gazebasevr/data/S_3271_S1_4_TEX.csv,loaded,,
GazeBaseVR,gazebasevr/data/S_3271_S2_4_TEX.csv,loaded,,
GazeBaseVR,gazebasevr/data/S_3274_S1_4_TEX.csv,loaded,,
GazeBaseVR,gazebasevr/data/S_3274_S2_4_TEX.csv,loaded,,
GazeBaseVR,gazebasevr/data/S_3284_S1_4_TEX.csv,loaded,,
GazeBaseVR,gazebasevr/data/S_3284_S2_4_TEX.csv,loaded,,
GazeBaseVR,gazebasevr/data/S_3285_S1_4_TEX.csv,loaded,,
GazeBaseVR,gazebasevr/data/S_3285_S2_4_TEX.csv,loaded,,
GazeBaseVR,gazebasevr/data/S_3290_S1_4_TEX.csv,loaded,,
GazeBaseVR,gazebasevr/data/S_3290_S2_4_TEX.csv,loaded,,
GazeBaseVR,gazebasevr/data/S_3298_S1_4_TEX.csv,loaded,,
GazeBaseVR,gazebasevr/data/S_3298_S2_4_TEX.csv,loaded,,
GazeBaseVR,gazebasevr/data/S_3300_S1_4_TEX.csv,loaded,,
GazeBaseVR,gazebasevr/data/S_3300_S2_4_TEX.csv,loaded,,
GazeBaseVR,gazebasevr/data/S_3308_S1_4_TEX.csv,loaded,,
GazeBaseVR,gazebasevr/data/S_3308_S2_4_TEX.csv,loaded,,
GazeBaseVR,gazebasevr/data/S_3309_S1_4_TEX.csv,loaded,,
GazeBaseVR,gazebasevr/data/S_3309_S2_4_TEX.csv,loaded,,
GazeBaseVR,gazebasevr/data/S_3321_S1_4_TEX.csv,loaded,,
GazeBaseVR,gazebasevr/data/S_3321_S2_4_TEX.csv,loaded,,
GazeBaseVR,gazebasevr/data/S_3325_S1_4_TEX.csv,loaded,,
GazeBaseVR,gazebasevr/data/S_3325_S2_4_TEX.csv,loaded,,
GazeBaseVR,gazebasevr/data/S_3333_S1_4_TEX.csv,loaded,,
GazeBaseVR,gazebasevr/data/S_3333_S2_4_TEX.csv,loaded,,
GazeBaseVR,gazebasevr/data/S_3339_S1_4_TEX.csv,loaded,,
GazeBaseVR,gazebasevr/data/S_3339_S2_4_TEX.csv,loaded,,
GazeBaseVR,gazebasevr/data/S_3345_S1_4_TEX.csv,loaded,,
GazeBaseVR,gazebasevr/data/S_3345_S2_4_TEX.csv,loaded,,
GazeBaseVR,gazebasevr/data/S_3348_S1_4_TEX.csv,loaded,,
GazeBaseVR,gazebasevr/data/S_3348_S2_4_TEX.csv,loaded,,
GazeBaseVR,gazebasevr/data/S_3355_S1_4_TEX.csv,loaded,,
GazeBaseVR,gazebasevr/data/S_3355_S2_4_TEX.csv,loaded,,
GazeBaseVR,gazebasevr/data/S_3358_S1_4_TEX.csv,loaded,,
GazeBaseVR,gazebasevr/data/S_3358_S2_4_TEX.csv,loaded,,
GazeBaseVR,gazebasevr/data/S_3362_S1_4_TEX.csv,loaded,,
GazeBaseVR,gazebasevr/data/S_3362_S2_4_TEX.csv,loaded,,
GazeBaseVR,gazebasevr/data/S_3370_S1_4_TEX.csv,loaded,,
GazeBaseVR,gazebasevr/data/S_3370_S2_4_TEX.csv,loaded,,
GazeBaseVR,gazebasevr/data/S_3376_S1_4_TEX.csv,loaded,,
GazeBaseVR,gazebasevr/data/S_3376_S2_4_TEX.csv,loaded,,
GazeBaseVR,gazebasevr/data/S_3377_S1_4_TEX.csv,loaded,,
GazeBaseVR,gazebasevr/data/S_3377_S2_4_TEX.csv,loaded,,
GazeBaseVR,gazebasevr/data/S_3387_S1_4_TEX.csv,loaded,,
GazeBaseVR,gazebasevr/data/S_3387_S2_4_TEX.csv,loaded,,
GazeBaseVR,gazebasevr/data/S_3405_S1_4_TEX.csv,loaded,,
GazeBaseVR,gazebasevr/data/S_3405_S2_4_TEX.csv,loaded,,
GazeBaseVR,gazebasevr/data/S_3420_S1_4_TEX.csv,loaded,,
GazeBaseVR,gazebasevr/data/S_3420_S2_4_TEX.csv,loaded,,
GazeBaseVR,gazebasevr/data/S_3421_S1_4_TEX.csv,loaded,,
GazeBaseVR,gazebasevr/data/S_3421_S2_4_TEX.csv,loaded,,
GazeBaseVR,gazebasevr/data/S_3424_S1_4_TEX.csv,loaded,,
GazeBaseVR,gazebasevr/data/S_3424_S2_4_TEX.csv,loaded,,
GazeBaseVR,gazebasevr/data/S_3433_S1_4_TEX.csv,loaded,,
GazeBaseVR,gazebasevr/data/S_3433_S2_4_TEX.csv,loaded,,
GazeBaseVR,gazebasevr/data/S_3438_S1_4_TEX.csv,loaded,,
GazeBaseVR,gazebasevr/data/S_3438_S2_4_TEX.csv,loaded,,
GazeBaseVR,gazebasevr/data/S_3441_S1_4_TEX.csv,loaded,,
GazeBaseVR,gazebasevr/data/S_3441_S2_4_TEX.csv,loaded,,
GazeBaseVR,gazebasevr/data/S_3450_S1_4_TEX.csv,loaded,,
GazeBaseVR,gazebasevr/data/S_3450_S2_4_TEX.csv,loaded,,
GazeBaseVR,gazebasevr/data/S_3458_S1_4_TEX.csv,loaded,,
GazeBaseVR,gazebasevr/data/S_3458_S2_4_TEX.csv,loaded,,
ZuCo,ZUCO/YAC/YAC_NR1_ET.mat,loaded,,
ZuCo,ZUCO/YAC/YAC_NR2_ET.mat,loaded,,
ZuCo,ZUCO/YAC/YAC_NR3_ET.mat,loaded,,
ZuCo,ZUCO/YAC/YAC_NR4_ET.mat,loaded,,
ZuCo,ZUCO/YAC/YAC_NR5_ET.mat,loaded,,
ZuCo,ZUCO/YAC/YAC_NR6_ET.mat,loaded,,
ZuCo,ZUCO/YAC/YAC_NR7_ET.mat,loaded,,
ZuCo,ZUCO/YAG/YAG_NR1_ET.mat,loaded,,
ZuCo,ZUCO/YAG/YAG_NR2_ET.mat,loaded,,
ZuCo,ZUCO/YAG/YAG_NR3_ET.mat,loaded,,
ZuCo,ZUCO/YAG/YAG_NR4_ET.mat,loaded,,
ZuCo,ZUCO/YAG/YAG_NR5_ET.mat,loaded,,
ZuCo,ZUCO/YAG/YAG_NR6_ET.mat,loaded,,
ZuCo,ZUCO/YAG/YAG_NR7_ET.mat,loaded,,
ZuCo,ZUCO/YAK/YAK_NR1_ET.mat,loaded,,
ZuCo,ZUCO/YAK/YAK_NR2_ET.mat,loaded,,
ZuCo,ZUCO/YAK/YAK_NR3_ET.mat,loaded,,
ZuCo,ZUCO/YAK/YAK_NR4_ET.mat,loaded,,
ZuCo,ZUCO/YAK/YAK_NR5_ET.mat,loaded,,
ZuCo,ZUCO/YAK/YAK_NR6_ET.mat,loaded,,
ZuCo,ZUCO/YAK/YAK_NR7_ET.mat,loaded,,
ZuCo,ZUCO/YDG/YDG_NR1_ET.mat,loaded,,
ZuCo,ZUCO/YDG/YDG_NR2_ET.mat,loaded,,
ZuCo,ZUCO/YDG/YDG_NR3_ET.mat,loaded,,
ZuCo,ZUCO/YDG/YDG_NR4_ET.mat,loaded,,
ZuCo,ZUCO/YDG/YDG_NR5_ET.mat,loaded,,
ZuCo,ZUCO/YDG/YDG_NR6_ET.mat,loaded,,
ZuCo,ZUCO/YDG/YDG_NR7_ET.mat,loaded,,
ZuCo,ZUCO/YDR/YDR_NR1_ET.mat,loaded,,
ZuCo,ZUCO/YDR/YDR_NR2_ET.mat,loaded,,
ZuCo,ZUCO/YDR/YDR_NR3_ET.mat,loaded,,
ZuCo,ZUCO/YDR/YDR_NR4_ET.mat,loaded,,
ZuCo,ZUCO/YDR/YDR_NR5_ET.mat,loaded,,
ZuCo,ZUCO/YDR/YDR_NR6_ET.mat,loaded,,
ZuCo,ZUCO/YDR/YDR_NR7_ET.mat,loaded,,
ZuCo,ZUCO/YFR/YFR_NR1_ET.mat,loaded,,
ZuCo,ZUCO/YFR/YFR_NR2_ET.mat,loaded,,
ZuCo,ZUCO/YFR/YFR_NR3_ET.mat,loaded,,
ZuCo,ZUCO/YFR/YFR_NR4_ET.mat,loaded,,
ZuCo,ZUCO/YFR/YFR_NR5_ET.mat,loaded,,
ZuCo,ZUCO/YFR/YFR_NR6_ET.mat,loaded,,
ZuCo,ZUCO/YFR/YFR_NR7_ET.mat,loaded,,
ZuCo,ZUCO/YFS/YFS_NR1_ET.mat,loaded,,
ZuCo,ZUCO/YFS/YFS_NR2_ET.mat,loaded,,
ZuCo,ZUCO/YFS/YFS_NR3_ET.mat,loaded,,
ZuCo,ZUCO/YFS/YFS_NR4_ET.mat,loaded,,
ZuCo,ZUCO/YFS/YFS_NR5_ET.mat,loaded,,
ZuCo,ZUCO/YFS/YFS_NR6_ET.mat,loaded,,
ZuCo,ZUCO/YFS/YFS_NR7_ET.mat,loaded,,
ZuCo,ZUCO/YHS/YHS_NR1_ET.mat,loaded,,
ZuCo,ZUCO/YHS/YHS_NR2_ET.mat,loaded,,
ZuCo,ZUCO/YHS/YHS_NR3_ET.mat,loaded,,
ZuCo,ZUCO/YHS/YHS_NR4_ET.mat,loaded,,
ZuCo,ZUCO/YHS/YHS_NR5_ET.mat,loaded,,
ZuCo,ZUCO/YHS/YHS_NR6_ET.mat,loaded,,
ZuCo,ZUCO/YHS/YHS_NR7_ET.mat,loaded,,
ZuCo,ZUCO/YIS/YIS_NR1_ET.mat,loaded,,
ZuCo,ZUCO/YIS/YIS_NR2_ET.mat,loaded,,
ZuCo,ZUCO/YIS/YIS_NR3_ET.mat,loaded,,
ZuCo,ZUCO/YIS/YIS_NR4_ET.mat,loaded,,
ZuCo,ZUCO/YIS/YIS_NR5_ET.mat,loaded,,
ZuCo,ZUCO/YIS/YIS_NR6_ET.mat,loaded,,
ZuCo,ZUCO/YIS/YIS_NR7_ET.mat,loaded,,
ZuCo,ZUCO/YLS/YLS_NR1_ET.mat,loaded,,
ZuCo,ZUCO/YLS/YLS_NR2_ET.mat,loaded,,
ZuCo,ZUCO/YLS/YLS_NR3_ET.mat,loaded,,
ZuCo,ZUCO/YLS/YLS_NR4_ET.mat,loaded,,
ZuCo,ZUCO/YLS/YLS_NR5_ET.mat,loaded,,
ZuCo,ZUCO/YLS/YLS_NR6_ET.mat,loaded,,
ZuCo,ZUCO/YLS/YLS_NR7_ET.mat,loaded,,
Pedrotti,Pedrotti/01.txt,loaded,,01_trial_001
Pedrotti,Pedrotti/01.txt,loaded,,01_trial_002
Pedrotti,Pedrotti/01.txt,loaded,,01_trial_003
Pedrotti,Pedrotti/01.txt,loaded,,01_trial_004
Pedrotti,Pedrotti/01.txt,loaded,,01_trial_005
Pedrotti,Pedrotti/01.txt,loaded,,01_trial_006
Pedrotti,Pedrotti/01.txt,loaded,,01_trial_007
Pedrotti,Pedrotti/01.txt,loaded,,01_trial_008
Pedrotti,Pedrotti/01.txt,loaded,,01_trial_009
Pedrotti,Pedrotti/01.txt,loaded,,01_trial_010
Pedrotti,Pedrotti/01.txt,loaded,,01_trial_011
Pedrotti,Pedrotti/01.txt,loaded,,01_trial_012
Pedrotti,Pedrotti/01.txt,loaded,,01_trial_013
Pedrotti,Pedrotti/01.txt,loaded,,01_trial_014
Pedrotti,Pedrotti/01.txt,loaded,,01_trial_015
Pedrotti,Pedrotti/01.txt,loaded,,01_trial_016
Pedrotti,Pedrotti/01.txt,loaded,,01_trial_017
Pedrotti,Pedrotti/01.txt,loaded,,01_trial_018
Pedrotti,Pedrotti/01.txt,loaded,,01_trial_019
Pedrotti,Pedrotti/01.txt,loaded,,01_trial_020
Pedrotti,Pedrotti/01.txt,loaded,,01_trial_021
Pedrotti,Pedrotti/01.txt,loaded,,01_trial_022
Pedrotti,Pedrotti/01.txt,loaded,,01_trial_023
Pedrotti,Pedrotti/01.txt,loaded,,01_trial_024
Pedrotti,Pedrotti/01.txt,loaded,,01_trial_025
Pedrotti,Pedrotti/01.txt,loaded,,01_trial_026
Pedrotti,Pedrotti/01.txt,loaded,,01_trial_027
Pedrotti,Pedrotti/01.txt,loaded,,01_trial_028
Pedrotti,Pedrotti/01.txt,loaded,,01_trial_029
Pedrotti,Pedrotti/01.txt,loaded,,01_trial_030
Pedrotti,Pedrotti/01.txt,loaded,,01_trial_031
Pedrotti,Pedrotti/01.txt,loaded,,01_trial_032
Pedrotti,Pedrotti/01.txt,loaded,,01_trial_033
Pedrotti,Pedrotti/01.txt,loaded,,01_trial_034
Pedrotti,Pedrotti/01.txt,loaded,,01_trial_035
Pedrotti,Pedrotti/01.txt,loaded,,01_trial_036
Pedrotti,Pedrotti/01.txt,loaded,,01_trial_037
Pedrotti,Pedrotti/01.txt,loaded,,01_trial_038
Pedrotti,Pedrotti/01.txt,loaded,,01_trial_039
Pedrotti,Pedrotti/01.txt,loaded,,01_trial_040
Pedrotti,Pedrotti/01.txt,loaded,,01_trial_041
Pedrotti,Pedrotti/01.txt,loaded,,01_trial_042
Pedrotti,Pedrotti/01.txt,loaded,,01_trial_043
Pedrotti,Pedrotti/01.txt,loaded,,01_trial_044
Pedrotti,Pedrotti/01.txt,loaded,,01_trial_045
Pedrotti,Pedrotti/01.txt,loaded,,01_trial_046
Pedrotti,Pedrotti/01.txt,loaded,,01_trial_047
Pedrotti,Pedrotti/01.txt,loaded,,01_trial_048
Pedrotti,Pedrotti/01.txt,excluded_number_stimulus,,01_trial_049
Pedrotti,Pedrotti/01.txt,excluded_number_stimulus,,01_trial_050
Pedrotti,Pedrotti/01.txt,excluded_number_stimulus,,01_trial_051
Pedrotti,Pedrotti/01.txt,excluded_number_stimulus,,01_trial_052
Pedrotti,Pedrotti/01.txt,excluded_number_stimulus,,01_trial_053
Pedrotti,Pedrotti/01.txt,excluded_number_stimulus,,01_trial_054
Pedrotti,Pedrotti/01.txt,excluded_number_stimulus,,01_trial_055
Pedrotti,Pedrotti/01.txt,excluded_number_stimulus,,01_trial_056
Pedrotti,Pedrotti/01.txt,excluded_number_stimulus,,01_trial_057
Pedrotti,Pedrotti/01.txt,excluded_number_stimulus,,01_trial_058
Pedrotti,Pedrotti/01.txt,excluded_number_stimulus,,01_trial_059
Pedrotti,Pedrotti/01.txt,excluded_number_stimulus,,01_trial_060
Pedrotti,Pedrotti/01.txt,excluded_number_stimulus,,01_trial_061
Pedrotti,Pedrotti/01.txt,excluded_number_stimulus,,01_trial_062
Pedrotti,Pedrotti/01.txt,excluded_number_stimulus,,01_trial_063
Pedrotti,Pedrotti/01.txt,excluded_number_stimulus,,01_trial_064
Pedrotti,Pedrotti/01.txt,excluded_number_stimulus,,01_trial_065
Pedrotti,Pedrotti/01.txt,excluded_number_stimulus,,01_trial_066
Pedrotti,Pedrotti/01.txt,excluded_number_stimulus,,01_trial_067
Pedrotti,Pedrotti/01.txt,excluded_number_stimulus,,01_trial_068
Pedrotti,Pedrotti/01.txt,excluded_number_stimulus,,01_trial_069
Pedrotti,Pedrotti/01.txt,excluded_number_stimulus,,01_trial_070
Pedrotti,Pedrotti/01.txt,excluded_number_stimulus,,01_trial_071
Pedrotti,Pedrotti/01.txt,excluded_number_stimulus,,01_trial_072
Pedrotti,Pedrotti/01.txt,excluded_number_stimulus,,01_trial_073
Pedrotti,Pedrotti/01.txt,excluded_number_stimulus,,01_trial_074
Pedrotti,Pedrotti/01.txt,excluded_number_stimulus,,01_trial_075
Pedrotti,Pedrotti/01.txt,excluded_number_stimulus,,01_trial_076
Pedrotti,Pedrotti/01.txt,excluded_number_stimulus,,01_trial_077
Pedrotti,Pedrotti/01.txt,excluded_number_stimulus,,01_trial_078
Pedrotti,Pedrotti/01.txt,excluded_number_stimulus,,01_trial_079
Pedrotti,Pedrotti/01.txt,excluded_number_stimulus,,01_trial_080
Pedrotti,Pedrotti/01.txt,excluded_number_stimulus,,01_trial_081
Pedrotti,Pedrotti/01.txt,excluded_number_stimulus,,01_trial_082
Pedrotti,Pedrotti/01.txt,excluded_number_stimulus,,01_trial_083
Pedrotti,Pedrotti/01.txt,excluded_number_stimulus,,01_trial_084
Pedrotti,Pedrotti/01.txt,excluded_number_stimulus,,01_trial_085
Pedrotti,Pedrotti/01.txt,excluded_number_stimulus,,01_trial_086
Pedrotti,Pedrotti/01.txt,excluded_number_stimulus,,01_trial_087
Pedrotti,Pedrotti/01.txt,excluded_number_stimulus,,01_trial_088
Pedrotti,Pedrotti/01.txt,excluded_number_stimulus,,01_trial_089
Pedrotti,Pedrotti/01.txt,excluded_number_stimulus,,01_trial_090
Pedrotti,Pedrotti/01.txt,excluded_number_stimulus,,01_trial_091
Pedrotti,Pedrotti/01.txt,excluded_number_stimulus,,01_trial_092
Pedrotti,Pedrotti/01.txt,excluded_number_stimulus,,01_trial_093
Pedrotti,Pedrotti/01.txt,excluded_number_stimulus,,01_trial_094
Pedrotti,Pedrotti/01.txt,excluded_number_stimulus,,01_trial_095
Pedrotti,Pedrotti/01.txt,excluded_number_stimulus,,01_trial_096
Pedrotti,Pedrotti/02.txt,excluded_number_stimulus,,02_trial_001
Pedrotti,Pedrotti/02.txt,excluded_number_stimulus,,02_trial_002
Pedrotti,Pedrotti/02.txt,excluded_number_stimulus,,02_trial_003
Pedrotti,Pedrotti/02.txt,excluded_number_stimulus,,02_trial_004
Pedrotti,Pedrotti/02.txt,excluded_number_stimulus,,02_trial_005
Pedrotti,Pedrotti/02.txt,excluded_number_stimulus,,02_trial_006
Pedrotti,Pedrotti/02.txt,excluded_number_stimulus,,02_trial_007
Pedrotti,Pedrotti/02.txt,excluded_number_stimulus,,02_trial_008
Pedrotti,Pedrotti/02.txt,excluded_number_stimulus,,02_trial_009
Pedrotti,Pedrotti/02.txt,excluded_number_stimulus,,02_trial_010
Pedrotti,Pedrotti/02.txt,excluded_number_stimulus,,02_trial_011
Pedrotti,Pedrotti/02.txt,excluded_number_stimulus,,02_trial_012
Pedrotti,Pedrotti/02.txt,excluded_number_stimulus,,02_trial_013
Pedrotti,Pedrotti/02.txt,excluded_number_stimulus,,02_trial_014
Pedrotti,Pedrotti/02.txt,excluded_number_stimulus,,02_trial_015
Pedrotti,Pedrotti/02.txt,excluded_number_stimulus,,02_trial_016
Pedrotti,Pedrotti/02.txt,excluded_number_stimulus,,02_trial_017
Pedrotti,Pedrotti/02.txt,excluded_number_stimulus,,02_trial_018
Pedrotti,Pedrotti/02.txt,excluded_number_stimulus,,02_trial_019
Pedrotti,Pedrotti/02.txt,excluded_number_stimulus,,02_trial_020
Pedrotti,Pedrotti/02.txt,excluded_number_stimulus,,02_trial_021
Pedrotti,Pedrotti/02.txt,excluded_number_stimulus,,02_trial_022
Pedrotti,Pedrotti/02.txt,excluded_number_stimulus,,02_trial_023
Pedrotti,Pedrotti/02.txt,excluded_number_stimulus,,02_trial_024
Pedrotti,Pedrotti/02.txt,excluded_number_stimulus,,02_trial_025
Pedrotti,Pedrotti/02.txt,excluded_number_stimulus,,02_trial_026
Pedrotti,Pedrotti/02.txt,excluded_number_stimulus,,02_trial_027
Pedrotti,Pedrotti/02.txt,excluded_number_stimulus,,02_trial_028
Pedrotti,Pedrotti/02.txt,excluded_number_stimulus,,02_trial_029
Pedrotti,Pedrotti/02.txt,excluded_number_stimulus,,02_trial_030
Pedrotti,Pedrotti/02.txt,excluded_number_stimulus,,02_trial_031
Pedrotti,Pedrotti/02.txt,excluded_number_stimulus,,02_trial_032
Pedrotti,Pedrotti/02.txt,excluded_number_stimulus,,02_trial_033
Pedrotti,Pedrotti/02.txt,excluded_number_stimulus,,02_trial_034
Pedrotti,Pedrotti/02.txt,excluded_number_stimulus,,02_trial_035
Pedrotti,Pedrotti/02.txt,excluded_number_stimulus,,02_trial_036
Pedrotti,Pedrotti/02.txt,excluded_number_stimulus,,02_trial_037
Pedrotti,Pedrotti/02.txt,excluded_number_stimulus,,02_trial_038
Pedrotti,Pedrotti/02.txt,excluded_number_stimulus,,02_trial_039
Pedrotti,Pedrotti/02.txt,excluded_number_stimulus,,02_trial_040
Pedrotti,Pedrotti/02.txt,excluded_number_stimulus,,02_trial_041
Pedrotti,Pedrotti/02.txt,excluded_number_stimulus,,02_trial_042
Pedrotti,Pedrotti/02.txt,excluded_number_stimulus,,02_trial_043
Pedrotti,Pedrotti/02.txt,excluded_number_stimulus,,02_trial_044
Pedrotti,Pedrotti/02.txt,excluded_number_stimulus,,02_trial_045
Pedrotti,Pedrotti/02.txt,excluded_number_stimulus,,02_trial_046
Pedrotti,Pedrotti/02.txt,excluded_number_stimulus,,02_trial_047
Pedrotti,Pedrotti/02.txt,excluded_number_stimulus,,02_trial_048
Pedrotti,Pedrotti/02.txt,loaded,,02_trial_049
Pedrotti,Pedrotti/02.txt,loaded,,02_trial_050
Pedrotti,Pedrotti/02.txt,loaded,,02_trial_051
Pedrotti,Pedrotti/02.txt,loaded,,02_trial_052
Pedrotti,Pedrotti/02.txt,loaded,,02_trial_053
Pedrotti,Pedrotti/02.txt,loaded,,02_trial_054
Pedrotti,Pedrotti/02.txt,loaded,,02_trial_055
Pedrotti,Pedrotti/02.txt,loaded,,02_trial_056
Pedrotti,Pedrotti/02.txt,loaded,,02_trial_057
Pedrotti,Pedrotti/02.txt,loaded,,02_trial_058
Pedrotti,Pedrotti/02.txt,loaded,,02_trial_059
Pedrotti,Pedrotti/02.txt,loaded,,02_trial_060
Pedrotti,Pedrotti/02.txt,loaded,,02_trial_061
Pedrotti,Pedrotti/02.txt,loaded,,02_trial_062
Pedrotti,Pedrotti/02.txt,loaded,,02_trial_063
Pedrotti,Pedrotti/02.txt,loaded,,02_trial_064
Pedrotti,Pedrotti/02.txt,loaded,,02_trial_065
Pedrotti,Pedrotti/02.txt,loaded,,02_trial_066
Pedrotti,Pedrotti/02.txt,loaded,,02_trial_067
Pedrotti,Pedrotti/02.txt,loaded,,02_trial_068
Pedrotti,Pedrotti/02.txt,loaded,,02_trial_069
Pedrotti,Pedrotti/02.txt,loaded,,02_trial_070
Pedrotti,Pedrotti/02.txt,loaded,,02_trial_071
Pedrotti,Pedrotti/02.txt,loaded,,02_trial_072
Pedrotti,Pedrotti/02.txt,loaded,,02_trial_073
Pedrotti,Pedrotti/02.txt,loaded,,02_trial_074
Pedrotti,Pedrotti/02.txt,loaded,,02_trial_075
Pedrotti,Pedrotti/02.txt,loaded,,02_trial_076
Pedrotti,Pedrotti/02.txt,loaded,,02_trial_077
Pedrotti,Pedrotti/02.txt,loaded,,02_trial_078
Pedrotti,Pedrotti/02.txt,loaded,,02_trial_079
Pedrotti,Pedrotti/02.txt,loaded,,02_trial_080
Pedrotti,Pedrotti/02.txt,loaded,,02_trial_081
Pedrotti,Pedrotti/02.txt,loaded,,02_trial_082
Pedrotti,Pedrotti/02.txt,loaded,,02_trial_083
Pedrotti,Pedrotti/02.txt,loaded,,02_trial_084
Pedrotti,Pedrotti/02.txt,loaded,,02_trial_085
Pedrotti,Pedrotti/02.txt,loaded,,02_trial_086
Pedrotti,Pedrotti/02.txt,loaded,,02_trial_087
Pedrotti,Pedrotti/02.txt,loaded,,02_trial_088
Pedrotti,Pedrotti/02.txt,loaded,,02_trial_089
Pedrotti,Pedrotti/02.txt,loaded,,02_trial_090
Pedrotti,Pedrotti/02.txt,loaded,,02_trial_091
Pedrotti,Pedrotti/02.txt,loaded,,02_trial_092
Pedrotti,Pedrotti/02.txt,loaded,,02_trial_093
Pedrotti,Pedrotti/02.txt,loaded,,02_trial_094
Pedrotti,Pedrotti/02.txt,loaded,,02_trial_095
Pedrotti,Pedrotti/02.txt,loaded,,02_trial_096
Pedrotti,Pedrotti/05.txt,loaded,,05_trial_001
Pedrotti,Pedrotti/05.txt,loaded,,05_trial_002
Pedrotti,Pedrotti/05.txt,loaded,,05_trial_003
Pedrotti,Pedrotti/05.txt,loaded,,05_trial_004
Pedrotti,Pedrotti/05.txt,loaded,,05_trial_005
Pedrotti,Pedrotti/05.txt,loaded,,05_trial_006
Pedrotti,Pedrotti/05.txt,loaded,,05_trial_007
Pedrotti,Pedrotti/05.txt,loaded,,05_trial_008
Pedrotti,Pedrotti/05.txt,loaded,,05_trial_009
Pedrotti,Pedrotti/05.txt,loaded,,05_trial_010
Pedrotti,Pedrotti/05.txt,loaded,,05_trial_011
Pedrotti,Pedrotti/05.txt,loaded,,05_trial_012
Pedrotti,Pedrotti/05.txt,loaded,,05_trial_013
Pedrotti,Pedrotti/05.txt,loaded,,05_trial_014
Pedrotti,Pedrotti/05.txt,loaded,,05_trial_015
Pedrotti,Pedrotti/05.txt,loaded,,05_trial_016
Pedrotti,Pedrotti/05.txt,loaded,,05_trial_017
Pedrotti,Pedrotti/05.txt,loaded,,05_trial_018
Pedrotti,Pedrotti/05.txt,loaded,,05_trial_019
Pedrotti,Pedrotti/05.txt,loaded,,05_trial_020
Pedrotti,Pedrotti/05.txt,loaded,,05_trial_021
Pedrotti,Pedrotti/05.txt,loaded,,05_trial_022
Pedrotti,Pedrotti/05.txt,loaded,,05_trial_023
Pedrotti,Pedrotti/05.txt,loaded,,05_trial_024
Pedrotti,Pedrotti/05.txt,loaded,,05_trial_025
Pedrotti,Pedrotti/05.txt,loaded,,05_trial_026
Pedrotti,Pedrotti/05.txt,loaded,,05_trial_027
Pedrotti,Pedrotti/05.txt,loaded,,05_trial_028
Pedrotti,Pedrotti/05.txt,loaded,,05_trial_029
Pedrotti,Pedrotti/05.txt,loaded,,05_trial_030
Pedrotti,Pedrotti/05.txt,loaded,,05_trial_031
Pedrotti,Pedrotti/05.txt,loaded,,05_trial_032
Pedrotti,Pedrotti/05.txt,loaded,,05_trial_033
Pedrotti,Pedrotti/05.txt,loaded,,05_trial_034
Pedrotti,Pedrotti/05.txt,loaded,,05_trial_035
Pedrotti,Pedrotti/05.txt,loaded,,05_trial_036
Pedrotti,Pedrotti/05.txt,loaded,,05_trial_037
Pedrotti,Pedrotti/05.txt,loaded,,05_trial_038
Pedrotti,Pedrotti/05.txt,loaded,,05_trial_039
Pedrotti,Pedrotti/05.txt,loaded,,05_trial_040
Pedrotti,Pedrotti/05.txt,loaded,,05_trial_041
Pedrotti,Pedrotti/05.txt,loaded,,05_trial_042
Pedrotti,Pedrotti/05.txt,loaded,,05_trial_043
Pedrotti,Pedrotti/05.txt,loaded,,05_trial_044
Pedrotti,Pedrotti/05.txt,loaded,,05_trial_045
Pedrotti,Pedrotti/05.txt,loaded,,05_trial_046
Pedrotti,Pedrotti/05.txt,loaded,,05_trial_047
Pedrotti,Pedrotti/05.txt,loaded,,05_trial_048
Pedrotti,Pedrotti/05.txt,excluded_number_stimulus,,05_trial_049
Pedrotti,Pedrotti/05.txt,excluded_number_stimulus,,05_trial_050
Pedrotti,Pedrotti/05.txt,excluded_number_stimulus,,05_trial_051
Pedrotti,Pedrotti/05.txt,excluded_number_stimulus,,05_trial_052
Pedrotti,Pedrotti/05.txt,excluded_number_stimulus,,05_trial_053
Pedrotti,Pedrotti/05.txt,excluded_number_stimulus,,05_trial_054
Pedrotti,Pedrotti/05.txt,excluded_number_stimulus,,05_trial_055
Pedrotti,Pedrotti/05.txt,excluded_number_stimulus,,05_trial_056
Pedrotti,Pedrotti/05.txt,excluded_number_stimulus,,05_trial_057
Pedrotti,Pedrotti/05.txt,excluded_number_stimulus,,05_trial_058
Pedrotti,Pedrotti/05.txt,excluded_number_stimulus,,05_trial_059
Pedrotti,Pedrotti/05.txt,excluded_number_stimulus,,05_trial_060
Pedrotti,Pedrotti/05.txt,excluded_number_stimulus,,05_trial_061
Pedrotti,Pedrotti/05.txt,excluded_number_stimulus,,05_trial_062
Pedrotti,Pedrotti/05.txt,excluded_number_stimulus,,05_trial_063
Pedrotti,Pedrotti/05.txt,excluded_number_stimulus,,05_trial_064
Pedrotti,Pedrotti/05.txt,excluded_number_stimulus,,05_trial_065
Pedrotti,Pedrotti/05.txt,excluded_number_stimulus,,05_trial_066
Pedrotti,Pedrotti/05.txt,excluded_number_stimulus,,05_trial_067
Pedrotti,Pedrotti/05.txt,excluded_number_stimulus,,05_trial_068
Pedrotti,Pedrotti/05.txt,excluded_number_stimulus,,05_trial_069
Pedrotti,Pedrotti/05.txt,excluded_number_stimulus,,05_trial_070
Pedrotti,Pedrotti/05.txt,excluded_number_stimulus,,05_trial_071
Pedrotti,Pedrotti/05.txt,excluded_number_stimulus,,05_trial_072
Pedrotti,Pedrotti/05.txt,excluded_number_stimulus,,05_trial_073
Pedrotti,Pedrotti/05.txt,excluded_number_stimulus,,05_trial_074
Pedrotti,Pedrotti/05.txt,excluded_number_stimulus,,05_trial_075
Pedrotti,Pedrotti/05.txt,excluded_number_stimulus,,05_trial_076
Pedrotti,Pedrotti/05.txt,excluded_number_stimulus,,05_trial_077
Pedrotti,Pedrotti/05.txt,excluded_number_stimulus,,05_trial_078
Pedrotti,Pedrotti/05.txt,excluded_number_stimulus,,05_trial_079
Pedrotti,Pedrotti/05.txt,excluded_number_stimulus,,05_trial_080
Pedrotti,Pedrotti/05.txt,excluded_number_stimulus,,05_trial_081
Pedrotti,Pedrotti/05.txt,excluded_number_stimulus,,05_trial_082
Pedrotti,Pedrotti/05.txt,excluded_number_stimulus,,05_trial_083
Pedrotti,Pedrotti/05.txt,excluded_number_stimulus,,05_trial_084
Pedrotti,Pedrotti/05.txt,excluded_number_stimulus,,05_trial_085
Pedrotti,Pedrotti/05.txt,excluded_number_stimulus,,05_trial_086
Pedrotti,Pedrotti/05.txt,excluded_number_stimulus,,05_trial_087
Pedrotti,Pedrotti/05.txt,excluded_number_stimulus,,05_trial_088
Pedrotti,Pedrotti/05.txt,excluded_number_stimulus,,05_trial_089
Pedrotti,Pedrotti/05.txt,excluded_number_stimulus,,05_trial_090
Pedrotti,Pedrotti/05.txt,excluded_number_stimulus,,05_trial_091
Pedrotti,Pedrotti/05.txt,excluded_number_stimulus,,05_trial_092
Pedrotti,Pedrotti/05.txt,excluded_number_stimulus,,05_trial_093
Pedrotti,Pedrotti/05.txt,excluded_number_stimulus,,05_trial_094
Pedrotti,Pedrotti/05.txt,excluded_number_stimulus,,05_trial_095
Pedrotti,Pedrotti/05.txt,excluded_number_stimulus,,05_trial_096
Pedrotti,Pedrotti/06.txt,excluded_number_stimulus,,06_trial_001
Pedrotti,Pedrotti/06.txt,excluded_number_stimulus,,06_trial_002
Pedrotti,Pedrotti/06.txt,excluded_number_stimulus,,06_trial_003
Pedrotti,Pedrotti/06.txt,excluded_number_stimulus,,06_trial_004
Pedrotti,Pedrotti/06.txt,excluded_number_stimulus,,06_trial_005
Pedrotti,Pedrotti/06.txt,excluded_number_stimulus,,06_trial_006
Pedrotti,Pedrotti/06.txt,excluded_number_stimulus,,06_trial_007
Pedrotti,Pedrotti/06.txt,excluded_number_stimulus,,06_trial_008
Pedrotti,Pedrotti/06.txt,excluded_number_stimulus,,06_trial_009
Pedrotti,Pedrotti/06.txt,excluded_number_stimulus,,06_trial_010
Pedrotti,Pedrotti/06.txt,excluded_number_stimulus,,06_trial_011
Pedrotti,Pedrotti/06.txt,excluded_number_stimulus,,06_trial_012
Pedrotti,Pedrotti/06.txt,excluded_number_stimulus,,06_trial_013
Pedrotti,Pedrotti/06.txt,excluded_number_stimulus,,06_trial_014
Pedrotti,Pedrotti/06.txt,excluded_number_stimulus,,06_trial_015
Pedrotti,Pedrotti/06.txt,excluded_number_stimulus,,06_trial_016
Pedrotti,Pedrotti/06.txt,excluded_number_stimulus,,06_trial_017
Pedrotti,Pedrotti/06.txt,excluded_number_stimulus,,06_trial_018
Pedrotti,Pedrotti/06.txt,excluded_number_stimulus,,06_trial_019
Pedrotti,Pedrotti/06.txt,excluded_number_stimulus,,06_trial_020
Pedrotti,Pedrotti/06.txt,excluded_number_stimulus,,06_trial_021
Pedrotti,Pedrotti/06.txt,excluded_number_stimulus,,06_trial_022
Pedrotti,Pedrotti/06.txt,excluded_number_stimulus,,06_trial_023
Pedrotti,Pedrotti/06.txt,excluded_number_stimulus,,06_trial_024
Pedrotti,Pedrotti/06.txt,excluded_number_stimulus,,06_trial_025
Pedrotti,Pedrotti/06.txt,excluded_number_stimulus,,06_trial_026
Pedrotti,Pedrotti/06.txt,excluded_number_stimulus,,06_trial_027
Pedrotti,Pedrotti/06.txt,excluded_number_stimulus,,06_trial_028
Pedrotti,Pedrotti/06.txt,excluded_number_stimulus,,06_trial_029
Pedrotti,Pedrotti/06.txt,excluded_number_stimulus,,06_trial_030
Pedrotti,Pedrotti/06.txt,excluded_number_stimulus,,06_trial_031
Pedrotti,Pedrotti/06.txt,excluded_number_stimulus,,06_trial_032
Pedrotti,Pedrotti/06.txt,excluded_number_stimulus,,06_trial_033
Pedrotti,Pedrotti/06.txt,excluded_number_stimulus,,06_trial_034
Pedrotti,Pedrotti/06.txt,excluded_number_stimulus,,06_trial_035
Pedrotti,Pedrotti/06.txt,excluded_number_stimulus,,06_trial_036
Pedrotti,Pedrotti/06.txt,excluded_number_stimulus,,06_trial_037
Pedrotti,Pedrotti/06.txt,excluded_number_stimulus,,06_trial_038
Pedrotti,Pedrotti/06.txt,excluded_number_stimulus,,06_trial_039
Pedrotti,Pedrotti/06.txt,excluded_number_stimulus,,06_trial_040
Pedrotti,Pedrotti/06.txt,excluded_number_stimulus,,06_trial_041
Pedrotti,Pedrotti/06.txt,excluded_number_stimulus,,06_trial_042
Pedrotti,Pedrotti/06.txt,excluded_number_stimulus,,06_trial_043
Pedrotti,Pedrotti/06.txt,excluded_number_stimulus,,06_trial_044
Pedrotti,Pedrotti/06.txt,excluded_number_stimulus,,06_trial_045
Pedrotti,Pedrotti/06.txt,excluded_number_stimulus,,06_trial_046
Pedrotti,Pedrotti/06.txt,excluded_number_stimulus,,06_trial_047
Pedrotti,Pedrotti/06.txt,excluded_number_stimulus,,06_trial_048
Pedrotti,Pedrotti/06.txt,loaded,,06_trial_049
Pedrotti,Pedrotti/06.txt,loaded,,06_trial_050
Pedrotti,Pedrotti/06.txt,loaded,,06_trial_051
Pedrotti,Pedrotti/06.txt,loaded,,06_trial_052
Pedrotti,Pedrotti/06.txt,loaded,,06_trial_053
Pedrotti,Pedrotti/06.txt,loaded,,06_trial_054
Pedrotti,Pedrotti/06.txt,loaded,,06_trial_055
Pedrotti,Pedrotti/06.txt,loaded,,06_trial_056
Pedrotti,Pedrotti/06.txt,loaded,,06_trial_057
Pedrotti,Pedrotti/06.txt,loaded,,06_trial_058
Pedrotti,Pedrotti/06.txt,loaded,,06_trial_059
Pedrotti,Pedrotti/06.txt,loaded,,06_trial_060
Pedrotti,Pedrotti/06.txt,loaded,,06_trial_061
Pedrotti,Pedrotti/06.txt,loaded,,06_trial_062
Pedrotti,Pedrotti/06.txt,loaded,,06_trial_063
Pedrotti,Pedrotti/06.txt,loaded,,06_trial_064
Pedrotti,Pedrotti/06.txt,loaded,,06_trial_065
Pedrotti,Pedrotti/06.txt,loaded,,06_trial_066
Pedrotti,Pedrotti/06.txt,loaded,,06_trial_067
Pedrotti,Pedrotti/06.txt,loaded,,06_trial_068
Pedrotti,Pedrotti/06.txt,loaded,,06_trial_069
Pedrotti,Pedrotti/06.txt,loaded,,06_trial_070
Pedrotti,Pedrotti/06.txt,loaded,,06_trial_071
Pedrotti,Pedrotti/06.txt,loaded,,06_trial_072
Pedrotti,Pedrotti/06.txt,loaded,,06_trial_073
Pedrotti,Pedrotti/06.txt,loaded,,06_trial_074
Pedrotti,Pedrotti/06.txt,loaded,,06_trial_075
Pedrotti,Pedrotti/06.txt,loaded,,06_trial_076
Pedrotti,Pedrotti/06.txt,loaded,,06_trial_077
Pedrotti,Pedrotti/06.txt,loaded,,06_trial_078
Pedrotti,Pedrotti/06.txt,loaded,,06_trial_079
Pedrotti,Pedrotti/06.txt,loaded,,06_trial_080
Pedrotti,Pedrotti/06.txt,loaded,,06_trial_081
Pedrotti,Pedrotti/06.txt,loaded,,06_trial_082
Pedrotti,Pedrotti/06.txt,loaded,,06_trial_083
Pedrotti,Pedrotti/06.txt,loaded,,06_trial_084
Pedrotti,Pedrotti/06.txt,loaded,,06_trial_085
Pedrotti,Pedrotti/06.txt,loaded,,06_trial_086
Pedrotti,Pedrotti/06.txt,loaded,,06_trial_087
Pedrotti,Pedrotti/06.txt,loaded,,06_trial_088
Pedrotti,Pedrotti/06.txt,loaded,,06_trial_089
Pedrotti,Pedrotti/06.txt,loaded,,06_trial_090
Pedrotti,Pedrotti/06.txt,loaded,,06_trial_091
Pedrotti,Pedrotti/06.txt,loaded,,06_trial_092
Pedrotti,Pedrotti/06.txt,loaded,,06_trial_093
Pedrotti,Pedrotti/06.txt,loaded,,06_trial_094
Pedrotti,Pedrotti/06.txt,loaded,,06_trial_095
Pedrotti,Pedrotti/06.txt,loaded,,06_trial_096
Pedrotti,Pedrotti/07.txt,loaded,,07_trial_001
Pedrotti,Pedrotti/07.txt,loaded,,07_trial_002
Pedrotti,Pedrotti/07.txt,loaded,,07_trial_003
Pedrotti,Pedrotti/07.txt,loaded,,07_trial_004
Pedrotti,Pedrotti/07.txt,loaded,,07_trial_005
Pedrotti,Pedrotti/07.txt,loaded,,07_trial_006
Pedrotti,Pedrotti/07.txt,loaded,,07_trial_007
Pedrotti,Pedrotti/07.txt,loaded,,07_trial_008
Pedrotti,Pedrotti/07.txt,loaded,,07_trial_009
Pedrotti,Pedrotti/07.txt,loaded,,07_trial_010
Pedrotti,Pedrotti/07.txt,loaded,,07_trial_011
Pedrotti,Pedrotti/07.txt,loaded,,07_trial_012
Pedrotti,Pedrotti/07.txt,loaded,,07_trial_013
Pedrotti,Pedrotti/07.txt,loaded,,07_trial_014
Pedrotti,Pedrotti/07.txt,loaded,,07_trial_015
Pedrotti,Pedrotti/07.txt,loaded,,07_trial_016
Pedrotti,Pedrotti/07.txt,loaded,,07_trial_017
Pedrotti,Pedrotti/07.txt,loaded,,07_trial_018
Pedrotti,Pedrotti/07.txt,loaded,,07_trial_019
Pedrotti,Pedrotti/07.txt,loaded,,07_trial_020
Pedrotti,Pedrotti/07.txt,loaded,,07_trial_021
Pedrotti,Pedrotti/07.txt,loaded,,07_trial_022
Pedrotti,Pedrotti/07.txt,loaded,,07_trial_023
Pedrotti,Pedrotti/07.txt,loaded,,07_trial_024
Pedrotti,Pedrotti/07.txt,loaded,,07_trial_025
Pedrotti,Pedrotti/07.txt,loaded,,07_trial_026
Pedrotti,Pedrotti/07.txt,loaded,,07_trial_027
Pedrotti,Pedrotti/07.txt,loaded,,07_trial_028
Pedrotti,Pedrotti/07.txt,loaded,,07_trial_029
Pedrotti,Pedrotti/07.txt,loaded,,07_trial_030
Pedrotti,Pedrotti/07.txt,loaded,,07_trial_031
Pedrotti,Pedrotti/07.txt,loaded,,07_trial_032
Pedrotti,Pedrotti/07.txt,loaded,,07_trial_033
Pedrotti,Pedrotti/07.txt,loaded,,07_trial_034
Pedrotti,Pedrotti/07.txt,loaded,,07_trial_035
Pedrotti,Pedrotti/07.txt,loaded,,07_trial_036
Pedrotti,Pedrotti/07.txt,loaded,,07_trial_037
Pedrotti,Pedrotti/07.txt,loaded,,07_trial_038
Pedrotti,Pedrotti/07.txt,loaded,,07_trial_039
Pedrotti,Pedrotti/07.txt,loaded,,07_trial_040
Pedrotti,Pedrotti/07.txt,loaded,,07_trial_041
Pedrotti,Pedrotti/07.txt,loaded,,07_trial_042
Pedrotti,Pedrotti/07.txt,loaded,,07_trial_043
Pedrotti,Pedrotti/07.txt,loaded,,07_trial_044
Pedrotti,Pedrotti/07.txt,loaded,,07_trial_045
Pedrotti,Pedrotti/07.txt,loaded,,07_trial_046
Pedrotti,Pedrotti/07.txt,loaded,,07_trial_047
Pedrotti,Pedrotti/07.txt,loaded,,07_trial_048
Pedrotti,Pedrotti/07.txt,excluded_number_stimulus,,07_trial_049
Pedrotti,Pedrotti/07.txt,excluded_number_stimulus,,07_trial_050
Pedrotti,Pedrotti/07.txt,excluded_number_stimulus,,07_trial_051
Pedrotti,Pedrotti/07.txt,excluded_number_stimulus,,07_trial_052
Pedrotti,Pedrotti/07.txt,excluded_number_stimulus,,07_trial_053
Pedrotti,Pedrotti/07.txt,excluded_number_stimulus,,07_trial_054
Pedrotti,Pedrotti/07.txt,excluded_number_stimulus,,07_trial_055
Pedrotti,Pedrotti/07.txt,excluded_number_stimulus,,07_trial_056
Pedrotti,Pedrotti/07.txt,excluded_number_stimulus,,07_trial_057
Pedrotti,Pedrotti/07.txt,excluded_number_stimulus,,07_trial_058
Pedrotti,Pedrotti/07.txt,excluded_number_stimulus,,07_trial_059
Pedrotti,Pedrotti/07.txt,excluded_number_stimulus,,07_trial_060
Pedrotti,Pedrotti/07.txt,excluded_number_stimulus,,07_trial_061
Pedrotti,Pedrotti/07.txt,excluded_number_stimulus,,07_trial_062
Pedrotti,Pedrotti/07.txt,excluded_number_stimulus,,07_trial_063
Pedrotti,Pedrotti/07.txt,excluded_number_stimulus,,07_trial_064
Pedrotti,Pedrotti/07.txt,excluded_number_stimulus,,07_trial_065
Pedrotti,Pedrotti/07.txt,excluded_number_stimulus,,07_trial_066
Pedrotti,Pedrotti/07.txt,excluded_number_stimulus,,07_trial_067
Pedrotti,Pedrotti/07.txt,excluded_number_stimulus,,07_trial_068
Pedrotti,Pedrotti/07.txt,excluded_number_stimulus,,07_trial_069
Pedrotti,Pedrotti/07.txt,excluded_number_stimulus,,07_trial_070
Pedrotti,Pedrotti/07.txt,excluded_number_stimulus,,07_trial_071
Pedrotti,Pedrotti/07.txt,excluded_number_stimulus,,07_trial_072
Pedrotti,Pedrotti/07.txt,excluded_number_stimulus,,07_trial_073
Pedrotti,Pedrotti/07.txt,excluded_number_stimulus,,07_trial_074
Pedrotti,Pedrotti/07.txt,excluded_number_stimulus,,07_trial_075
Pedrotti,Pedrotti/07.txt,excluded_number_stimulus,,07_trial_076
Pedrotti,Pedrotti/07.txt,excluded_number_stimulus,,07_trial_077
Pedrotti,Pedrotti/07.txt,excluded_number_stimulus,,07_trial_078
Pedrotti,Pedrotti/07.txt,excluded_number_stimulus,,07_trial_079
Pedrotti,Pedrotti/07.txt,excluded_number_stimulus,,07_trial_080
Pedrotti,Pedrotti/07.txt,excluded_number_stimulus,,07_trial_081
Pedrotti,Pedrotti/07.txt,excluded_number_stimulus,,07_trial_082
Pedrotti,Pedrotti/07.txt,excluded_number_stimulus,,07_trial_083
Pedrotti,Pedrotti/07.txt,excluded_number_stimulus,,07_trial_084
Pedrotti,Pedrotti/07.txt,excluded_number_stimulus,,07_trial_085
Pedrotti,Pedrotti/07.txt,excluded_number_stimulus,,07_trial_086
Pedrotti,Pedrotti/07.txt,excluded_number_stimulus,,07_trial_087
Pedrotti,Pedrotti/07.txt,excluded_number_stimulus,,07_trial_088
Pedrotti,Pedrotti/07.txt,excluded_number_stimulus,,07_trial_089
Pedrotti,Pedrotti/07.txt,excluded_number_stimulus,,07_trial_090
Pedrotti,Pedrotti/07.txt,excluded_number_stimulus,,07_trial_091
Pedrotti,Pedrotti/07.txt,excluded_number_stimulus,,07_trial_092
Pedrotti,Pedrotti/07.txt,excluded_number_stimulus,,07_trial_093
Pedrotti,Pedrotti/07.txt,excluded_number_stimulus,,07_trial_094
Pedrotti,Pedrotti/07.txt,excluded_number_stimulus,,07_trial_095
Pedrotti,Pedrotti/07.txt,excluded_number_stimulus,,07_trial_096
Pedrotti,Pedrotti/09.txt,loaded,,09_trial_001
Pedrotti,Pedrotti/09.txt,loaded,,09_trial_002
Pedrotti,Pedrotti/09.txt,loaded,,09_trial_003
Pedrotti,Pedrotti/09.txt,loaded,,09_trial_004
Pedrotti,Pedrotti/09.txt,loaded,,09_trial_005
Pedrotti,Pedrotti/09.txt,loaded,,09_trial_006
Pedrotti,Pedrotti/09.txt,loaded,,09_trial_007
Pedrotti,Pedrotti/09.txt,loaded,,09_trial_008
Pedrotti,Pedrotti/09.txt,loaded,,09_trial_009
Pedrotti,Pedrotti/09.txt,loaded,,09_trial_010
Pedrotti,Pedrotti/09.txt,loaded,,09_trial_011
Pedrotti,Pedrotti/09.txt,loaded,,09_trial_012
Pedrotti,Pedrotti/09.txt,loaded,,09_trial_013
Pedrotti,Pedrotti/09.txt,loaded,,09_trial_014
Pedrotti,Pedrotti/09.txt,loaded,,09_trial_015
Pedrotti,Pedrotti/09.txt,loaded,,09_trial_016
Pedrotti,Pedrotti/09.txt,loaded,,09_trial_017
Pedrotti,Pedrotti/09.txt,loaded,,09_trial_018
Pedrotti,Pedrotti/09.txt,loaded,,09_trial_019
Pedrotti,Pedrotti/09.txt,loaded,,09_trial_020
Pedrotti,Pedrotti/09.txt,loaded,,09_trial_021
Pedrotti,Pedrotti/09.txt,loaded,,09_trial_022
Pedrotti,Pedrotti/09.txt,loaded,,09_trial_023
Pedrotti,Pedrotti/09.txt,loaded,,09_trial_024
Pedrotti,Pedrotti/09.txt,loaded,,09_trial_025
Pedrotti,Pedrotti/09.txt,loaded,,09_trial_026
Pedrotti,Pedrotti/09.txt,loaded,,09_trial_027
Pedrotti,Pedrotti/09.txt,loaded,,09_trial_028
Pedrotti,Pedrotti/09.txt,loaded,,09_trial_029
Pedrotti,Pedrotti/09.txt,loaded,,09_trial_030
Pedrotti,Pedrotti/09.txt,loaded,,09_trial_031
Pedrotti,Pedrotti/09.txt,loaded,,09_trial_032
Pedrotti,Pedrotti/09.txt,loaded,,09_trial_033
Pedrotti,Pedrotti/09.txt,loaded,,09_trial_034
Pedrotti,Pedrotti/09.txt,loaded,,09_trial_035
Pedrotti,Pedrotti/09.txt,loaded,,09_trial_036
Pedrotti,Pedrotti/09.txt,loaded,,09_trial_037
Pedrotti,Pedrotti/09.txt,loaded,,09_trial_038
Pedrotti,Pedrotti/09.txt,loaded,,09_trial_039
Pedrotti,Pedrotti/09.txt,loaded,,09_trial_040
Pedrotti,Pedrotti/09.txt,loaded,,09_trial_041
Pedrotti,Pedrotti/09.txt,loaded,,09_trial_042
Pedrotti,Pedrotti/09.txt,loaded,,09_trial_043
Pedrotti,Pedrotti/09.txt,loaded,,09_trial_044
Pedrotti,Pedrotti/09.txt,loaded,,09_trial_045
Pedrotti,Pedrotti/09.txt,loaded,,09_trial_046
Pedrotti,Pedrotti/09.txt,loaded,,09_trial_047
Pedrotti,Pedrotti/09.txt,loaded,,09_trial_048
Pedrotti,Pedrotti/09.txt,excluded_number_stimulus,,09_trial_049
Pedrotti,Pedrotti/09.txt,excluded_number_stimulus,,09_trial_050
Pedrotti,Pedrotti/09.txt,excluded_number_stimulus,,09_trial_051
Pedrotti,Pedrotti/09.txt,excluded_number_stimulus,,09_trial_052
Pedrotti,Pedrotti/09.txt,excluded_number_stimulus,,09_trial_053
Pedrotti,Pedrotti/09.txt,excluded_number_stimulus,,09_trial_054
Pedrotti,Pedrotti/09.txt,excluded_number_stimulus,,09_trial_055
Pedrotti,Pedrotti/09.txt,excluded_number_stimulus,,09_trial_056
Pedrotti,Pedrotti/09.txt,excluded_number_stimulus,,09_trial_057
Pedrotti,Pedrotti/09.txt,excluded_number_stimulus,,09_trial_058
Pedrotti,Pedrotti/09.txt,excluded_number_stimulus,,09_trial_059
Pedrotti,Pedrotti/09.txt,excluded_number_stimulus,,09_trial_060
Pedrotti,Pedrotti/09.txt,excluded_number_stimulus,,09_trial_061
Pedrotti,Pedrotti/09.txt,excluded_number_stimulus,,09_trial_062
Pedrotti,Pedrotti/09.txt,excluded_number_stimulus,,09_trial_063
Pedrotti,Pedrotti/09.txt,excluded_number_stimulus,,09_trial_064
Pedrotti,Pedrotti/09.txt,excluded_number_stimulus,,09_trial_065
Pedrotti,Pedrotti/09.txt,excluded_number_stimulus,,09_trial_066
Pedrotti,Pedrotti/09.txt,excluded_number_stimulus,,09_trial_067
Pedrotti,Pedrotti/09.txt,excluded_number_stimulus,,09_trial_068
Pedrotti,Pedrotti/09.txt,excluded_number_stimulus,,09_trial_069
Pedrotti,Pedrotti/09.txt,excluded_number_stimulus,,09_trial_070
Pedrotti,Pedrotti/09.txt,excluded_number_stimulus,,09_trial_071
Pedrotti,Pedrotti/09.txt,excluded_number_stimulus,,09_trial_072
Pedrotti,Pedrotti/09.txt,excluded_number_stimulus,,09_trial_073
Pedrotti,Pedrotti/09.txt,excluded_number_stimulus,,09_trial_074
Pedrotti,Pedrotti/09.txt,excluded_number_stimulus,,09_trial_075
Pedrotti,Pedrotti/09.txt,excluded_number_stimulus,,09_trial_076
Pedrotti,Pedrotti/09.txt,excluded_number_stimulus,,09_trial_077
Pedrotti,Pedrotti/09.txt,excluded_number_stimulus,,09_trial_078
Pedrotti,Pedrotti/09.txt,excluded_number_stimulus,,09_trial_079
Pedrotti,Pedrotti/09.txt,excluded_number_stimulus,,09_trial_080
Pedrotti,Pedrotti/09.txt,excluded_number_stimulus,,09_trial_081
Pedrotti,Pedrotti/09.txt,excluded_number_stimulus,,09_trial_082
Pedrotti,Pedrotti/09.txt,excluded_number_stimulus,,09_trial_083
Pedrotti,Pedrotti/09.txt,excluded_number_stimulus,,09_trial_084
Pedrotti,Pedrotti/09.txt,excluded_number_stimulus,,09_trial_085
Pedrotti,Pedrotti/09.txt,excluded_number_stimulus,,09_trial_086
Pedrotti,Pedrotti/09.txt,excluded_number_stimulus,,09_trial_087
Pedrotti,Pedrotti/09.txt,excluded_number_stimulus,,09_trial_088
Pedrotti,Pedrotti/09.txt,excluded_number_stimulus,,09_trial_089
Pedrotti,Pedrotti/09.txt,excluded_number_stimulus,,09_trial_090
Pedrotti,Pedrotti/09.txt,excluded_number_stimulus,,09_trial_091
Pedrotti,Pedrotti/09.txt,excluded_number_stimulus,,09_trial_092
Pedrotti,Pedrotti/09.txt,excluded_number_stimulus,,09_trial_093
Pedrotti,Pedrotti/09.txt,excluded_number_stimulus,,09_trial_094
Pedrotti,Pedrotti/09.txt,excluded_number_stimulus,,09_trial_095
Pedrotti,Pedrotti/09.txt,excluded_number_stimulus,,09_trial_096
Pedrotti,Pedrotti/10.txt,excluded_number_stimulus,,10_trial_001
Pedrotti,Pedrotti/10.txt,excluded_number_stimulus,,10_trial_002
Pedrotti,Pedrotti/10.txt,excluded_number_stimulus,,10_trial_003
Pedrotti,Pedrotti/10.txt,excluded_number_stimulus,,10_trial_004
Pedrotti,Pedrotti/10.txt,excluded_number_stimulus,,10_trial_005
Pedrotti,Pedrotti/10.txt,excluded_number_stimulus,,10_trial_006
Pedrotti,Pedrotti/10.txt,excluded_number_stimulus,,10_trial_007
Pedrotti,Pedrotti/10.txt,excluded_number_stimulus,,10_trial_008
Pedrotti,Pedrotti/10.txt,excluded_number_stimulus,,10_trial_009
Pedrotti,Pedrotti/10.txt,excluded_number_stimulus,,10_trial_010
Pedrotti,Pedrotti/10.txt,excluded_number_stimulus,,10_trial_011
Pedrotti,Pedrotti/10.txt,excluded_number_stimulus,,10_trial_012
Pedrotti,Pedrotti/10.txt,excluded_number_stimulus,,10_trial_013
Pedrotti,Pedrotti/10.txt,excluded_number_stimulus,,10_trial_014
Pedrotti,Pedrotti/10.txt,excluded_number_stimulus,,10_trial_015
Pedrotti,Pedrotti/10.txt,excluded_number_stimulus,,10_trial_016
Pedrotti,Pedrotti/10.txt,excluded_number_stimulus,,10_trial_017
Pedrotti,Pedrotti/10.txt,excluded_number_stimulus,,10_trial_018
Pedrotti,Pedrotti/10.txt,excluded_number_stimulus,,10_trial_019
Pedrotti,Pedrotti/10.txt,excluded_number_stimulus,,10_trial_020
Pedrotti,Pedrotti/10.txt,excluded_number_stimulus,,10_trial_021
Pedrotti,Pedrotti/10.txt,excluded_number_stimulus,,10_trial_022
Pedrotti,Pedrotti/10.txt,excluded_number_stimulus,,10_trial_023
Pedrotti,Pedrotti/10.txt,excluded_number_stimulus,,10_trial_024
Pedrotti,Pedrotti/10.txt,excluded_number_stimulus,,10_trial_025
Pedrotti,Pedrotti/10.txt,excluded_number_stimulus,,10_trial_026
Pedrotti,Pedrotti/10.txt,excluded_number_stimulus,,10_trial_027
Pedrotti,Pedrotti/10.txt,excluded_number_stimulus,,10_trial_028
Pedrotti,Pedrotti/10.txt,excluded_number_stimulus,,10_trial_029
Pedrotti,Pedrotti/10.txt,excluded_number_stimulus,,10_trial_030
Pedrotti,Pedrotti/10.txt,excluded_number_stimulus,,10_trial_031
Pedrotti,Pedrotti/10.txt,excluded_number_stimulus,,10_trial_032
Pedrotti,Pedrotti/10.txt,excluded_number_stimulus,,10_trial_033
Pedrotti,Pedrotti/10.txt,excluded_number_stimulus,,10_trial_034
Pedrotti,Pedrotti/10.txt,excluded_number_stimulus,,10_trial_035
Pedrotti,Pedrotti/10.txt,excluded_number_stimulus,,10_trial_036
Pedrotti,Pedrotti/10.txt,excluded_number_stimulus,,10_trial_037
Pedrotti,Pedrotti/10.txt,excluded_number_stimulus,,10_trial_038
Pedrotti,Pedrotti/10.txt,excluded_number_stimulus,,10_trial_039
Pedrotti,Pedrotti/10.txt,excluded_number_stimulus,,10_trial_040
Pedrotti,Pedrotti/10.txt,excluded_number_stimulus,,10_trial_041
Pedrotti,Pedrotti/10.txt,excluded_number_stimulus,,10_trial_042
Pedrotti,Pedrotti/10.txt,excluded_number_stimulus,,10_trial_043
Pedrotti,Pedrotti/10.txt,excluded_number_stimulus,,10_trial_044
Pedrotti,Pedrotti/10.txt,excluded_number_stimulus,,10_trial_045
Pedrotti,Pedrotti/10.txt,excluded_number_stimulus,,10_trial_046
Pedrotti,Pedrotti/10.txt,excluded_number_stimulus,,10_trial_047
Pedrotti,Pedrotti/10.txt,excluded_number_stimulus,,10_trial_048
Pedrotti,Pedrotti/10.txt,loaded,,10_trial_049
Pedrotti,Pedrotti/10.txt,loaded,,10_trial_050
Pedrotti,Pedrotti/10.txt,loaded,,10_trial_051
Pedrotti,Pedrotti/10.txt,loaded,,10_trial_052
Pedrotti,Pedrotti/10.txt,loaded,,10_trial_053
Pedrotti,Pedrotti/10.txt,loaded,,10_trial_054
Pedrotti,Pedrotti/10.txt,loaded,,10_trial_055
Pedrotti,Pedrotti/10.txt,loaded,,10_trial_056
Pedrotti,Pedrotti/10.txt,loaded,,10_trial_057
Pedrotti,Pedrotti/10.txt,loaded,,10_trial_058
Pedrotti,Pedrotti/10.txt,loaded,,10_trial_059
Pedrotti,Pedrotti/10.txt,loaded,,10_trial_060
Pedrotti,Pedrotti/10.txt,loaded,,10_trial_061
Pedrotti,Pedrotti/10.txt,loaded,,10_trial_062
Pedrotti,Pedrotti/10.txt,loaded,,10_trial_063
Pedrotti,Pedrotti/10.txt,loaded,,10_trial_064
Pedrotti,Pedrotti/10.txt,loaded,,10_trial_065
Pedrotti,Pedrotti/10.txt,loaded,,10_trial_066
Pedrotti,Pedrotti/10.txt,loaded,,10_trial_067
Pedrotti,Pedrotti/10.txt,loaded,,10_trial_068
Pedrotti,Pedrotti/10.txt,loaded,,10_trial_069
Pedrotti,Pedrotti/10.txt,loaded,,10_trial_070
Pedrotti,Pedrotti/10.txt,loaded,,10_trial_071
Pedrotti,Pedrotti/10.txt,loaded,,10_trial_072
Pedrotti,Pedrotti/10.txt,loaded,,10_trial_073
Pedrotti,Pedrotti/10.txt,loaded,,10_trial_074
Pedrotti,Pedrotti/10.txt,loaded,,10_trial_075
Pedrotti,Pedrotti/10.txt,loaded,,10_trial_076
Pedrotti,Pedrotti/10.txt,loaded,,10_trial_077
Pedrotti,Pedrotti/10.txt,loaded,,10_trial_078
Pedrotti,Pedrotti/10.txt,loaded,,10_trial_079
Pedrotti,Pedrotti/10.txt,loaded,,10_trial_080
Pedrotti,Pedrotti/10.txt,loaded,,10_trial_081
Pedrotti,Pedrotti/10.txt,loaded,,10_trial_082
Pedrotti,Pedrotti/10.txt,loaded,,10_trial_083
Pedrotti,Pedrotti/10.txt,loaded,,10_trial_084
Pedrotti,Pedrotti/10.txt,loaded,,10_trial_085
Pedrotti,Pedrotti/10.txt,loaded,,10_trial_086
Pedrotti,Pedrotti/10.txt,loaded,,10_trial_087
Pedrotti,Pedrotti/10.txt,loaded,,10_trial_088
Pedrotti,Pedrotti/10.txt,loaded,,10_trial_089
Pedrotti,Pedrotti/10.txt,loaded,,10_trial_090
Pedrotti,Pedrotti/10.txt,loaded,,10_trial_091
Pedrotti,Pedrotti/10.txt,loaded,,10_trial_092
Pedrotti,Pedrotti/10.txt,loaded,,10_trial_093
Pedrotti,Pedrotti/10.txt,loaded,,10_trial_094
Pedrotti,Pedrotti/10.txt,loaded,,10_trial_095
Pedrotti,Pedrotti/10.txt,loaded,,10_trial_096
Pedrotti,Pedrotti/11.txt,excluded_number_stimulus,,11_trial_001
Pedrotti,Pedrotti/11.txt,excluded_number_stimulus,,11_trial_002
Pedrotti,Pedrotti/11.txt,excluded_number_stimulus,,11_trial_003
Pedrotti,Pedrotti/11.txt,excluded_number_stimulus,,11_trial_004
Pedrotti,Pedrotti/11.txt,excluded_number_stimulus,,11_trial_005
Pedrotti,Pedrotti/11.txt,excluded_number_stimulus,,11_trial_006
Pedrotti,Pedrotti/11.txt,excluded_number_stimulus,,11_trial_007
Pedrotti,Pedrotti/11.txt,excluded_number_stimulus,,11_trial_008
Pedrotti,Pedrotti/11.txt,excluded_number_stimulus,,11_trial_009
Pedrotti,Pedrotti/11.txt,excluded_number_stimulus,,11_trial_010
Pedrotti,Pedrotti/11.txt,excluded_number_stimulus,,11_trial_011
Pedrotti,Pedrotti/11.txt,excluded_number_stimulus,,11_trial_012
Pedrotti,Pedrotti/11.txt,excluded_number_stimulus,,11_trial_013
Pedrotti,Pedrotti/11.txt,excluded_number_stimulus,,11_trial_014
Pedrotti,Pedrotti/11.txt,excluded_number_stimulus,,11_trial_015
Pedrotti,Pedrotti/11.txt,excluded_number_stimulus,,11_trial_016
Pedrotti,Pedrotti/11.txt,excluded_number_stimulus,,11_trial_017
Pedrotti,Pedrotti/11.txt,excluded_number_stimulus,,11_trial_018
Pedrotti,Pedrotti/11.txt,excluded_number_stimulus,,11_trial_019
Pedrotti,Pedrotti/11.txt,excluded_number_stimulus,,11_trial_020
Pedrotti,Pedrotti/11.txt,excluded_number_stimulus,,11_trial_021
Pedrotti,Pedrotti/11.txt,excluded_number_stimulus,,11_trial_022
Pedrotti,Pedrotti/11.txt,excluded_number_stimulus,,11_trial_023
Pedrotti,Pedrotti/11.txt,excluded_number_stimulus,,11_trial_024
Pedrotti,Pedrotti/11.txt,excluded_number_stimulus,,11_trial_025
Pedrotti,Pedrotti/11.txt,excluded_number_stimulus,,11_trial_026
Pedrotti,Pedrotti/11.txt,excluded_number_stimulus,,11_trial_027
Pedrotti,Pedrotti/11.txt,excluded_number_stimulus,,11_trial_028
Pedrotti,Pedrotti/11.txt,excluded_number_stimulus,,11_trial_029
Pedrotti,Pedrotti/11.txt,excluded_number_stimulus,,11_trial_030
Pedrotti,Pedrotti/11.txt,excluded_number_stimulus,,11_trial_031
Pedrotti,Pedrotti/11.txt,excluded_number_stimulus,,11_trial_032
Pedrotti,Pedrotti/11.txt,excluded_number_stimulus,,11_trial_033
Pedrotti,Pedrotti/11.txt,excluded_number_stimulus,,11_trial_034
Pedrotti,Pedrotti/11.txt,excluded_number_stimulus,,11_trial_035
Pedrotti,Pedrotti/11.txt,excluded_number_stimulus,,11_trial_036
Pedrotti,Pedrotti/11.txt,excluded_number_stimulus,,11_trial_037
Pedrotti,Pedrotti/11.txt,excluded_number_stimulus,,11_trial_038
Pedrotti,Pedrotti/11.txt,excluded_number_stimulus,,11_trial_039
Pedrotti,Pedrotti/11.txt,excluded_number_stimulus,,11_trial_040
Pedrotti,Pedrotti/11.txt,excluded_number_stimulus,,11_trial_041
Pedrotti,Pedrotti/11.txt,excluded_number_stimulus,,11_trial_042
Pedrotti,Pedrotti/11.txt,excluded_number_stimulus,,11_trial_043
Pedrotti,Pedrotti/11.txt,excluded_number_stimulus,,11_trial_044
Pedrotti,Pedrotti/11.txt,excluded_number_stimulus,,11_trial_045
Pedrotti,Pedrotti/11.txt,excluded_number_stimulus,,11_trial_046
Pedrotti,Pedrotti/11.txt,excluded_number_stimulus,,11_trial_047
Pedrotti,Pedrotti/11.txt,excluded_number_stimulus,,11_trial_048
Pedrotti,Pedrotti/11.txt,loaded,,11_trial_049
Pedrotti,Pedrotti/11.txt,loaded,,11_trial_050
Pedrotti,Pedrotti/11.txt,loaded,,11_trial_051
Pedrotti,Pedrotti/11.txt,loaded,,11_trial_052
Pedrotti,Pedrotti/11.txt,loaded,,11_trial_053
Pedrotti,Pedrotti/11.txt,loaded,,11_trial_054
Pedrotti,Pedrotti/11.txt,loaded,,11_trial_055
Pedrotti,Pedrotti/11.txt,loaded,,11_trial_056
Pedrotti,Pedrotti/11.txt,loaded,,11_trial_057
Pedrotti,Pedrotti/11.txt,loaded,,11_trial_058
Pedrotti,Pedrotti/11.txt,loaded,,11_trial_059
Pedrotti,Pedrotti/11.txt,loaded,,11_trial_060
Pedrotti,Pedrotti/11.txt,loaded,,11_trial_061
Pedrotti,Pedrotti/11.txt,loaded,,11_trial_062
Pedrotti,Pedrotti/11.txt,loaded,,11_trial_063
Pedrotti,Pedrotti/11.txt,loaded,,11_trial_064
Pedrotti,Pedrotti/11.txt,loaded,,11_trial_065
Pedrotti,Pedrotti/11.txt,loaded,,11_trial_066
Pedrotti,Pedrotti/11.txt,loaded,,11_trial_067
Pedrotti,Pedrotti/11.txt,loaded,,11_trial_068
Pedrotti,Pedrotti/11.txt,loaded,,11_trial_069
Pedrotti,Pedrotti/11.txt,loaded,,11_trial_070
Pedrotti,Pedrotti/11.txt,loaded,,11_trial_071
Pedrotti,Pedrotti/11.txt,loaded,,11_trial_072
Pedrotti,Pedrotti/11.txt,loaded,,11_trial_073
Pedrotti,Pedrotti/11.txt,loaded,,11_trial_074
Pedrotti,Pedrotti/11.txt,loaded,,11_trial_075
Pedrotti,Pedrotti/11.txt,loaded,,11_trial_076
Pedrotti,Pedrotti/11.txt,loaded,,11_trial_077
Pedrotti,Pedrotti/11.txt,loaded,,11_trial_078
Pedrotti,Pedrotti/11.txt,loaded,,11_trial_079
Pedrotti,Pedrotti/11.txt,loaded,,11_trial_080
Pedrotti,Pedrotti/11.txt,loaded,,11_trial_081
Pedrotti,Pedrotti/11.txt,loaded,,11_trial_082
Pedrotti,Pedrotti/11.txt,loaded,,11_trial_083
Pedrotti,Pedrotti/11.txt,loaded,,11_trial_084
Pedrotti,Pedrotti/11.txt,loaded,,11_trial_085
Pedrotti,Pedrotti/11.txt,loaded,,11_trial_086
Pedrotti,Pedrotti/11.txt,loaded,,11_trial_087
Pedrotti,Pedrotti/11.txt,loaded,,11_trial_088
Pedrotti,Pedrotti/11.txt,loaded,,11_trial_089
Pedrotti,Pedrotti/11.txt,loaded,,11_trial_090
Pedrotti,Pedrotti/11.txt,loaded,,11_trial_091
Pedrotti,Pedrotti/11.txt,loaded,,11_trial_092
Pedrotti,Pedrotti/11.txt,loaded,,11_trial_093
Pedrotti,Pedrotti/11.txt,loaded,,11_trial_094
Pedrotti,Pedrotti/11.txt,loaded,,11_trial_095
Pedrotti,Pedrotti/11.txt,loaded,,11_trial_096
Pedrotti,Pedrotti/12.txt,loaded,,12_trial_001
Pedrotti,Pedrotti/12.txt,loaded,,12_trial_002
Pedrotti,Pedrotti/12.txt,loaded,,12_trial_003
Pedrotti,Pedrotti/12.txt,loaded,,12_trial_004
Pedrotti,Pedrotti/12.txt,loaded,,12_trial_005
Pedrotti,Pedrotti/12.txt,loaded,,12_trial_006
Pedrotti,Pedrotti/12.txt,loaded,,12_trial_007
Pedrotti,Pedrotti/12.txt,loaded,,12_trial_008
Pedrotti,Pedrotti/12.txt,loaded,,12_trial_009
Pedrotti,Pedrotti/12.txt,loaded,,12_trial_010
Pedrotti,Pedrotti/12.txt,loaded,,12_trial_011
Pedrotti,Pedrotti/12.txt,loaded,,12_trial_012
Pedrotti,Pedrotti/12.txt,loaded,,12_trial_013
Pedrotti,Pedrotti/12.txt,loaded,,12_trial_014
Pedrotti,Pedrotti/12.txt,loaded,,12_trial_015
Pedrotti,Pedrotti/12.txt,loaded,,12_trial_016
Pedrotti,Pedrotti/12.txt,loaded,,12_trial_017
Pedrotti,Pedrotti/12.txt,loaded,,12_trial_018
Pedrotti,Pedrotti/12.txt,loaded,,12_trial_019
Pedrotti,Pedrotti/12.txt,loaded,,12_trial_020
Pedrotti,Pedrotti/12.txt,loaded,,12_trial_021
Pedrotti,Pedrotti/12.txt,loaded,,12_trial_022
Pedrotti,Pedrotti/12.txt,loaded,,12_trial_023
Pedrotti,Pedrotti/12.txt,loaded,,12_trial_024
Pedrotti,Pedrotti/12.txt,loaded,,12_trial_025
Pedrotti,Pedrotti/12.txt,loaded,,12_trial_026
Pedrotti,Pedrotti/12.txt,loaded,,12_trial_027
Pedrotti,Pedrotti/12.txt,loaded,,12_trial_028
Pedrotti,Pedrotti/12.txt,loaded,,12_trial_029
Pedrotti,Pedrotti/12.txt,loaded,,12_trial_030
Pedrotti,Pedrotti/12.txt,loaded,,12_trial_031
Pedrotti,Pedrotti/12.txt,loaded,,12_trial_032
Pedrotti,Pedrotti/12.txt,loaded,,12_trial_033
Pedrotti,Pedrotti/12.txt,loaded,,12_trial_034
Pedrotti,Pedrotti/12.txt,loaded,,12_trial_035
Pedrotti,Pedrotti/12.txt,loaded,,12_trial_036
Pedrotti,Pedrotti/12.txt,loaded,,12_trial_037
Pedrotti,Pedrotti/12.txt,loaded,,12_trial_038
Pedrotti,Pedrotti/12.txt,loaded,,12_trial_039
Pedrotti,Pedrotti/12.txt,loaded,,12_trial_040
Pedrotti,Pedrotti/12.txt,loaded,,12_trial_041
Pedrotti,Pedrotti/12.txt,loaded,,12_trial_042
Pedrotti,Pedrotti/12.txt,loaded,,12_trial_043
Pedrotti,Pedrotti/12.txt,loaded,,12_trial_044
Pedrotti,Pedrotti/12.txt,loaded,,12_trial_045
Pedrotti,Pedrotti/12.txt,loaded,,12_trial_046
Pedrotti,Pedrotti/12.txt,loaded,,12_trial_047
Pedrotti,Pedrotti/12.txt,loaded,,12_trial_048
Pedrotti,Pedrotti/12.txt,excluded_number_stimulus,,12_trial_049
Pedrotti,Pedrotti/12.txt,excluded_number_stimulus,,12_trial_050
Pedrotti,Pedrotti/12.txt,excluded_number_stimulus,,12_trial_051
Pedrotti,Pedrotti/12.txt,excluded_number_stimulus,,12_trial_052
Pedrotti,Pedrotti/12.txt,excluded_number_stimulus,,12_trial_053
Pedrotti,Pedrotti/12.txt,excluded_number_stimulus,,12_trial_054
Pedrotti,Pedrotti/12.txt,excluded_number_stimulus,,12_trial_055
Pedrotti,Pedrotti/12.txt,excluded_number_stimulus,,12_trial_056
Pedrotti,Pedrotti/12.txt,excluded_number_stimulus,,12_trial_057
Pedrotti,Pedrotti/12.txt,excluded_number_stimulus,,12_trial_058
Pedrotti,Pedrotti/12.txt,excluded_number_stimulus,,12_trial_059
Pedrotti,Pedrotti/12.txt,excluded_number_stimulus,,12_trial_060
Pedrotti,Pedrotti/12.txt,excluded_number_stimulus,,12_trial_061
Pedrotti,Pedrotti/12.txt,excluded_number_stimulus,,12_trial_062
Pedrotti,Pedrotti/12.txt,excluded_number_stimulus,,12_trial_063
Pedrotti,Pedrotti/12.txt,excluded_number_stimulus,,12_trial_064
Pedrotti,Pedrotti/12.txt,excluded_number_stimulus,,12_trial_065
Pedrotti,Pedrotti/12.txt,excluded_number_stimulus,,12_trial_066
Pedrotti,Pedrotti/12.txt,excluded_number_stimulus,,12_trial_067
Pedrotti,Pedrotti/12.txt,excluded_number_stimulus,,12_trial_068
Pedrotti,Pedrotti/12.txt,excluded_number_stimulus,,12_trial_069
Pedrotti,Pedrotti/12.txt,excluded_number_stimulus,,12_trial_070
Pedrotti,Pedrotti/12.txt,excluded_number_stimulus,,12_trial_071
Pedrotti,Pedrotti/12.txt,excluded_number_stimulus,,12_trial_072
Pedrotti,Pedrotti/12.txt,excluded_number_stimulus,,12_trial_073
Pedrotti,Pedrotti/12.txt,excluded_number_stimulus,,12_trial_074
Pedrotti,Pedrotti/12.txt,excluded_number_stimulus,,12_trial_075
Pedrotti,Pedrotti/12.txt,excluded_number_stimulus,,12_trial_076
Pedrotti,Pedrotti/12.txt,excluded_number_stimulus,,12_trial_077
Pedrotti,Pedrotti/12.txt,excluded_number_stimulus,,12_trial_078
Pedrotti,Pedrotti/12.txt,excluded_number_stimulus,,12_trial_079
Pedrotti,Pedrotti/12.txt,excluded_number_stimulus,,12_trial_080
Pedrotti,Pedrotti/12.txt,excluded_number_stimulus,,12_trial_081
Pedrotti,Pedrotti/12.txt,excluded_number_stimulus,,12_trial_082
Pedrotti,Pedrotti/12.txt,excluded_number_stimulus,,12_trial_083
Pedrotti,Pedrotti/12.txt,excluded_number_stimulus,,12_trial_084
Pedrotti,Pedrotti/12.txt,excluded_number_stimulus,,12_trial_085
Pedrotti,Pedrotti/12.txt,excluded_number_stimulus,,12_trial_086
Pedrotti,Pedrotti/12.txt,excluded_number_stimulus,,12_trial_087
Pedrotti,Pedrotti/12.txt,excluded_number_stimulus,,12_trial_088
Pedrotti,Pedrotti/12.txt,excluded_number_stimulus,,12_trial_089
Pedrotti,Pedrotti/12.txt,excluded_number_stimulus,,12_trial_090
Pedrotti,Pedrotti/12.txt,excluded_number_stimulus,,12_trial_091
Pedrotti,Pedrotti/12.txt,excluded_number_stimulus,,12_trial_092
Pedrotti,Pedrotti/12.txt,excluded_number_stimulus,,12_trial_093
Pedrotti,Pedrotti/12.txt,excluded_number_stimulus,,12_trial_094
Pedrotti,Pedrotti/12.txt,excluded_number_stimulus,,12_trial_095
Pedrotti,Pedrotti/12.txt,excluded_number_stimulus,,12_trial_096
Pedrotti,Pedrotti/13.txt,excluded_number_stimulus,,13_trial_001
Pedrotti,Pedrotti/13.txt,excluded_number_stimulus,,13_trial_002
Pedrotti,Pedrotti/13.txt,excluded_number_stimulus,,13_trial_003
Pedrotti,Pedrotti/13.txt,excluded_number_stimulus,,13_trial_004
Pedrotti,Pedrotti/13.txt,excluded_number_stimulus,,13_trial_005
Pedrotti,Pedrotti/13.txt,excluded_number_stimulus,,13_trial_006
Pedrotti,Pedrotti/13.txt,excluded_number_stimulus,,13_trial_007
Pedrotti,Pedrotti/13.txt,excluded_number_stimulus,,13_trial_008
Pedrotti,Pedrotti/13.txt,excluded_number_stimulus,,13_trial_009
Pedrotti,Pedrotti/13.txt,excluded_number_stimulus,,13_trial_010
Pedrotti,Pedrotti/13.txt,excluded_number_stimulus,,13_trial_011
Pedrotti,Pedrotti/13.txt,excluded_number_stimulus,,13_trial_012
Pedrotti,Pedrotti/13.txt,excluded_number_stimulus,,13_trial_013
Pedrotti,Pedrotti/13.txt,excluded_number_stimulus,,13_trial_014
Pedrotti,Pedrotti/13.txt,excluded_number_stimulus,,13_trial_015
Pedrotti,Pedrotti/13.txt,excluded_number_stimulus,,13_trial_016
Pedrotti,Pedrotti/13.txt,excluded_number_stimulus,,13_trial_017
Pedrotti,Pedrotti/13.txt,excluded_number_stimulus,,13_trial_018
Pedrotti,Pedrotti/13.txt,excluded_number_stimulus,,13_trial_019
Pedrotti,Pedrotti/13.txt,excluded_number_stimulus,,13_trial_020
Pedrotti,Pedrotti/13.txt,excluded_number_stimulus,,13_trial_021
Pedrotti,Pedrotti/13.txt,excluded_number_stimulus,,13_trial_022
Pedrotti,Pedrotti/13.txt,excluded_number_stimulus,,13_trial_023
Pedrotti,Pedrotti/13.txt,excluded_number_stimulus,,13_trial_024
Pedrotti,Pedrotti/13.txt,excluded_number_stimulus,,13_trial_025
Pedrotti,Pedrotti/13.txt,excluded_number_stimulus,,13_trial_026
Pedrotti,Pedrotti/13.txt,excluded_number_stimulus,,13_trial_027
Pedrotti,Pedrotti/13.txt,excluded_number_stimulus,,13_trial_028
Pedrotti,Pedrotti/13.txt,excluded_number_stimulus,,13_trial_029
Pedrotti,Pedrotti/13.txt,excluded_number_stimulus,,13_trial_030
Pedrotti,Pedrotti/13.txt,excluded_number_stimulus,,13_trial_031
Pedrotti,Pedrotti/13.txt,excluded_number_stimulus,,13_trial_032
Pedrotti,Pedrotti/13.txt,excluded_number_stimulus,,13_trial_033
Pedrotti,Pedrotti/13.txt,excluded_number_stimulus,,13_trial_034
Pedrotti,Pedrotti/13.txt,excluded_number_stimulus,,13_trial_035
Pedrotti,Pedrotti/13.txt,excluded_number_stimulus,,13_trial_036
Pedrotti,Pedrotti/13.txt,excluded_number_stimulus,,13_trial_037
Pedrotti,Pedrotti/13.txt,excluded_number_stimulus,,13_trial_038
Pedrotti,Pedrotti/13.txt,excluded_number_stimulus,,13_trial_039
Pedrotti,Pedrotti/13.txt,excluded_number_stimulus,,13_trial_040
Pedrotti,Pedrotti/13.txt,excluded_number_stimulus,,13_trial_041
Pedrotti,Pedrotti/13.txt,excluded_number_stimulus,,13_trial_042
Pedrotti,Pedrotti/13.txt,excluded_number_stimulus,,13_trial_043
Pedrotti,Pedrotti/13.txt,excluded_number_stimulus,,13_trial_044
Pedrotti,Pedrotti/13.txt,excluded_number_stimulus,,13_trial_045
Pedrotti,Pedrotti/13.txt,excluded_number_stimulus,,13_trial_046
Pedrotti,Pedrotti/13.txt,excluded_number_stimulus,,13_trial_047
Pedrotti,Pedrotti/13.txt,excluded_number_stimulus,,13_trial_048
Pedrotti,Pedrotti/13.txt,loaded,,13_trial_049
Pedrotti,Pedrotti/13.txt,loaded,,13_trial_050
Pedrotti,Pedrotti/13.txt,loaded,,13_trial_051
Pedrotti,Pedrotti/13.txt,loaded,,13_trial_052
Pedrotti,Pedrotti/13.txt,loaded,,13_trial_053
Pedrotti,Pedrotti/13.txt,loaded,,13_trial_054
Pedrotti,Pedrotti/13.txt,loaded,,13_trial_055
Pedrotti,Pedrotti/13.txt,loaded,,13_trial_056
Pedrotti,Pedrotti/13.txt,loaded,,13_trial_057
Pedrotti,Pedrotti/13.txt,loaded,,13_trial_058
Pedrotti,Pedrotti/13.txt,loaded,,13_trial_059
Pedrotti,Pedrotti/13.txt,loaded,,13_trial_060
Pedrotti,Pedrotti/13.txt,loaded,,13_trial_061
Pedrotti,Pedrotti/13.txt,loaded,,13_trial_062
Pedrotti,Pedrotti/13.txt,loaded,,13_trial_063
Pedrotti,Pedrotti/13.txt,loaded,,13_trial_064
Pedrotti,Pedrotti/13.txt,loaded,,13_trial_065
Pedrotti,Pedrotti/13.txt,loaded,,13_trial_066
Pedrotti,Pedrotti/13.txt,loaded,,13_trial_067
Pedrotti,Pedrotti/13.txt,loaded,,13_trial_068
Pedrotti,Pedrotti/13.txt,loaded,,13_trial_069
Pedrotti,Pedrotti/13.txt,loaded,,13_trial_070
Pedrotti,Pedrotti/13.txt,loaded,,13_trial_071
Pedrotti,Pedrotti/13.txt,loaded,,13_trial_072
Pedrotti,Pedrotti/13.txt,loaded,,13_trial_073
Pedrotti,Pedrotti/13.txt,loaded,,13_trial_074
Pedrotti,Pedrotti/13.txt,loaded,,13_trial_075
Pedrotti,Pedrotti/13.txt,loaded,,13_trial_076
Pedrotti,Pedrotti/13.txt,loaded,,13_trial_077
Pedrotti,Pedrotti/13.txt,loaded,,13_trial_078
Pedrotti,Pedrotti/13.txt,loaded,,13_trial_079
Pedrotti,Pedrotti/13.txt,loaded,,13_trial_080
Pedrotti,Pedrotti/13.txt,loaded,,13_trial_081
Pedrotti,Pedrotti/13.txt,loaded,,13_trial_082
Pedrotti,Pedrotti/13.txt,loaded,,13_trial_083
Pedrotti,Pedrotti/13.txt,loaded,,13_trial_084
Pedrotti,Pedrotti/13.txt,loaded,,13_trial_085
Pedrotti,Pedrotti/13.txt,loaded,,13_trial_086
Pedrotti,Pedrotti/13.txt,loaded,,13_trial_087
Pedrotti,Pedrotti/13.txt,loaded,,13_trial_088
Pedrotti,Pedrotti/13.txt,loaded,,13_trial_089
Pedrotti,Pedrotti/13.txt,loaded,,13_trial_090
Pedrotti,Pedrotti/13.txt,loaded,,13_trial_091
Pedrotti,Pedrotti/13.txt,loaded,,13_trial_092
Pedrotti,Pedrotti/13.txt,loaded,,13_trial_093
Pedrotti,Pedrotti/13.txt,loaded,,13_trial_094
Pedrotti,Pedrotti/13.txt,loaded,,13_trial_095
Pedrotti,Pedrotti/13.txt,loaded,,13_trial_096
Pedrotti,Pedrotti/14.txt,loaded,,14_trial_001
Pedrotti,Pedrotti/14.txt,loaded,,14_trial_002
Pedrotti,Pedrotti/14.txt,loaded,,14_trial_003
Pedrotti,Pedrotti/14.txt,loaded,,14_trial_004
Pedrotti,Pedrotti/14.txt,loaded,,14_trial_005
Pedrotti,Pedrotti/14.txt,loaded,,14_trial_006
Pedrotti,Pedrotti/14.txt,loaded,,14_trial_007
Pedrotti,Pedrotti/14.txt,loaded,,14_trial_008
Pedrotti,Pedrotti/14.txt,loaded,,14_trial_009
Pedrotti,Pedrotti/14.txt,loaded,,14_trial_010
Pedrotti,Pedrotti/14.txt,loaded,,14_trial_011
Pedrotti,Pedrotti/14.txt,loaded,,14_trial_012
Pedrotti,Pedrotti/14.txt,loaded,,14_trial_013
Pedrotti,Pedrotti/14.txt,loaded,,14_trial_014
Pedrotti,Pedrotti/14.txt,loaded,,14_trial_015
Pedrotti,Pedrotti/14.txt,loaded,,14_trial_016
Pedrotti,Pedrotti/14.txt,loaded,,14_trial_017
Pedrotti,Pedrotti/14.txt,loaded,,14_trial_018
Pedrotti,Pedrotti/14.txt,loaded,,14_trial_019
Pedrotti,Pedrotti/14.txt,loaded,,14_trial_020
Pedrotti,Pedrotti/14.txt,loaded,,14_trial_021
Pedrotti,Pedrotti/14.txt,loaded,,14_trial_022
Pedrotti,Pedrotti/14.txt,loaded,,14_trial_023
Pedrotti,Pedrotti/14.txt,loaded,,14_trial_024
Pedrotti,Pedrotti/14.txt,loaded,,14_trial_025
Pedrotti,Pedrotti/14.txt,loaded,,14_trial_026
Pedrotti,Pedrotti/14.txt,loaded,,14_trial_027
Pedrotti,Pedrotti/14.txt,loaded,,14_trial_028
Pedrotti,Pedrotti/14.txt,loaded,,14_trial_029
Pedrotti,Pedrotti/14.txt,loaded,,14_trial_030
Pedrotti,Pedrotti/14.txt,loaded,,14_trial_031
Pedrotti,Pedrotti/14.txt,loaded,,14_trial_032
Pedrotti,Pedrotti/14.txt,loaded,,14_trial_033
Pedrotti,Pedrotti/14.txt,loaded,,14_trial_034
Pedrotti,Pedrotti/14.txt,loaded,,14_trial_035
Pedrotti,Pedrotti/14.txt,loaded,,14_trial_036
Pedrotti,Pedrotti/14.txt,loaded,,14_trial_037
Pedrotti,Pedrotti/14.txt,loaded,,14_trial_038
Pedrotti,Pedrotti/14.txt,loaded,,14_trial_039
Pedrotti,Pedrotti/14.txt,loaded,,14_trial_040
Pedrotti,Pedrotti/14.txt,loaded,,14_trial_041
Pedrotti,Pedrotti/14.txt,loaded,,14_trial_042
Pedrotti,Pedrotti/14.txt,loaded,,14_trial_043
Pedrotti,Pedrotti/14.txt,loaded,,14_trial_044
Pedrotti,Pedrotti/14.txt,loaded,,14_trial_045
Pedrotti,Pedrotti/14.txt,loaded,,14_trial_046
Pedrotti,Pedrotti/14.txt,loaded,,14_trial_047
Pedrotti,Pedrotti/14.txt,loaded,,14_trial_048
Pedrotti,Pedrotti/14.txt,excluded_number_stimulus,,14_trial_049
Pedrotti,Pedrotti/14.txt,excluded_number_stimulus,,14_trial_050
Pedrotti,Pedrotti/14.txt,excluded_number_stimulus,,14_trial_051
Pedrotti,Pedrotti/14.txt,excluded_number_stimulus,,14_trial_052
Pedrotti,Pedrotti/14.txt,excluded_number_stimulus,,14_trial_053
Pedrotti,Pedrotti/14.txt,excluded_number_stimulus,,14_trial_054
Pedrotti,Pedrotti/14.txt,excluded_number_stimulus,,14_trial_055
Pedrotti,Pedrotti/14.txt,excluded_number_stimulus,,14_trial_056
Pedrotti,Pedrotti/14.txt,excluded_number_stimulus,,14_trial_057
Pedrotti,Pedrotti/14.txt,excluded_number_stimulus,,14_trial_058
Pedrotti,Pedrotti/14.txt,excluded_number_stimulus,,14_trial_059
Pedrotti,Pedrotti/14.txt,excluded_number_stimulus,,14_trial_060
Pedrotti,Pedrotti/14.txt,excluded_number_stimulus,,14_trial_061
Pedrotti,Pedrotti/14.txt,excluded_number_stimulus,,14_trial_062
Pedrotti,Pedrotti/14.txt,excluded_number_stimulus,,14_trial_063
Pedrotti,Pedrotti/14.txt,excluded_number_stimulus,,14_trial_064
Pedrotti,Pedrotti/14.txt,excluded_number_stimulus,,14_trial_065
Pedrotti,Pedrotti/14.txt,excluded_number_stimulus,,14_trial_066
Pedrotti,Pedrotti/14.txt,excluded_number_stimulus,,14_trial_067
Pedrotti,Pedrotti/14.txt,excluded_number_stimulus,,14_trial_068
Pedrotti,Pedrotti/14.txt,excluded_number_stimulus,,14_trial_069
Pedrotti,Pedrotti/14.txt,excluded_number_stimulus,,14_trial_070
Pedrotti,Pedrotti/14.txt,excluded_number_stimulus,,14_trial_071
Pedrotti,Pedrotti/14.txt,excluded_number_stimulus,,14_trial_072
Pedrotti,Pedrotti/14.txt,excluded_number_stimulus,,14_trial_073
Pedrotti,Pedrotti/14.txt,excluded_number_stimulus,,14_trial_074
Pedrotti,Pedrotti/14.txt,excluded_number_stimulus,,14_trial_075
Pedrotti,Pedrotti/14.txt,excluded_number_stimulus,,14_trial_076
Pedrotti,Pedrotti/14.txt,excluded_number_stimulus,,14_trial_077
Pedrotti,Pedrotti/14.txt,excluded_number_stimulus,,14_trial_078
Pedrotti,Pedrotti/14.txt,excluded_number_stimulus,,14_trial_079
Pedrotti,Pedrotti/14.txt,excluded_number_stimulus,,14_trial_080
Pedrotti,Pedrotti/14.txt,excluded_number_stimulus,,14_trial_081
Pedrotti,Pedrotti/14.txt,excluded_number_stimulus,,14_trial_082
Pedrotti,Pedrotti/14.txt,excluded_number_stimulus,,14_trial_083
Pedrotti,Pedrotti/14.txt,excluded_number_stimulus,,14_trial_084
Pedrotti,Pedrotti/14.txt,excluded_number_stimulus,,14_trial_085
Pedrotti,Pedrotti/14.txt,excluded_number_stimulus,,14_trial_086
Pedrotti,Pedrotti/14.txt,excluded_number_stimulus,,14_trial_087
Pedrotti,Pedrotti/14.txt,excluded_number_stimulus,,14_trial_088
Pedrotti,Pedrotti/14.txt,excluded_number_stimulus,,14_trial_089
Pedrotti,Pedrotti/14.txt,excluded_number_stimulus,,14_trial_090
Pedrotti,Pedrotti/14.txt,excluded_number_stimulus,,14_trial_091
Pedrotti,Pedrotti/14.txt,excluded_number_stimulus,,14_trial_092
Pedrotti,Pedrotti/14.txt,excluded_number_stimulus,,14_trial_093
Pedrotti,Pedrotti/14.txt,excluded_number_stimulus,,14_trial_094
Pedrotti,Pedrotti/14.txt,excluded_number_stimulus,,14_trial_095
Pedrotti,Pedrotti/14.txt,excluded_number_stimulus,,14_trial_096
Pedrotti,Pedrotti/15.txt,excluded_number_stimulus,,15_trial_001
Pedrotti,Pedrotti/15.txt,excluded_number_stimulus,,15_trial_002
Pedrotti,Pedrotti/15.txt,excluded_number_stimulus,,15_trial_003
Pedrotti,Pedrotti/15.txt,excluded_number_stimulus,,15_trial_004
Pedrotti,Pedrotti/15.txt,excluded_number_stimulus,,15_trial_005
Pedrotti,Pedrotti/15.txt,excluded_number_stimulus,,15_trial_006
Pedrotti,Pedrotti/15.txt,excluded_number_stimulus,,15_trial_007
Pedrotti,Pedrotti/15.txt,excluded_number_stimulus,,15_trial_008
Pedrotti,Pedrotti/15.txt,excluded_number_stimulus,,15_trial_009
Pedrotti,Pedrotti/15.txt,excluded_number_stimulus,,15_trial_010
Pedrotti,Pedrotti/15.txt,excluded_number_stimulus,,15_trial_011
Pedrotti,Pedrotti/15.txt,excluded_number_stimulus,,15_trial_012
Pedrotti,Pedrotti/15.txt,excluded_number_stimulus,,15_trial_013
Pedrotti,Pedrotti/15.txt,excluded_number_stimulus,,15_trial_014
Pedrotti,Pedrotti/15.txt,excluded_number_stimulus,,15_trial_015
Pedrotti,Pedrotti/15.txt,excluded_number_stimulus,,15_trial_016
Pedrotti,Pedrotti/15.txt,excluded_number_stimulus,,15_trial_017
Pedrotti,Pedrotti/15.txt,excluded_number_stimulus,,15_trial_018
Pedrotti,Pedrotti/15.txt,excluded_number_stimulus,,15_trial_019
Pedrotti,Pedrotti/15.txt,excluded_number_stimulus,,15_trial_020
Pedrotti,Pedrotti/15.txt,excluded_number_stimulus,,15_trial_021
Pedrotti,Pedrotti/15.txt,excluded_number_stimulus,,15_trial_022
Pedrotti,Pedrotti/15.txt,excluded_number_stimulus,,15_trial_023
Pedrotti,Pedrotti/15.txt,excluded_number_stimulus,,15_trial_024
Pedrotti,Pedrotti/15.txt,excluded_number_stimulus,,15_trial_025
Pedrotti,Pedrotti/15.txt,excluded_number_stimulus,,15_trial_026
Pedrotti,Pedrotti/15.txt,excluded_number_stimulus,,15_trial_027
Pedrotti,Pedrotti/15.txt,excluded_number_stimulus,,15_trial_028
Pedrotti,Pedrotti/15.txt,excluded_number_stimulus,,15_trial_029
Pedrotti,Pedrotti/15.txt,excluded_number_stimulus,,15_trial_030
Pedrotti,Pedrotti/15.txt,excluded_number_stimulus,,15_trial_031
Pedrotti,Pedrotti/15.txt,excluded_number_stimulus,,15_trial_032
Pedrotti,Pedrotti/15.txt,excluded_number_stimulus,,15_trial_033
Pedrotti,Pedrotti/15.txt,excluded_number_stimulus,,15_trial_034
Pedrotti,Pedrotti/15.txt,excluded_number_stimulus,,15_trial_035
Pedrotti,Pedrotti/15.txt,excluded_number_stimulus,,15_trial_036
Pedrotti,Pedrotti/15.txt,excluded_number_stimulus,,15_trial_037
Pedrotti,Pedrotti/15.txt,excluded_number_stimulus,,15_trial_038
Pedrotti,Pedrotti/15.txt,excluded_number_stimulus,,15_trial_039
Pedrotti,Pedrotti/15.txt,excluded_number_stimulus,,15_trial_040
Pedrotti,Pedrotti/15.txt,excluded_number_stimulus,,15_trial_041
Pedrotti,Pedrotti/15.txt,excluded_number_stimulus,,15_trial_042
Pedrotti,Pedrotti/15.txt,excluded_number_stimulus,,15_trial_043
Pedrotti,Pedrotti/15.txt,excluded_number_stimulus,,15_trial_044
Pedrotti,Pedrotti/15.txt,excluded_number_stimulus,,15_trial_045
Pedrotti,Pedrotti/15.txt,excluded_number_stimulus,,15_trial_046
Pedrotti,Pedrotti/15.txt,excluded_number_stimulus,,15_trial_047
Pedrotti,Pedrotti/15.txt,excluded_number_stimulus,,15_trial_048
Pedrotti,Pedrotti/15.txt,loaded,,15_trial_049
Pedrotti,Pedrotti/15.txt,loaded,,15_trial_050
Pedrotti,Pedrotti/15.txt,loaded,,15_trial_051
Pedrotti,Pedrotti/15.txt,loaded,,15_trial_052
Pedrotti,Pedrotti/15.txt,loaded,,15_trial_053
Pedrotti,Pedrotti/15.txt,loaded,,15_trial_054
Pedrotti,Pedrotti/15.txt,loaded,,15_trial_055
Pedrotti,Pedrotti/15.txt,loaded,,15_trial_056
Pedrotti,Pedrotti/15.txt,loaded,,15_trial_057
Pedrotti,Pedrotti/15.txt,loaded,,15_trial_058
Pedrotti,Pedrotti/15.txt,loaded,,15_trial_059
Pedrotti,Pedrotti/15.txt,loaded,,15_trial_060
Pedrotti,Pedrotti/15.txt,loaded,,15_trial_061
Pedrotti,Pedrotti/15.txt,loaded,,15_trial_062
Pedrotti,Pedrotti/15.txt,loaded,,15_trial_063
Pedrotti,Pedrotti/15.txt,loaded,,15_trial_064
Pedrotti,Pedrotti/15.txt,loaded,,15_trial_065
Pedrotti,Pedrotti/15.txt,loaded,,15_trial_066
Pedrotti,Pedrotti/15.txt,loaded,,15_trial_067
Pedrotti,Pedrotti/15.txt,loaded,,15_trial_068
Pedrotti,Pedrotti/15.txt,loaded,,15_trial_069
Pedrotti,Pedrotti/15.txt,loaded,,15_trial_070
Pedrotti,Pedrotti/15.txt,loaded,,15_trial_071
Pedrotti,Pedrotti/15.txt,loaded,,15_trial_072
Pedrotti,Pedrotti/15.txt,loaded,,15_trial_073
Pedrotti,Pedrotti/15.txt,loaded,,15_trial_074
Pedrotti,Pedrotti/15.txt,loaded,,15_trial_075
Pedrotti,Pedrotti/15.txt,loaded,,15_trial_076
Pedrotti,Pedrotti/15.txt,loaded,,15_trial_077
Pedrotti,Pedrotti/15.txt,loaded,,15_trial_078
Pedrotti,Pedrotti/15.txt,loaded,,15_trial_079
Pedrotti,Pedrotti/15.txt,loaded,,15_trial_080
Pedrotti,Pedrotti/15.txt,loaded,,15_trial_081
Pedrotti,Pedrotti/15.txt,loaded,,15_trial_082
Pedrotti,Pedrotti/15.txt,loaded,,15_trial_083
Pedrotti,Pedrotti/15.txt,loaded,,15_trial_084
Pedrotti,Pedrotti/15.txt,loaded,,15_trial_085
Pedrotti,Pedrotti/15.txt,loaded,,15_trial_086
Pedrotti,Pedrotti/15.txt,loaded,,15_trial_087
Pedrotti,Pedrotti/15.txt,loaded,,15_trial_088
Pedrotti,Pedrotti/15.txt,loaded,,15_trial_089
Pedrotti,Pedrotti/15.txt,loaded,,15_trial_090
Pedrotti,Pedrotti/15.txt,loaded,,15_trial_091
Pedrotti,Pedrotti/15.txt,loaded,,15_trial_092
Pedrotti,Pedrotti/15.txt,loaded,,15_trial_093
Pedrotti,Pedrotti/15.txt,loaded,,15_trial_094
Pedrotti,Pedrotti/15.txt,loaded,,15_trial_095
Pedrotti,Pedrotti/15.txt,loaded,,15_trial_096
Pedrotti,Pedrotti/16.txt,loaded,,16_trial_001
Pedrotti,Pedrotti/16.txt,loaded,,16_trial_002
Pedrotti,Pedrotti/16.txt,loaded,,16_trial_003
Pedrotti,Pedrotti/16.txt,loaded,,16_trial_004
Pedrotti,Pedrotti/16.txt,loaded,,16_trial_005
Pedrotti,Pedrotti/16.txt,loaded,,16_trial_006
Pedrotti,Pedrotti/16.txt,loaded,,16_trial_007
Pedrotti,Pedrotti/16.txt,loaded,,16_trial_008
Pedrotti,Pedrotti/16.txt,loaded,,16_trial_009
Pedrotti,Pedrotti/16.txt,loaded,,16_trial_010
Pedrotti,Pedrotti/16.txt,loaded,,16_trial_011
Pedrotti,Pedrotti/16.txt,loaded,,16_trial_012
Pedrotti,Pedrotti/16.txt,loaded,,16_trial_013
Pedrotti,Pedrotti/16.txt,loaded,,16_trial_014
Pedrotti,Pedrotti/16.txt,loaded,,16_trial_015
Pedrotti,Pedrotti/16.txt,loaded,,16_trial_016
Pedrotti,Pedrotti/16.txt,loaded,,16_trial_017
Pedrotti,Pedrotti/16.txt,loaded,,16_trial_018
Pedrotti,Pedrotti/16.txt,loaded,,16_trial_019
Pedrotti,Pedrotti/16.txt,loaded,,16_trial_020
Pedrotti,Pedrotti/16.txt,loaded,,16_trial_021
Pedrotti,Pedrotti/16.txt,loaded,,16_trial_022
Pedrotti,Pedrotti/16.txt,loaded,,16_trial_023
Pedrotti,Pedrotti/16.txt,loaded,,16_trial_024
Pedrotti,Pedrotti/16.txt,loaded,,16_trial_025
Pedrotti,Pedrotti/16.txt,loaded,,16_trial_026
Pedrotti,Pedrotti/16.txt,loaded,,16_trial_027
Pedrotti,Pedrotti/16.txt,loaded,,16_trial_028
Pedrotti,Pedrotti/16.txt,loaded,,16_trial_029
Pedrotti,Pedrotti/16.txt,loaded,,16_trial_030
Pedrotti,Pedrotti/16.txt,loaded,,16_trial_031
Pedrotti,Pedrotti/16.txt,loaded,,16_trial_032
Pedrotti,Pedrotti/16.txt,loaded,,16_trial_033
Pedrotti,Pedrotti/16.txt,loaded,,16_trial_034
Pedrotti,Pedrotti/16.txt,loaded,,16_trial_035
Pedrotti,Pedrotti/16.txt,loaded,,16_trial_036
Pedrotti,Pedrotti/16.txt,loaded,,16_trial_037
Pedrotti,Pedrotti/16.txt,loaded,,16_trial_038
Pedrotti,Pedrotti/16.txt,loaded,,16_trial_039
Pedrotti,Pedrotti/16.txt,loaded,,16_trial_040
Pedrotti,Pedrotti/16.txt,loaded,,16_trial_041
Pedrotti,Pedrotti/16.txt,loaded,,16_trial_042
Pedrotti,Pedrotti/16.txt,loaded,,16_trial_043
Pedrotti,Pedrotti/16.txt,loaded,,16_trial_044
Pedrotti,Pedrotti/16.txt,loaded,,16_trial_045
Pedrotti,Pedrotti/16.txt,loaded,,16_trial_046
Pedrotti,Pedrotti/16.txt,loaded,,16_trial_047
Pedrotti,Pedrotti/16.txt,loaded,,16_trial_048
Pedrotti,Pedrotti/16.txt,excluded_number_stimulus,,16_trial_049
Pedrotti,Pedrotti/16.txt,excluded_number_stimulus,,16_trial_050
Pedrotti,Pedrotti/16.txt,excluded_number_stimulus,,16_trial_051
Pedrotti,Pedrotti/16.txt,excluded_number_stimulus,,16_trial_052
Pedrotti,Pedrotti/16.txt,excluded_number_stimulus,,16_trial_053
Pedrotti,Pedrotti/16.txt,excluded_number_stimulus,,16_trial_054
Pedrotti,Pedrotti/16.txt,excluded_number_stimulus,,16_trial_055
Pedrotti,Pedrotti/16.txt,excluded_number_stimulus,,16_trial_056
Pedrotti,Pedrotti/16.txt,excluded_number_stimulus,,16_trial_057
Pedrotti,Pedrotti/16.txt,excluded_number_stimulus,,16_trial_058
Pedrotti,Pedrotti/16.txt,excluded_number_stimulus,,16_trial_059
Pedrotti,Pedrotti/16.txt,excluded_number_stimulus,,16_trial_060
Pedrotti,Pedrotti/16.txt,excluded_number_stimulus,,16_trial_061
Pedrotti,Pedrotti/16.txt,excluded_number_stimulus,,16_trial_062
Pedrotti,Pedrotti/16.txt,excluded_number_stimulus,,16_trial_063
Pedrotti,Pedrotti/16.txt,excluded_number_stimulus,,16_trial_064
Pedrotti,Pedrotti/16.txt,excluded_number_stimulus,,16_trial_065
Pedrotti,Pedrotti/16.txt,excluded_number_stimulus,,16_trial_066
Pedrotti,Pedrotti/16.txt,excluded_number_stimulus,,16_trial_067
Pedrotti,Pedrotti/16.txt,excluded_number_stimulus,,16_trial_068
Pedrotti,Pedrotti/16.txt,excluded_number_stimulus,,16_trial_069
Pedrotti,Pedrotti/16.txt,excluded_number_stimulus,,16_trial_070
Pedrotti,Pedrotti/16.txt,excluded_number_stimulus,,16_trial_071
Pedrotti,Pedrotti/16.txt,excluded_number_stimulus,,16_trial_072
Pedrotti,Pedrotti/16.txt,excluded_number_stimulus,,16_trial_073
Pedrotti,Pedrotti/16.txt,excluded_number_stimulus,,16_trial_074
Pedrotti,Pedrotti/16.txt,excluded_number_stimulus,,16_trial_075
Pedrotti,Pedrotti/16.txt,excluded_number_stimulus,,16_trial_076
Pedrotti,Pedrotti/16.txt,excluded_number_stimulus,,16_trial_077
Pedrotti,Pedrotti/16.txt,excluded_number_stimulus,,16_trial_078
Pedrotti,Pedrotti/16.txt,excluded_number_stimulus,,16_trial_079
Pedrotti,Pedrotti/16.txt,excluded_number_stimulus,,16_trial_080
Pedrotti,Pedrotti/16.txt,excluded_number_stimulus,,16_trial_081
Pedrotti,Pedrotti/16.txt,excluded_number_stimulus,,16_trial_082
Pedrotti,Pedrotti/16.txt,excluded_number_stimulus,,16_trial_083
Pedrotti,Pedrotti/16.txt,excluded_number_stimulus,,16_trial_084
Pedrotti,Pedrotti/16.txt,excluded_number_stimulus,,16_trial_085
Pedrotti,Pedrotti/16.txt,excluded_number_stimulus,,16_trial_086
Pedrotti,Pedrotti/16.txt,excluded_number_stimulus,,16_trial_087
Pedrotti,Pedrotti/16.txt,excluded_number_stimulus,,16_trial_088
Pedrotti,Pedrotti/16.txt,excluded_number_stimulus,,16_trial_089
Pedrotti,Pedrotti/16.txt,excluded_number_stimulus,,16_trial_090
Pedrotti,Pedrotti/16.txt,excluded_number_stimulus,,16_trial_091
Pedrotti,Pedrotti/16.txt,excluded_number_stimulus,,16_trial_092
Pedrotti,Pedrotti/16.txt,excluded_number_stimulus,,16_trial_093
Pedrotti,Pedrotti/16.txt,excluded_number_stimulus,,16_trial_094
Pedrotti,Pedrotti/16.txt,excluded_number_stimulus,,16_trial_095
Pedrotti,Pedrotti/16.txt,excluded_number_stimulus,,16_trial_096
Pedrotti,Pedrotti/17.txt,excluded_number_stimulus,,17_trial_001
Pedrotti,Pedrotti/17.txt,excluded_number_stimulus,,17_trial_002
Pedrotti,Pedrotti/17.txt,excluded_number_stimulus,,17_trial_003
Pedrotti,Pedrotti/17.txt,excluded_number_stimulus,,17_trial_004
Pedrotti,Pedrotti/17.txt,excluded_number_stimulus,,17_trial_005
Pedrotti,Pedrotti/17.txt,excluded_number_stimulus,,17_trial_006
Pedrotti,Pedrotti/17.txt,excluded_number_stimulus,,17_trial_007
Pedrotti,Pedrotti/17.txt,excluded_number_stimulus,,17_trial_008
Pedrotti,Pedrotti/17.txt,excluded_number_stimulus,,17_trial_009
Pedrotti,Pedrotti/17.txt,excluded_number_stimulus,,17_trial_010
Pedrotti,Pedrotti/17.txt,excluded_number_stimulus,,17_trial_011
Pedrotti,Pedrotti/17.txt,excluded_number_stimulus,,17_trial_012
Pedrotti,Pedrotti/17.txt,excluded_number_stimulus,,17_trial_013
Pedrotti,Pedrotti/17.txt,excluded_number_stimulus,,17_trial_014
Pedrotti,Pedrotti/17.txt,excluded_number_stimulus,,17_trial_015
Pedrotti,Pedrotti/17.txt,excluded_number_stimulus,,17_trial_016
Pedrotti,Pedrotti/17.txt,excluded_number_stimulus,,17_trial_017
Pedrotti,Pedrotti/17.txt,excluded_number_stimulus,,17_trial_018
Pedrotti,Pedrotti/17.txt,excluded_number_stimulus,,17_trial_019
Pedrotti,Pedrotti/17.txt,excluded_number_stimulus,,17_trial_020
Pedrotti,Pedrotti/17.txt,excluded_number_stimulus,,17_trial_021
Pedrotti,Pedrotti/17.txt,excluded_number_stimulus,,17_trial_022
Pedrotti,Pedrotti/17.txt,excluded_number_stimulus,,17_trial_023
Pedrotti,Pedrotti/17.txt,excluded_number_stimulus,,17_trial_024
Pedrotti,Pedrotti/17.txt,excluded_number_stimulus,,17_trial_025
Pedrotti,Pedrotti/17.txt,excluded_number_stimulus,,17_trial_026
Pedrotti,Pedrotti/17.txt,excluded_number_stimulus,,17_trial_027
Pedrotti,Pedrotti/17.txt,excluded_number_stimulus,,17_trial_028
Pedrotti,Pedrotti/17.txt,excluded_number_stimulus,,17_trial_029
Pedrotti,Pedrotti/17.txt,excluded_number_stimulus,,17_trial_030
Pedrotti,Pedrotti/17.txt,excluded_number_stimulus,,17_trial_031
Pedrotti,Pedrotti/17.txt,excluded_number_stimulus,,17_trial_032
Pedrotti,Pedrotti/17.txt,excluded_number_stimulus,,17_trial_033
Pedrotti,Pedrotti/17.txt,excluded_number_stimulus,,17_trial_034
Pedrotti,Pedrotti/17.txt,excluded_number_stimulus,,17_trial_035
Pedrotti,Pedrotti/17.txt,excluded_number_stimulus,,17_trial_036
Pedrotti,Pedrotti/17.txt,excluded_number_stimulus,,17_trial_037
Pedrotti,Pedrotti/17.txt,excluded_number_stimulus,,17_trial_038
Pedrotti,Pedrotti/17.txt,excluded_number_stimulus,,17_trial_039
Pedrotti,Pedrotti/17.txt,excluded_number_stimulus,,17_trial_040
Pedrotti,Pedrotti/17.txt,excluded_number_stimulus,,17_trial_041
Pedrotti,Pedrotti/17.txt,excluded_number_stimulus,,17_trial_042
Pedrotti,Pedrotti/17.txt,excluded_number_stimulus,,17_trial_043
Pedrotti,Pedrotti/17.txt,excluded_number_stimulus,,17_trial_044
Pedrotti,Pedrotti/17.txt,excluded_number_stimulus,,17_trial_045
Pedrotti,Pedrotti/17.txt,excluded_number_stimulus,,17_trial_046
Pedrotti,Pedrotti/17.txt,excluded_number_stimulus,,17_trial_047
Pedrotti,Pedrotti/17.txt,excluded_number_stimulus,,17_trial_048
Pedrotti,Pedrotti/17.txt,loaded,,17_trial_049
Pedrotti,Pedrotti/17.txt,loaded,,17_trial_050
Pedrotti,Pedrotti/17.txt,loaded,,17_trial_051
Pedrotti,Pedrotti/17.txt,loaded,,17_trial_052
Pedrotti,Pedrotti/17.txt,loaded,,17_trial_053
Pedrotti,Pedrotti/17.txt,loaded,,17_trial_054
Pedrotti,Pedrotti/17.txt,loaded,,17_trial_055
Pedrotti,Pedrotti/17.txt,loaded,,17_trial_056
Pedrotti,Pedrotti/17.txt,loaded,,17_trial_057
Pedrotti,Pedrotti/17.txt,loaded,,17_trial_058
Pedrotti,Pedrotti/17.txt,loaded,,17_trial_059
Pedrotti,Pedrotti/17.txt,loaded,,17_trial_060
Pedrotti,Pedrotti/17.txt,loaded,,17_trial_061
Pedrotti,Pedrotti/17.txt,loaded,,17_trial_062
Pedrotti,Pedrotti/17.txt,loaded,,17_trial_063
Pedrotti,Pedrotti/17.txt,loaded,,17_trial_064
Pedrotti,Pedrotti/17.txt,loaded,,17_trial_065
Pedrotti,Pedrotti/17.txt,loaded,,17_trial_066
Pedrotti,Pedrotti/17.txt,loaded,,17_trial_067
Pedrotti,Pedrotti/17.txt,loaded,,17_trial_068
Pedrotti,Pedrotti/17.txt,loaded,,17_trial_069
Pedrotti,Pedrotti/17.txt,loaded,,17_trial_070
Pedrotti,Pedrotti/17.txt,loaded,,17_trial_071
Pedrotti,Pedrotti/17.txt,loaded,,17_trial_072
Pedrotti,Pedrotti/17.txt,loaded,,17_trial_073
Pedrotti,Pedrotti/17.txt,loaded,,17_trial_074
Pedrotti,Pedrotti/17.txt,loaded,,17_trial_075
Pedrotti,Pedrotti/17.txt,loaded,,17_trial_076
Pedrotti,Pedrotti/17.txt,loaded,,17_trial_077
Pedrotti,Pedrotti/17.txt,loaded,,17_trial_078
Pedrotti,Pedrotti/17.txt,loaded,,17_trial_079
Pedrotti,Pedrotti/17.txt,loaded,,17_trial_080
Pedrotti,Pedrotti/17.txt,loaded,,17_trial_081
Pedrotti,Pedrotti/17.txt,loaded,,17_trial_082
Pedrotti,Pedrotti/17.txt,loaded,,17_trial_083
Pedrotti,Pedrotti/17.txt,loaded,,17_trial_084
Pedrotti,Pedrotti/17.txt,loaded,,17_trial_085
Pedrotti,Pedrotti/17.txt,loaded,,17_trial_086
Pedrotti,Pedrotti/17.txt,loaded,,17_trial_087
Pedrotti,Pedrotti/17.txt,loaded,,17_trial_088
Pedrotti,Pedrotti/17.txt,loaded,,17_trial_089
Pedrotti,Pedrotti/17.txt,loaded,,17_trial_090
Pedrotti,Pedrotti/17.txt,loaded,,17_trial_091
Pedrotti,Pedrotti/17.txt,loaded,,17_trial_092
Pedrotti,Pedrotti/17.txt,loaded,,17_trial_093
Pedrotti,Pedrotti/17.txt,loaded,,17_trial_094
Pedrotti,Pedrotti/17.txt,loaded,,17_trial_095
Pedrotti,Pedrotti/17.txt,loaded,,17_trial_096
Pedrotti,Pedrotti/18.txt,loaded,,18_trial_001
Pedrotti,Pedrotti/18.txt,loaded,,18_trial_002
Pedrotti,Pedrotti/18.txt,loaded,,18_trial_003
Pedrotti,Pedrotti/18.txt,loaded,,18_trial_004
Pedrotti,Pedrotti/18.txt,loaded,,18_trial_005
Pedrotti,Pedrotti/18.txt,loaded,,18_trial_006
Pedrotti,Pedrotti/18.txt,loaded,,18_trial_007
Pedrotti,Pedrotti/18.txt,loaded,,18_trial_008
Pedrotti,Pedrotti/18.txt,loaded,,18_trial_009
Pedrotti,Pedrotti/18.txt,loaded,,18_trial_010
Pedrotti,Pedrotti/18.txt,loaded,,18_trial_011
Pedrotti,Pedrotti/18.txt,loaded,,18_trial_012
Pedrotti,Pedrotti/18.txt,loaded,,18_trial_013
Pedrotti,Pedrotti/18.txt,loaded,,18_trial_014
Pedrotti,Pedrotti/18.txt,loaded,,18_trial_015
Pedrotti,Pedrotti/18.txt,loaded,,18_trial_016
Pedrotti,Pedrotti/18.txt,loaded,,18_trial_017
Pedrotti,Pedrotti/18.txt,loaded,,18_trial_018
Pedrotti,Pedrotti/18.txt,loaded,,18_trial_019
Pedrotti,Pedrotti/18.txt,loaded,,18_trial_020
Pedrotti,Pedrotti/18.txt,loaded,,18_trial_021
Pedrotti,Pedrotti/18.txt,loaded,,18_trial_022
Pedrotti,Pedrotti/18.txt,loaded,,18_trial_023
Pedrotti,Pedrotti/18.txt,loaded,,18_trial_024
Pedrotti,Pedrotti/18.txt,loaded,,18_trial_025
Pedrotti,Pedrotti/18.txt,loaded,,18_trial_026
Pedrotti,Pedrotti/18.txt,loaded,,18_trial_027
Pedrotti,Pedrotti/18.txt,loaded,,18_trial_028
Pedrotti,Pedrotti/18.txt,loaded,,18_trial_029
Pedrotti,Pedrotti/18.txt,loaded,,18_trial_030
Pedrotti,Pedrotti/18.txt,loaded,,18_trial_031
Pedrotti,Pedrotti/18.txt,loaded,,18_trial_032
Pedrotti,Pedrotti/18.txt,loaded,,18_trial_033
Pedrotti,Pedrotti/18.txt,loaded,,18_trial_034
Pedrotti,Pedrotti/18.txt,loaded,,18_trial_035
Pedrotti,Pedrotti/18.txt,loaded,,18_trial_036
Pedrotti,Pedrotti/18.txt,loaded,,18_trial_037
Pedrotti,Pedrotti/18.txt,loaded,,18_trial_038
Pedrotti,Pedrotti/18.txt,loaded,,18_trial_039
Pedrotti,Pedrotti/18.txt,loaded,,18_trial_040
Pedrotti,Pedrotti/18.txt,loaded,,18_trial_041
Pedrotti,Pedrotti/18.txt,loaded,,18_trial_042
Pedrotti,Pedrotti/18.txt,loaded,,18_trial_043
Pedrotti,Pedrotti/18.txt,loaded,,18_trial_044
Pedrotti,Pedrotti/18.txt,loaded,,18_trial_045
Pedrotti,Pedrotti/18.txt,loaded,,18_trial_046
Pedrotti,Pedrotti/18.txt,loaded,,18_trial_047
Pedrotti,Pedrotti/18.txt,loaded,,18_trial_048
Pedrotti,Pedrotti/18.txt,excluded_number_stimulus,,18_trial_049
Pedrotti,Pedrotti/18.txt,excluded_number_stimulus,,18_trial_050
Pedrotti,Pedrotti/18.txt,excluded_number_stimulus,,18_trial_051
Pedrotti,Pedrotti/18.txt,excluded_number_stimulus,,18_trial_052
Pedrotti,Pedrotti/18.txt,excluded_number_stimulus,,18_trial_053
Pedrotti,Pedrotti/18.txt,excluded_number_stimulus,,18_trial_054
Pedrotti,Pedrotti/18.txt,excluded_number_stimulus,,18_trial_055
Pedrotti,Pedrotti/18.txt,excluded_number_stimulus,,18_trial_056
Pedrotti,Pedrotti/18.txt,excluded_number_stimulus,,18_trial_057
Pedrotti,Pedrotti/18.txt,excluded_number_stimulus,,18_trial_058
Pedrotti,Pedrotti/18.txt,excluded_number_stimulus,,18_trial_059
Pedrotti,Pedrotti/18.txt,excluded_number_stimulus,,18_trial_060
Pedrotti,Pedrotti/18.txt,excluded_number_stimulus,,18_trial_061
Pedrotti,Pedrotti/18.txt,excluded_number_stimulus,,18_trial_062
Pedrotti,Pedrotti/18.txt,excluded_number_stimulus,,18_trial_063
Pedrotti,Pedrotti/18.txt,excluded_number_stimulus,,18_trial_064
Pedrotti,Pedrotti/18.txt,excluded_number_stimulus,,18_trial_065
Pedrotti,Pedrotti/18.txt,excluded_number_stimulus,,18_trial_066
Pedrotti,Pedrotti/18.txt,excluded_number_stimulus,,18_trial_067
Pedrotti,Pedrotti/18.txt,excluded_number_stimulus,,18_trial_068
Pedrotti,Pedrotti/18.txt,excluded_number_stimulus,,18_trial_069
Pedrotti,Pedrotti/18.txt,excluded_number_stimulus,,18_trial_070
Pedrotti,Pedrotti/18.txt,excluded_number_stimulus,,18_trial_071
Pedrotti,Pedrotti/18.txt,excluded_number_stimulus,,18_trial_072
Pedrotti,Pedrotti/18.txt,excluded_number_stimulus,,18_trial_073
Pedrotti,Pedrotti/18.txt,excluded_number_stimulus,,18_trial_074
Pedrotti,Pedrotti/18.txt,excluded_number_stimulus,,18_trial_075
Pedrotti,Pedrotti/18.txt,excluded_number_stimulus,,18_trial_076
Pedrotti,Pedrotti/18.txt,excluded_number_stimulus,,18_trial_077
Pedrotti,Pedrotti/18.txt,excluded_number_stimulus,,18_trial_078
Pedrotti,Pedrotti/18.txt,excluded_number_stimulus,,18_trial_079
Pedrotti,Pedrotti/18.txt,excluded_number_stimulus,,18_trial_080
Pedrotti,Pedrotti/18.txt,excluded_number_stimulus,,18_trial_081
Pedrotti,Pedrotti/18.txt,excluded_number_stimulus,,18_trial_082
Pedrotti,Pedrotti/18.txt,excluded_number_stimulus,,18_trial_083
Pedrotti,Pedrotti/18.txt,excluded_number_stimulus,,18_trial_084
Pedrotti,Pedrotti/18.txt,excluded_number_stimulus,,18_trial_085
Pedrotti,Pedrotti/18.txt,excluded_number_stimulus,,18_trial_086
Pedrotti,Pedrotti/18.txt,excluded_number_stimulus,,18_trial_087
Pedrotti,Pedrotti/18.txt,excluded_number_stimulus,,18_trial_088
Pedrotti,Pedrotti/18.txt,excluded_number_stimulus,,18_trial_089
Pedrotti,Pedrotti/18.txt,excluded_number_stimulus,,18_trial_090
Pedrotti,Pedrotti/18.txt,excluded_number_stimulus,,18_trial_091
Pedrotti,Pedrotti/18.txt,excluded_number_stimulus,,18_trial_092
Pedrotti,Pedrotti/18.txt,excluded_number_stimulus,,18_trial_093
Pedrotti,Pedrotti/18.txt,excluded_number_stimulus,,18_trial_094
Pedrotti,Pedrotti/18.txt,excluded_number_stimulus,,18_trial_095
Pedrotti,Pedrotti/18.txt,excluded_number_stimulus,,18_trial_096
Pedrotti,Pedrotti/19.txt,excluded_number_stimulus,,19_trial_001
Pedrotti,Pedrotti/19.txt,excluded_number_stimulus,,19_trial_002
Pedrotti,Pedrotti/19.txt,excluded_number_stimulus,,19_trial_003
Pedrotti,Pedrotti/19.txt,excluded_number_stimulus,,19_trial_004
Pedrotti,Pedrotti/19.txt,excluded_number_stimulus,,19_trial_005
Pedrotti,Pedrotti/19.txt,excluded_number_stimulus,,19_trial_006
Pedrotti,Pedrotti/19.txt,excluded_number_stimulus,,19_trial_007
Pedrotti,Pedrotti/19.txt,excluded_number_stimulus,,19_trial_008
Pedrotti,Pedrotti/19.txt,excluded_number_stimulus,,19_trial_009
Pedrotti,Pedrotti/19.txt,excluded_number_stimulus,,19_trial_010
Pedrotti,Pedrotti/19.txt,excluded_number_stimulus,,19_trial_011
Pedrotti,Pedrotti/19.txt,excluded_number_stimulus,,19_trial_012
Pedrotti,Pedrotti/19.txt,excluded_number_stimulus,,19_trial_013
Pedrotti,Pedrotti/19.txt,excluded_number_stimulus,,19_trial_014
Pedrotti,Pedrotti/19.txt,excluded_number_stimulus,,19_trial_015
Pedrotti,Pedrotti/19.txt,excluded_number_stimulus,,19_trial_016
Pedrotti,Pedrotti/19.txt,excluded_number_stimulus,,19_trial_017
Pedrotti,Pedrotti/19.txt,excluded_number_stimulus,,19_trial_018
Pedrotti,Pedrotti/19.txt,excluded_number_stimulus,,19_trial_019
Pedrotti,Pedrotti/19.txt,excluded_number_stimulus,,19_trial_020
Pedrotti,Pedrotti/19.txt,excluded_number_stimulus,,19_trial_021
Pedrotti,Pedrotti/19.txt,excluded_number_stimulus,,19_trial_022
Pedrotti,Pedrotti/19.txt,excluded_number_stimulus,,19_trial_023
Pedrotti,Pedrotti/19.txt,excluded_number_stimulus,,19_trial_024
Pedrotti,Pedrotti/19.txt,excluded_number_stimulus,,19_trial_025
Pedrotti,Pedrotti/19.txt,excluded_number_stimulus,,19_trial_026
Pedrotti,Pedrotti/19.txt,excluded_number_stimulus,,19_trial_027
Pedrotti,Pedrotti/19.txt,excluded_number_stimulus,,19_trial_028
Pedrotti,Pedrotti/19.txt,excluded_number_stimulus,,19_trial_029
Pedrotti,Pedrotti/19.txt,excluded_number_stimulus,,19_trial_030
Pedrotti,Pedrotti/19.txt,excluded_number_stimulus,,19_trial_031
Pedrotti,Pedrotti/19.txt,excluded_number_stimulus,,19_trial_032
Pedrotti,Pedrotti/19.txt,excluded_number_stimulus,,19_trial_033
Pedrotti,Pedrotti/19.txt,excluded_number_stimulus,,19_trial_034
Pedrotti,Pedrotti/19.txt,excluded_number_stimulus,,19_trial_035
Pedrotti,Pedrotti/19.txt,excluded_number_stimulus,,19_trial_036
Pedrotti,Pedrotti/19.txt,excluded_number_stimulus,,19_trial_037
Pedrotti,Pedrotti/19.txt,excluded_number_stimulus,,19_trial_038
Pedrotti,Pedrotti/19.txt,excluded_number_stimulus,,19_trial_039
Pedrotti,Pedrotti/19.txt,excluded_number_stimulus,,19_trial_040
Pedrotti,Pedrotti/19.txt,excluded_number_stimulus,,19_trial_041
Pedrotti,Pedrotti/19.txt,excluded_number_stimulus,,19_trial_042
Pedrotti,Pedrotti/19.txt,excluded_number_stimulus,,19_trial_043
Pedrotti,Pedrotti/19.txt,excluded_number_stimulus,,19_trial_044
Pedrotti,Pedrotti/19.txt,excluded_number_stimulus,,19_trial_045
Pedrotti,Pedrotti/19.txt,excluded_number_stimulus,,19_trial_046
Pedrotti,Pedrotti/19.txt,excluded_number_stimulus,,19_trial_047
Pedrotti,Pedrotti/19.txt,excluded_number_stimulus,,19_trial_048
Pedrotti,Pedrotti/19.txt,loaded,,19_trial_049
Pedrotti,Pedrotti/19.txt,loaded,,19_trial_050
Pedrotti,Pedrotti/19.txt,loaded,,19_trial_051
Pedrotti,Pedrotti/19.txt,loaded,,19_trial_052
Pedrotti,Pedrotti/19.txt,loaded,,19_trial_053
Pedrotti,Pedrotti/19.txt,loaded,,19_trial_054
Pedrotti,Pedrotti/19.txt,loaded,,19_trial_055
Pedrotti,Pedrotti/19.txt,loaded,,19_trial_056
Pedrotti,Pedrotti/19.txt,loaded,,19_trial_057
Pedrotti,Pedrotti/19.txt,loaded,,19_trial_058
Pedrotti,Pedrotti/19.txt,loaded,,19_trial_059
Pedrotti,Pedrotti/19.txt,loaded,,19_trial_060
Pedrotti,Pedrotti/19.txt,loaded,,19_trial_061
Pedrotti,Pedrotti/19.txt,loaded,,19_trial_062
Pedrotti,Pedrotti/19.txt,loaded,,19_trial_063
Pedrotti,Pedrotti/19.txt,loaded,,19_trial_064
Pedrotti,Pedrotti/19.txt,loaded,,19_trial_065
Pedrotti,Pedrotti/19.txt,loaded,,19_trial_066
Pedrotti,Pedrotti/19.txt,loaded,,19_trial_067
Pedrotti,Pedrotti/19.txt,loaded,,19_trial_068
Pedrotti,Pedrotti/19.txt,loaded,,19_trial_069
Pedrotti,Pedrotti/19.txt,loaded,,19_trial_070
Pedrotti,Pedrotti/19.txt,loaded,,19_trial_071
Pedrotti,Pedrotti/19.txt,loaded,,19_trial_072
Pedrotti,Pedrotti/19.txt,loaded,,19_trial_073
Pedrotti,Pedrotti/19.txt,loaded,,19_trial_074
Pedrotti,Pedrotti/19.txt,loaded,,19_trial_075
Pedrotti,Pedrotti/19.txt,loaded,,19_trial_076
Pedrotti,Pedrotti/19.txt,loaded,,19_trial_077
Pedrotti,Pedrotti/19.txt,loaded,,19_trial_078
Pedrotti,Pedrotti/19.txt,loaded,,19_trial_079
Pedrotti,Pedrotti/19.txt,loaded,,19_trial_080
Pedrotti,Pedrotti/19.txt,loaded,,19_trial_081
Pedrotti,Pedrotti/19.txt,loaded,,19_trial_082
Pedrotti,Pedrotti/19.txt,loaded,,19_trial_083
Pedrotti,Pedrotti/19.txt,loaded,,19_trial_084
Pedrotti,Pedrotti/19.txt,loaded,,19_trial_085
Pedrotti,Pedrotti/19.txt,loaded,,19_trial_086
Pedrotti,Pedrotti/19.txt,loaded,,19_trial_087
Pedrotti,Pedrotti/19.txt,loaded,,19_trial_088
Pedrotti,Pedrotti/19.txt,loaded,,19_trial_089
Pedrotti,Pedrotti/19.txt,loaded,,19_trial_090
Pedrotti,Pedrotti/19.txt,loaded,,19_trial_091
Pedrotti,Pedrotti/19.txt,loaded,,19_trial_092
Pedrotti,Pedrotti/19.txt,loaded,,19_trial_093
Pedrotti,Pedrotti/19.txt,loaded,,19_trial_094
Pedrotti,Pedrotti/19.txt,loaded,,19_trial_095
Pedrotti,Pedrotti/19.txt,loaded,,19_trial_096
Pedrotti,Pedrotti/20.txt,loaded,,20_trial_001
Pedrotti,Pedrotti/20.txt,loaded,,20_trial_002
Pedrotti,Pedrotti/20.txt,loaded,,20_trial_003
Pedrotti,Pedrotti/20.txt,loaded,,20_trial_004
Pedrotti,Pedrotti/20.txt,loaded,,20_trial_005
Pedrotti,Pedrotti/20.txt,loaded,,20_trial_006
Pedrotti,Pedrotti/20.txt,loaded,,20_trial_007
Pedrotti,Pedrotti/20.txt,loaded,,20_trial_008
Pedrotti,Pedrotti/20.txt,loaded,,20_trial_009
Pedrotti,Pedrotti/20.txt,loaded,,20_trial_010
Pedrotti,Pedrotti/20.txt,loaded,,20_trial_011
Pedrotti,Pedrotti/20.txt,loaded,,20_trial_012
Pedrotti,Pedrotti/20.txt,loaded,,20_trial_013
Pedrotti,Pedrotti/20.txt,loaded,,20_trial_014
Pedrotti,Pedrotti/20.txt,loaded,,20_trial_015
Pedrotti,Pedrotti/20.txt,loaded,,20_trial_016
Pedrotti,Pedrotti/20.txt,loaded,,20_trial_017
Pedrotti,Pedrotti/20.txt,loaded,,20_trial_018
Pedrotti,Pedrotti/20.txt,loaded,,20_trial_019
Pedrotti,Pedrotti/20.txt,loaded,,20_trial_020
Pedrotti,Pedrotti/20.txt,loaded,,20_trial_021
Pedrotti,Pedrotti/20.txt,loaded,,20_trial_022
Pedrotti,Pedrotti/20.txt,loaded,,20_trial_023
Pedrotti,Pedrotti/20.txt,loaded,,20_trial_024
Pedrotti,Pedrotti/20.txt,loaded,,20_trial_025
Pedrotti,Pedrotti/20.txt,loaded,,20_trial_026
Pedrotti,Pedrotti/20.txt,loaded,,20_trial_027
Pedrotti,Pedrotti/20.txt,loaded,,20_trial_028
Pedrotti,Pedrotti/20.txt,loaded,,20_trial_029
Pedrotti,Pedrotti/20.txt,loaded,,20_trial_030
Pedrotti,Pedrotti/20.txt,loaded,,20_trial_031
Pedrotti,Pedrotti/20.txt,loaded,,20_trial_032
Pedrotti,Pedrotti/20.txt,loaded,,20_trial_033
Pedrotti,Pedrotti/20.txt,loaded,,20_trial_034
Pedrotti,Pedrotti/20.txt,loaded,,20_trial_035
Pedrotti,Pedrotti/20.txt,loaded,,20_trial_036
Pedrotti,Pedrotti/20.txt,loaded,,20_trial_037
Pedrotti,Pedrotti/20.txt,loaded,,20_trial_038
Pedrotti,Pedrotti/20.txt,loaded,,20_trial_039
Pedrotti,Pedrotti/20.txt,loaded,,20_trial_040
Pedrotti,Pedrotti/20.txt,loaded,,20_trial_041
Pedrotti,Pedrotti/20.txt,loaded,,20_trial_042
Pedrotti,Pedrotti/20.txt,loaded,,20_trial_043
Pedrotti,Pedrotti/20.txt,loaded,,20_trial_044
Pedrotti,Pedrotti/20.txt,loaded,,20_trial_045
Pedrotti,Pedrotti/20.txt,loaded,,20_trial_046
Pedrotti,Pedrotti/20.txt,loaded,,20_trial_047
Pedrotti,Pedrotti/20.txt,loaded,,20_trial_048
Pedrotti,Pedrotti/20.txt,excluded_number_stimulus,,20_trial_049
Pedrotti,Pedrotti/20.txt,excluded_number_stimulus,,20_trial_050
Pedrotti,Pedrotti/20.txt,excluded_number_stimulus,,20_trial_051
Pedrotti,Pedrotti/20.txt,excluded_number_stimulus,,20_trial_052
Pedrotti,Pedrotti/20.txt,excluded_number_stimulus,,20_trial_053
Pedrotti,Pedrotti/20.txt,excluded_number_stimulus,,20_trial_054
Pedrotti,Pedrotti/20.txt,excluded_number_stimulus,,20_trial_055
Pedrotti,Pedrotti/20.txt,excluded_number_stimulus,,20_trial_056
Pedrotti,Pedrotti/20.txt,excluded_number_stimulus,,20_trial_057
Pedrotti,Pedrotti/20.txt,excluded_number_stimulus,,20_trial_058
Pedrotti,Pedrotti/20.txt,excluded_number_stimulus,,20_trial_059
Pedrotti,Pedrotti/20.txt,excluded_number_stimulus,,20_trial_060
Pedrotti,Pedrotti/20.txt,excluded_number_stimulus,,20_trial_061
Pedrotti,Pedrotti/20.txt,excluded_number_stimulus,,20_trial_062
Pedrotti,Pedrotti/20.txt,excluded_number_stimulus,,20_trial_063
Pedrotti,Pedrotti/20.txt,excluded_number_stimulus,,20_trial_064
Pedrotti,Pedrotti/20.txt,excluded_number_stimulus,,20_trial_065
Pedrotti,Pedrotti/20.txt,excluded_number_stimulus,,20_trial_066
Pedrotti,Pedrotti/20.txt,excluded_number_stimulus,,20_trial_067
Pedrotti,Pedrotti/20.txt,excluded_number_stimulus,,20_trial_068
Pedrotti,Pedrotti/20.txt,excluded_number_stimulus,,20_trial_069
Pedrotti,Pedrotti/20.txt,excluded_number_stimulus,,20_trial_070
Pedrotti,Pedrotti/20.txt,excluded_number_stimulus,,20_trial_071
Pedrotti,Pedrotti/20.txt,excluded_number_stimulus,,20_trial_072
Pedrotti,Pedrotti/20.txt,excluded_number_stimulus,,20_trial_073
Pedrotti,Pedrotti/20.txt,excluded_number_stimulus,,20_trial_074
Pedrotti,Pedrotti/20.txt,excluded_number_stimulus,,20_trial_075
Pedrotti,Pedrotti/20.txt,excluded_number_stimulus,,20_trial_076
Pedrotti,Pedrotti/20.txt,excluded_number_stimulus,,20_trial_077
Pedrotti,Pedrotti/20.txt,excluded_number_stimulus,,20_trial_078
Pedrotti,Pedrotti/20.txt,excluded_number_stimulus,,20_trial_079
Pedrotti,Pedrotti/20.txt,excluded_number_stimulus,,20_trial_080
Pedrotti,Pedrotti/20.txt,excluded_number_stimulus,,20_trial_081
Pedrotti,Pedrotti/20.txt,excluded_number_stimulus,,20_trial_082
Pedrotti,Pedrotti/20.txt,excluded_number_stimulus,,20_trial_083
Pedrotti,Pedrotti/20.txt,excluded_number_stimulus,,20_trial_084
Pedrotti,Pedrotti/20.txt,excluded_number_stimulus,,20_trial_085
Pedrotti,Pedrotti/20.txt,excluded_number_stimulus,,20_trial_086
Pedrotti,Pedrotti/20.txt,excluded_number_stimulus,,20_trial_087
Pedrotti,Pedrotti/20.txt,excluded_number_stimulus,,20_trial_088
Pedrotti,Pedrotti/20.txt,excluded_number_stimulus,,20_trial_089
Pedrotti,Pedrotti/20.txt,excluded_number_stimulus,,20_trial_090
Pedrotti,Pedrotti/20.txt,excluded_number_stimulus,,20_trial_091
Pedrotti,Pedrotti/20.txt,excluded_number_stimulus,,20_trial_092
Pedrotti,Pedrotti/20.txt,excluded_number_stimulus,,20_trial_093
Pedrotti,Pedrotti/20.txt,excluded_number_stimulus,,20_trial_094
Pedrotti,Pedrotti/20.txt,excluded_number_stimulus,,20_trial_095
Pedrotti,Pedrotti/20.txt,excluded_number_stimulus,,20_trial_096
Pedrotti,Pedrotti/21.txt,excluded_number_stimulus,,21_trial_001
Pedrotti,Pedrotti/21.txt,excluded_number_stimulus,,21_trial_002
Pedrotti,Pedrotti/21.txt,excluded_number_stimulus,,21_trial_003
Pedrotti,Pedrotti/21.txt,excluded_number_stimulus,,21_trial_004
Pedrotti,Pedrotti/21.txt,excluded_number_stimulus,,21_trial_005
Pedrotti,Pedrotti/21.txt,excluded_number_stimulus,,21_trial_006
Pedrotti,Pedrotti/21.txt,excluded_number_stimulus,,21_trial_007
Pedrotti,Pedrotti/21.txt,excluded_number_stimulus,,21_trial_008
Pedrotti,Pedrotti/21.txt,excluded_number_stimulus,,21_trial_009
Pedrotti,Pedrotti/21.txt,excluded_number_stimulus,,21_trial_010
Pedrotti,Pedrotti/21.txt,excluded_number_stimulus,,21_trial_011
Pedrotti,Pedrotti/21.txt,excluded_number_stimulus,,21_trial_012
Pedrotti,Pedrotti/21.txt,excluded_number_stimulus,,21_trial_013
Pedrotti,Pedrotti/21.txt,excluded_number_stimulus,,21_trial_014
Pedrotti,Pedrotti/21.txt,excluded_number_stimulus,,21_trial_015
Pedrotti,Pedrotti/21.txt,excluded_number_stimulus,,21_trial_016
Pedrotti,Pedrotti/21.txt,excluded_number_stimulus,,21_trial_017
Pedrotti,Pedrotti/21.txt,excluded_number_stimulus,,21_trial_018
Pedrotti,Pedrotti/21.txt,excluded_number_stimulus,,21_trial_019
Pedrotti,Pedrotti/21.txt,excluded_number_stimulus,,21_trial_020
Pedrotti,Pedrotti/21.txt,excluded_number_stimulus,,21_trial_021
Pedrotti,Pedrotti/21.txt,excluded_number_stimulus,,21_trial_022
Pedrotti,Pedrotti/21.txt,excluded_number_stimulus,,21_trial_023
Pedrotti,Pedrotti/21.txt,excluded_number_stimulus,,21_trial_024
Pedrotti,Pedrotti/21.txt,excluded_number_stimulus,,21_trial_025
Pedrotti,Pedrotti/21.txt,excluded_number_stimulus,,21_trial_026
Pedrotti,Pedrotti/21.txt,excluded_number_stimulus,,21_trial_027
Pedrotti,Pedrotti/21.txt,excluded_number_stimulus,,21_trial_028
Pedrotti,Pedrotti/21.txt,excluded_number_stimulus,,21_trial_029
Pedrotti,Pedrotti/21.txt,excluded_number_stimulus,,21_trial_030
Pedrotti,Pedrotti/21.txt,excluded_number_stimulus,,21_trial_031
Pedrotti,Pedrotti/21.txt,excluded_number_stimulus,,21_trial_032
Pedrotti,Pedrotti/21.txt,excluded_number_stimulus,,21_trial_033
Pedrotti,Pedrotti/21.txt,excluded_number_stimulus,,21_trial_034
Pedrotti,Pedrotti/21.txt,excluded_number_stimulus,,21_trial_035
Pedrotti,Pedrotti/21.txt,excluded_number_stimulus,,21_trial_036
Pedrotti,Pedrotti/21.txt,excluded_number_stimulus,,21_trial_037
Pedrotti,Pedrotti/21.txt,excluded_number_stimulus,,21_trial_038
Pedrotti,Pedrotti/21.txt,excluded_number_stimulus,,21_trial_039
Pedrotti,Pedrotti/21.txt,excluded_number_stimulus,,21_trial_040
Pedrotti,Pedrotti/21.txt,excluded_number_stimulus,,21_trial_041
Pedrotti,Pedrotti/21.txt,excluded_number_stimulus,,21_trial_042
Pedrotti,Pedrotti/21.txt,excluded_number_stimulus,,21_trial_043
Pedrotti,Pedrotti/21.txt,excluded_number_stimulus,,21_trial_044
Pedrotti,Pedrotti/21.txt,excluded_number_stimulus,,21_trial_045
Pedrotti,Pedrotti/21.txt,excluded_number_stimulus,,21_trial_046
Pedrotti,Pedrotti/21.txt,excluded_number_stimulus,,21_trial_047
Pedrotti,Pedrotti/21.txt,excluded_number_stimulus,,21_trial_048
Pedrotti,Pedrotti/21.txt,loaded,,21_trial_049
Pedrotti,Pedrotti/21.txt,loaded,,21_trial_050
Pedrotti,Pedrotti/21.txt,loaded,,21_trial_051
Pedrotti,Pedrotti/21.txt,loaded,,21_trial_052
Pedrotti,Pedrotti/21.txt,loaded,,21_trial_053
Pedrotti,Pedrotti/21.txt,loaded,,21_trial_054
Pedrotti,Pedrotti/21.txt,loaded,,21_trial_055
Pedrotti,Pedrotti/21.txt,loaded,,21_trial_056
Pedrotti,Pedrotti/21.txt,loaded,,21_trial_057
Pedrotti,Pedrotti/21.txt,loaded,,21_trial_058
Pedrotti,Pedrotti/21.txt,loaded,,21_trial_059
Pedrotti,Pedrotti/21.txt,loaded,,21_trial_060
Pedrotti,Pedrotti/21.txt,loaded,,21_trial_061
Pedrotti,Pedrotti/21.txt,loaded,,21_trial_062
Pedrotti,Pedrotti/21.txt,loaded,,21_trial_063
Pedrotti,Pedrotti/21.txt,loaded,,21_trial_064
Pedrotti,Pedrotti/21.txt,loaded,,21_trial_065
Pedrotti,Pedrotti/21.txt,loaded,,21_trial_066
Pedrotti,Pedrotti/21.txt,loaded,,21_trial_067
Pedrotti,Pedrotti/21.txt,loaded,,21_trial_068
Pedrotti,Pedrotti/21.txt,loaded,,21_trial_069
Pedrotti,Pedrotti/21.txt,loaded,,21_trial_070
Pedrotti,Pedrotti/21.txt,loaded,,21_trial_071
Pedrotti,Pedrotti/21.txt,loaded,,21_trial_072
Pedrotti,Pedrotti/21.txt,loaded,,21_trial_073
Pedrotti,Pedrotti/21.txt,loaded,,21_trial_074
Pedrotti,Pedrotti/21.txt,loaded,,21_trial_075
Pedrotti,Pedrotti/21.txt,loaded,,21_trial_076
Pedrotti,Pedrotti/21.txt,loaded,,21_trial_077
Pedrotti,Pedrotti/21.txt,loaded,,21_trial_078
Pedrotti,Pedrotti/21.txt,loaded,,21_trial_079
Pedrotti,Pedrotti/21.txt,loaded,,21_trial_080
Pedrotti,Pedrotti/21.txt,loaded,,21_trial_081
Pedrotti,Pedrotti/21.txt,loaded,,21_trial_082
Pedrotti,Pedrotti/21.txt,loaded,,21_trial_083
Pedrotti,Pedrotti/21.txt,loaded,,21_trial_084
Pedrotti,Pedrotti/21.txt,loaded,,21_trial_085
Pedrotti,Pedrotti/21.txt,loaded,,21_trial_086
Pedrotti,Pedrotti/21.txt,loaded,,21_trial_087
Pedrotti,Pedrotti/21.txt,loaded,,21_trial_088
Pedrotti,Pedrotti/21.txt,loaded,,21_trial_089
Pedrotti,Pedrotti/21.txt,loaded,,21_trial_090
Pedrotti,Pedrotti/21.txt,loaded,,21_trial_091
Pedrotti,Pedrotti/21.txt,loaded,,21_trial_092
Pedrotti,Pedrotti/21.txt,loaded,,21_trial_093
Pedrotti,Pedrotti/21.txt,loaded,,21_trial_094
Pedrotti,Pedrotti/21.txt,loaded,,21_trial_095
Pedrotti,Pedrotti/21.txt,loaded,,21_trial_096
Pedrotti,Pedrotti/22.txt,loaded,,22_trial_001
Pedrotti,Pedrotti/22.txt,loaded,,22_trial_002
Pedrotti,Pedrotti/22.txt,loaded,,22_trial_003
Pedrotti,Pedrotti/22.txt,loaded,,22_trial_004
Pedrotti,Pedrotti/22.txt,loaded,,22_trial_005
Pedrotti,Pedrotti/22.txt,loaded,,22_trial_006
Pedrotti,Pedrotti/22.txt,loaded,,22_trial_007
Pedrotti,Pedrotti/22.txt,loaded,,22_trial_008
Pedrotti,Pedrotti/22.txt,loaded,,22_trial_009
Pedrotti,Pedrotti/22.txt,loaded,,22_trial_010
Pedrotti,Pedrotti/22.txt,loaded,,22_trial_011
Pedrotti,Pedrotti/22.txt,loaded,,22_trial_012
Pedrotti,Pedrotti/22.txt,loaded,,22_trial_013
Pedrotti,Pedrotti/22.txt,loaded,,22_trial_014
Pedrotti,Pedrotti/22.txt,loaded,,22_trial_015
Pedrotti,Pedrotti/22.txt,loaded,,22_trial_016
Pedrotti,Pedrotti/22.txt,loaded,,22_trial_017
Pedrotti,Pedrotti/22.txt,loaded,,22_trial_018
Pedrotti,Pedrotti/22.txt,loaded,,22_trial_019
Pedrotti,Pedrotti/22.txt,loaded,,22_trial_020
Pedrotti,Pedrotti/22.txt,loaded,,22_trial_021
Pedrotti,Pedrotti/22.txt,loaded,,22_trial_022
Pedrotti,Pedrotti/22.txt,loaded,,22_trial_023
Pedrotti,Pedrotti/22.txt,loaded,,22_trial_024
Pedrotti,Pedrotti/22.txt,loaded,,22_trial_025
Pedrotti,Pedrotti/22.txt,loaded,,22_trial_026
Pedrotti,Pedrotti/22.txt,loaded,,22_trial_027
Pedrotti,Pedrotti/22.txt,loaded,,22_trial_028
Pedrotti,Pedrotti/22.txt,loaded,,22_trial_029
Pedrotti,Pedrotti/22.txt,loaded,,22_trial_030
Pedrotti,Pedrotti/22.txt,loaded,,22_trial_031
Pedrotti,Pedrotti/22.txt,loaded,,22_trial_032
Pedrotti,Pedrotti/22.txt,loaded,,22_trial_033
Pedrotti,Pedrotti/22.txt,loaded,,22_trial_034
Pedrotti,Pedrotti/22.txt,loaded,,22_trial_035
Pedrotti,Pedrotti/22.txt,loaded,,22_trial_036
Pedrotti,Pedrotti/22.txt,loaded,,22_trial_037
Pedrotti,Pedrotti/22.txt,loaded,,22_trial_038
Pedrotti,Pedrotti/22.txt,loaded,,22_trial_039
Pedrotti,Pedrotti/22.txt,loaded,,22_trial_040
Pedrotti,Pedrotti/22.txt,loaded,,22_trial_041
Pedrotti,Pedrotti/22.txt,loaded,,22_trial_042
Pedrotti,Pedrotti/22.txt,loaded,,22_trial_043
Pedrotti,Pedrotti/22.txt,loaded,,22_trial_044
Pedrotti,Pedrotti/22.txt,loaded,,22_trial_045
Pedrotti,Pedrotti/22.txt,loaded,,22_trial_046
Pedrotti,Pedrotti/22.txt,loaded,,22_trial_047
Pedrotti,Pedrotti/22.txt,loaded,,22_trial_048
Pedrotti,Pedrotti/22.txt,excluded_number_stimulus,,22_trial_049
Pedrotti,Pedrotti/22.txt,excluded_number_stimulus,,22_trial_050
Pedrotti,Pedrotti/22.txt,excluded_number_stimulus,,22_trial_051
Pedrotti,Pedrotti/22.txt,excluded_number_stimulus,,22_trial_052
Pedrotti,Pedrotti/22.txt,excluded_number_stimulus,,22_trial_053
Pedrotti,Pedrotti/22.txt,excluded_number_stimulus,,22_trial_054
Pedrotti,Pedrotti/22.txt,excluded_number_stimulus,,22_trial_055
Pedrotti,Pedrotti/22.txt,excluded_number_stimulus,,22_trial_056
Pedrotti,Pedrotti/22.txt,excluded_number_stimulus,,22_trial_057
Pedrotti,Pedrotti/22.txt,excluded_number_stimulus,,22_trial_058
Pedrotti,Pedrotti/22.txt,excluded_number_stimulus,,22_trial_059
Pedrotti,Pedrotti/22.txt,excluded_number_stimulus,,22_trial_060
Pedrotti,Pedrotti/22.txt,excluded_number_stimulus,,22_trial_061
Pedrotti,Pedrotti/22.txt,excluded_number_stimulus,,22_trial_062
Pedrotti,Pedrotti/22.txt,excluded_number_stimulus,,22_trial_063
Pedrotti,Pedrotti/22.txt,excluded_number_stimulus,,22_trial_064
Pedrotti,Pedrotti/22.txt,excluded_number_stimulus,,22_trial_065
Pedrotti,Pedrotti/22.txt,excluded_number_stimulus,,22_trial_066
Pedrotti,Pedrotti/22.txt,excluded_number_stimulus,,22_trial_067
Pedrotti,Pedrotti/22.txt,excluded_number_stimulus,,22_trial_068
Pedrotti,Pedrotti/22.txt,excluded_number_stimulus,,22_trial_069
Pedrotti,Pedrotti/22.txt,excluded_number_stimulus,,22_trial_070
Pedrotti,Pedrotti/22.txt,excluded_number_stimulus,,22_trial_071
Pedrotti,Pedrotti/22.txt,excluded_number_stimulus,,22_trial_072
Pedrotti,Pedrotti/22.txt,excluded_number_stimulus,,22_trial_073
Pedrotti,Pedrotti/22.txt,excluded_number_stimulus,,22_trial_074
Pedrotti,Pedrotti/22.txt,excluded_number_stimulus,,22_trial_075
Pedrotti,Pedrotti/22.txt,excluded_number_stimulus,,22_trial_076
Pedrotti,Pedrotti/22.txt,excluded_number_stimulus,,22_trial_077
Pedrotti,Pedrotti/22.txt,excluded_number_stimulus,,22_trial_078
Pedrotti,Pedrotti/22.txt,excluded_number_stimulus,,22_trial_079
Pedrotti,Pedrotti/22.txt,excluded_number_stimulus,,22_trial_080
Pedrotti,Pedrotti/22.txt,excluded_number_stimulus,,22_trial_081
Pedrotti,Pedrotti/22.txt,excluded_number_stimulus,,22_trial_082
Pedrotti,Pedrotti/22.txt,excluded_number_stimulus,,22_trial_083
Pedrotti,Pedrotti/22.txt,excluded_number_stimulus,,22_trial_084
Pedrotti,Pedrotti/22.txt,excluded_number_stimulus,,22_trial_085
Pedrotti,Pedrotti/22.txt,excluded_number_stimulus,,22_trial_086
Pedrotti,Pedrotti/22.txt,excluded_number_stimulus,,22_trial_087
Pedrotti,Pedrotti/22.txt,excluded_number_stimulus,,22_trial_088
Pedrotti,Pedrotti/22.txt,excluded_number_stimulus,,22_trial_089
Pedrotti,Pedrotti/22.txt,excluded_number_stimulus,,22_trial_090
Pedrotti,Pedrotti/22.txt,excluded_number_stimulus,,22_trial_091
Pedrotti,Pedrotti/22.txt,excluded_number_stimulus,,22_trial_092
Pedrotti,Pedrotti/22.txt,excluded_number_stimulus,,22_trial_093
Pedrotti,Pedrotti/22.txt,excluded_number_stimulus,,22_trial_094
Pedrotti,Pedrotti/22.txt,excluded_number_stimulus,,22_trial_095
Pedrotti,Pedrotti/22.txt,excluded_number_stimulus,,22_trial_096
Pedrotti,Pedrotti/23.txt,excluded_number_stimulus,,23_trial_001
Pedrotti,Pedrotti/23.txt,excluded_number_stimulus,,23_trial_002
Pedrotti,Pedrotti/23.txt,excluded_number_stimulus,,23_trial_003
Pedrotti,Pedrotti/23.txt,excluded_number_stimulus,,23_trial_004
Pedrotti,Pedrotti/23.txt,excluded_number_stimulus,,23_trial_005
Pedrotti,Pedrotti/23.txt,excluded_number_stimulus,,23_trial_006
Pedrotti,Pedrotti/23.txt,excluded_number_stimulus,,23_trial_007
Pedrotti,Pedrotti/23.txt,excluded_number_stimulus,,23_trial_008
Pedrotti,Pedrotti/23.txt,excluded_number_stimulus,,23_trial_009
Pedrotti,Pedrotti/23.txt,excluded_number_stimulus,,23_trial_010
Pedrotti,Pedrotti/23.txt,excluded_number_stimulus,,23_trial_011
Pedrotti,Pedrotti/23.txt,excluded_number_stimulus,,23_trial_012
Pedrotti,Pedrotti/23.txt,excluded_number_stimulus,,23_trial_013
Pedrotti,Pedrotti/23.txt,excluded_number_stimulus,,23_trial_014
Pedrotti,Pedrotti/23.txt,excluded_number_stimulus,,23_trial_015
Pedrotti,Pedrotti/23.txt,excluded_number_stimulus,,23_trial_016
Pedrotti,Pedrotti/23.txt,excluded_number_stimulus,,23_trial_017
Pedrotti,Pedrotti/23.txt,excluded_number_stimulus,,23_trial_018
Pedrotti,Pedrotti/23.txt,excluded_number_stimulus,,23_trial_019
Pedrotti,Pedrotti/23.txt,excluded_number_stimulus,,23_trial_020
Pedrotti,Pedrotti/23.txt,excluded_number_stimulus,,23_trial_021
Pedrotti,Pedrotti/23.txt,excluded_number_stimulus,,23_trial_022
Pedrotti,Pedrotti/23.txt,excluded_number_stimulus,,23_trial_023
Pedrotti,Pedrotti/23.txt,excluded_number_stimulus,,23_trial_024
Pedrotti,Pedrotti/23.txt,excluded_number_stimulus,,23_trial_025
Pedrotti,Pedrotti/23.txt,excluded_number_stimulus,,23_trial_026
Pedrotti,Pedrotti/23.txt,excluded_number_stimulus,,23_trial_027
Pedrotti,Pedrotti/23.txt,excluded_number_stimulus,,23_trial_028
Pedrotti,Pedrotti/23.txt,excluded_number_stimulus,,23_trial_029
Pedrotti,Pedrotti/23.txt,excluded_number_stimulus,,23_trial_030
Pedrotti,Pedrotti/23.txt,excluded_number_stimulus,,23_trial_031
Pedrotti,Pedrotti/23.txt,excluded_number_stimulus,,23_trial_032
Pedrotti,Pedrotti/23.txt,excluded_number_stimulus,,23_trial_033
Pedrotti,Pedrotti/23.txt,excluded_number_stimulus,,23_trial_034
Pedrotti,Pedrotti/23.txt,excluded_number_stimulus,,23_trial_035
Pedrotti,Pedrotti/23.txt,excluded_number_stimulus,,23_trial_036
Pedrotti,Pedrotti/23.txt,excluded_number_stimulus,,23_trial_037
Pedrotti,Pedrotti/23.txt,excluded_number_stimulus,,23_trial_038
Pedrotti,Pedrotti/23.txt,excluded_number_stimulus,,23_trial_039
Pedrotti,Pedrotti/23.txt,excluded_number_stimulus,,23_trial_040
Pedrotti,Pedrotti/23.txt,excluded_number_stimulus,,23_trial_041
Pedrotti,Pedrotti/23.txt,excluded_number_stimulus,,23_trial_042
Pedrotti,Pedrotti/23.txt,excluded_number_stimulus,,23_trial_043
Pedrotti,Pedrotti/23.txt,excluded_number_stimulus,,23_trial_044
Pedrotti,Pedrotti/23.txt,excluded_number_stimulus,,23_trial_045
Pedrotti,Pedrotti/23.txt,excluded_number_stimulus,,23_trial_046
Pedrotti,Pedrotti/23.txt,excluded_number_stimulus,,23_trial_047
Pedrotti,Pedrotti/23.txt,excluded_number_stimulus,,23_trial_048
Pedrotti,Pedrotti/23.txt,loaded,,23_trial_049
Pedrotti,Pedrotti/23.txt,loaded,,23_trial_050
Pedrotti,Pedrotti/23.txt,loaded,,23_trial_051
Pedrotti,Pedrotti/23.txt,loaded,,23_trial_052
Pedrotti,Pedrotti/23.txt,loaded,,23_trial_053
Pedrotti,Pedrotti/23.txt,loaded,,23_trial_054
Pedrotti,Pedrotti/23.txt,loaded,,23_trial_055
Pedrotti,Pedrotti/23.txt,loaded,,23_trial_056
Pedrotti,Pedrotti/23.txt,loaded,,23_trial_057
Pedrotti,Pedrotti/23.txt,loaded,,23_trial_058
Pedrotti,Pedrotti/23.txt,loaded,,23_trial_059
Pedrotti,Pedrotti/23.txt,loaded,,23_trial_060
Pedrotti,Pedrotti/23.txt,loaded,,23_trial_061
Pedrotti,Pedrotti/23.txt,loaded,,23_trial_062
Pedrotti,Pedrotti/23.txt,loaded,,23_trial_063
Pedrotti,Pedrotti/23.txt,loaded,,23_trial_064
Pedrotti,Pedrotti/23.txt,loaded,,23_trial_065
Pedrotti,Pedrotti/23.txt,loaded,,23_trial_066
Pedrotti,Pedrotti/23.txt,loaded,,23_trial_067
Pedrotti,Pedrotti/23.txt,loaded,,23_trial_068
Pedrotti,Pedrotti/23.txt,loaded,,23_trial_069
Pedrotti,Pedrotti/23.txt,loaded,,23_trial_070
Pedrotti,Pedrotti/23.txt,loaded,,23_trial_071
Pedrotti,Pedrotti/23.txt,loaded,,23_trial_072
Pedrotti,Pedrotti/23.txt,loaded,,23_trial_073
Pedrotti,Pedrotti/23.txt,loaded,,23_trial_074
Pedrotti,Pedrotti/23.txt,loaded,,23_trial_075
Pedrotti,Pedrotti/23.txt,loaded,,23_trial_076
Pedrotti,Pedrotti/23.txt,loaded,,23_trial_077
Pedrotti,Pedrotti/23.txt,loaded,,23_trial_078
Pedrotti,Pedrotti/23.txt,loaded,,23_trial_079
Pedrotti,Pedrotti/23.txt,loaded,,23_trial_080
Pedrotti,Pedrotti/23.txt,loaded,,23_trial_081
Pedrotti,Pedrotti/23.txt,loaded,,23_trial_082
Pedrotti,Pedrotti/23.txt,loaded,,23_trial_083
Pedrotti,Pedrotti/23.txt,loaded,,23_trial_084
Pedrotti,Pedrotti/23.txt,loaded,,23_trial_085
Pedrotti,Pedrotti/23.txt,loaded,,23_trial_086
Pedrotti,Pedrotti/23.txt,loaded,,23_trial_087
Pedrotti,Pedrotti/23.txt,loaded,,23_trial_088
Pedrotti,Pedrotti/23.txt,loaded,,23_trial_089
Pedrotti,Pedrotti/23.txt,loaded,,23_trial_090
Pedrotti,Pedrotti/23.txt,loaded,,23_trial_091
Pedrotti,Pedrotti/23.txt,loaded,,23_trial_092
Pedrotti,Pedrotti/23.txt,loaded,,23_trial_093
Pedrotti,Pedrotti/23.txt,loaded,,23_trial_094
Pedrotti,Pedrotti/23.txt,loaded,,23_trial_095
Pedrotti,Pedrotti/23.txt,loaded,,23_trial_096
Pedrotti,Pedrotti/24.txt,loaded,,24_trial_001
Pedrotti,Pedrotti/24.txt,loaded,,24_trial_002
Pedrotti,Pedrotti/24.txt,loaded,,24_trial_003
Pedrotti,Pedrotti/24.txt,loaded,,24_trial_004
Pedrotti,Pedrotti/24.txt,loaded,,24_trial_005
Pedrotti,Pedrotti/24.txt,loaded,,24_trial_006
Pedrotti,Pedrotti/24.txt,loaded,,24_trial_007
Pedrotti,Pedrotti/24.txt,loaded,,24_trial_008
Pedrotti,Pedrotti/24.txt,loaded,,24_trial_009
Pedrotti,Pedrotti/24.txt,loaded,,24_trial_010
Pedrotti,Pedrotti/24.txt,loaded,,24_trial_011
Pedrotti,Pedrotti/24.txt,loaded,,24_trial_012
Pedrotti,Pedrotti/24.txt,loaded,,24_trial_013
Pedrotti,Pedrotti/24.txt,loaded,,24_trial_014
Pedrotti,Pedrotti/24.txt,loaded,,24_trial_015
Pedrotti,Pedrotti/24.txt,loaded,,24_trial_016
Pedrotti,Pedrotti/24.txt,loaded,,24_trial_017
Pedrotti,Pedrotti/24.txt,loaded,,24_trial_018
Pedrotti,Pedrotti/24.txt,loaded,,24_trial_019
Pedrotti,Pedrotti/24.txt,loaded,,24_trial_020
Pedrotti,Pedrotti/24.txt,loaded,,24_trial_021
Pedrotti,Pedrotti/24.txt,loaded,,24_trial_022
Pedrotti,Pedrotti/24.txt,loaded,,24_trial_023
Pedrotti,Pedrotti/24.txt,loaded,,24_trial_024
Pedrotti,Pedrotti/24.txt,loaded,,24_trial_025
Pedrotti,Pedrotti/24.txt,loaded,,24_trial_026
Pedrotti,Pedrotti/24.txt,loaded,,24_trial_027
Pedrotti,Pedrotti/24.txt,loaded,,24_trial_028
Pedrotti,Pedrotti/24.txt,loaded,,24_trial_029
Pedrotti,Pedrotti/24.txt,loaded,,24_trial_030
Pedrotti,Pedrotti/24.txt,loaded,,24_trial_031
Pedrotti,Pedrotti/24.txt,loaded,,24_trial_032
Pedrotti,Pedrotti/24.txt,loaded,,24_trial_033
Pedrotti,Pedrotti/24.txt,loaded,,24_trial_034
Pedrotti,Pedrotti/24.txt,loaded,,24_trial_035
Pedrotti,Pedrotti/24.txt,loaded,,24_trial_036
Pedrotti,Pedrotti/24.txt,loaded,,24_trial_037
Pedrotti,Pedrotti/24.txt,loaded,,24_trial_038
Pedrotti,Pedrotti/24.txt,loaded,,24_trial_039
Pedrotti,Pedrotti/24.txt,loaded,,24_trial_040
Pedrotti,Pedrotti/24.txt,loaded,,24_trial_041
Pedrotti,Pedrotti/24.txt,loaded,,24_trial_042
Pedrotti,Pedrotti/24.txt,loaded,,24_trial_043
Pedrotti,Pedrotti/24.txt,loaded,,24_trial_044
Pedrotti,Pedrotti/24.txt,loaded,,24_trial_045
Pedrotti,Pedrotti/24.txt,loaded,,24_trial_046
Pedrotti,Pedrotti/24.txt,loaded,,24_trial_047
Pedrotti,Pedrotti/24.txt,loaded,,24_trial_048
Pedrotti,Pedrotti/24.txt,excluded_number_stimulus,,24_trial_049
Pedrotti,Pedrotti/24.txt,excluded_number_stimulus,,24_trial_050
Pedrotti,Pedrotti/24.txt,excluded_number_stimulus,,24_trial_051
Pedrotti,Pedrotti/24.txt,excluded_number_stimulus,,24_trial_052
Pedrotti,Pedrotti/24.txt,excluded_number_stimulus,,24_trial_053
Pedrotti,Pedrotti/24.txt,excluded_number_stimulus,,24_trial_054
Pedrotti,Pedrotti/24.txt,excluded_number_stimulus,,24_trial_055
Pedrotti,Pedrotti/24.txt,excluded_number_stimulus,,24_trial_056
Pedrotti,Pedrotti/24.txt,excluded_number_stimulus,,24_trial_057
Pedrotti,Pedrotti/24.txt,excluded_number_stimulus,,24_trial_058
Pedrotti,Pedrotti/24.txt,excluded_number_stimulus,,24_trial_059
Pedrotti,Pedrotti/24.txt,excluded_number_stimulus,,24_trial_060
Pedrotti,Pedrotti/24.txt,excluded_number_stimulus,,24_trial_061
Pedrotti,Pedrotti/24.txt,excluded_number_stimulus,,24_trial_062
Pedrotti,Pedrotti/24.txt,excluded_number_stimulus,,24_trial_063
Pedrotti,Pedrotti/24.txt,excluded_number_stimulus,,24_trial_064
Pedrotti,Pedrotti/24.txt,excluded_number_stimulus,,24_trial_065
Pedrotti,Pedrotti/24.txt,excluded_number_stimulus,,24_trial_066
Pedrotti,Pedrotti/24.txt,excluded_number_stimulus,,24_trial_067
Pedrotti,Pedrotti/24.txt,excluded_number_stimulus,,24_trial_068
Pedrotti,Pedrotti/24.txt,excluded_number_stimulus,,24_trial_069
Pedrotti,Pedrotti/24.txt,excluded_number_stimulus,,24_trial_070
Pedrotti,Pedrotti/24.txt,excluded_number_stimulus,,24_trial_071
Pedrotti,Pedrotti/24.txt,excluded_number_stimulus,,24_trial_072
Pedrotti,Pedrotti/24.txt,excluded_number_stimulus,,24_trial_073
Pedrotti,Pedrotti/24.txt,excluded_number_stimulus,,24_trial_074
Pedrotti,Pedrotti/24.txt,excluded_number_stimulus,,24_trial_075
Pedrotti,Pedrotti/24.txt,excluded_number_stimulus,,24_trial_076
Pedrotti,Pedrotti/24.txt,excluded_number_stimulus,,24_trial_077
Pedrotti,Pedrotti/24.txt,excluded_number_stimulus,,24_trial_078
Pedrotti,Pedrotti/24.txt,excluded_number_stimulus,,24_trial_079
Pedrotti,Pedrotti/24.txt,excluded_number_stimulus,,24_trial_080
Pedrotti,Pedrotti/24.txt,excluded_number_stimulus,,24_trial_081
Pedrotti,Pedrotti/24.txt,excluded_number_stimulus,,24_trial_082
Pedrotti,Pedrotti/24.txt,excluded_number_stimulus,,24_trial_083
Pedrotti,Pedrotti/24.txt,excluded_number_stimulus,,24_trial_084
Pedrotti,Pedrotti/24.txt,excluded_number_stimulus,,24_trial_085
Pedrotti,Pedrotti/24.txt,excluded_number_stimulus,,24_trial_086
Pedrotti,Pedrotti/24.txt,excluded_number_stimulus,,24_trial_087
Pedrotti,Pedrotti/24.txt,excluded_number_stimulus,,24_trial_088
Pedrotti,Pedrotti/24.txt,excluded_number_stimulus,,24_trial_089
Pedrotti,Pedrotti/24.txt,excluded_number_stimulus,,24_trial_090
Pedrotti,Pedrotti/24.txt,excluded_number_stimulus,,24_trial_091
Pedrotti,Pedrotti/24.txt,excluded_number_stimulus,,24_trial_092
Pedrotti,Pedrotti/24.txt,excluded_number_stimulus,,24_trial_093
Pedrotti,Pedrotti/24.txt,excluded_number_stimulus,,24_trial_094
Pedrotti,Pedrotti/24.txt,excluded_number_stimulus,,24_trial_095
Pedrotti,Pedrotti/24.txt,excluded_number_stimulus,,24_trial_096
Pedrotti,Pedrotti/25.txt,excluded_number_stimulus,,25_trial_001
Pedrotti,Pedrotti/25.txt,excluded_number_stimulus,,25_trial_002
Pedrotti,Pedrotti/25.txt,excluded_number_stimulus,,25_trial_003
Pedrotti,Pedrotti/25.txt,excluded_number_stimulus,,25_trial_004
Pedrotti,Pedrotti/25.txt,excluded_number_stimulus,,25_trial_005
Pedrotti,Pedrotti/25.txt,excluded_number_stimulus,,25_trial_006
Pedrotti,Pedrotti/25.txt,excluded_number_stimulus,,25_trial_007
Pedrotti,Pedrotti/25.txt,excluded_number_stimulus,,25_trial_008
Pedrotti,Pedrotti/25.txt,excluded_number_stimulus,,25_trial_009
Pedrotti,Pedrotti/25.txt,excluded_number_stimulus,,25_trial_010
Pedrotti,Pedrotti/25.txt,excluded_number_stimulus,,25_trial_011
Pedrotti,Pedrotti/25.txt,excluded_number_stimulus,,25_trial_012
Pedrotti,Pedrotti/25.txt,excluded_number_stimulus,,25_trial_013
Pedrotti,Pedrotti/25.txt,excluded_number_stimulus,,25_trial_014
Pedrotti,Pedrotti/25.txt,excluded_number_stimulus,,25_trial_015
Pedrotti,Pedrotti/25.txt,excluded_number_stimulus,,25_trial_016
Pedrotti,Pedrotti/25.txt,excluded_number_stimulus,,25_trial_017
Pedrotti,Pedrotti/25.txt,excluded_number_stimulus,,25_trial_018
Pedrotti,Pedrotti/25.txt,excluded_number_stimulus,,25_trial_019
Pedrotti,Pedrotti/25.txt,excluded_number_stimulus,,25_trial_020
Pedrotti,Pedrotti/25.txt,excluded_number_stimulus,,25_trial_021
Pedrotti,Pedrotti/25.txt,excluded_number_stimulus,,25_trial_022
Pedrotti,Pedrotti/25.txt,excluded_number_stimulus,,25_trial_023
Pedrotti,Pedrotti/25.txt,excluded_number_stimulus,,25_trial_024
Pedrotti,Pedrotti/25.txt,excluded_number_stimulus,,25_trial_025
Pedrotti,Pedrotti/25.txt,excluded_number_stimulus,,25_trial_026
Pedrotti,Pedrotti/25.txt,excluded_number_stimulus,,25_trial_027
Pedrotti,Pedrotti/25.txt,excluded_number_stimulus,,25_trial_028
Pedrotti,Pedrotti/25.txt,excluded_number_stimulus,,25_trial_029
Pedrotti,Pedrotti/25.txt,excluded_number_stimulus,,25_trial_030
Pedrotti,Pedrotti/25.txt,excluded_number_stimulus,,25_trial_031
Pedrotti,Pedrotti/25.txt,excluded_number_stimulus,,25_trial_032
Pedrotti,Pedrotti/25.txt,excluded_number_stimulus,,25_trial_033
Pedrotti,Pedrotti/25.txt,excluded_number_stimulus,,25_trial_034
Pedrotti,Pedrotti/25.txt,excluded_number_stimulus,,25_trial_035
Pedrotti,Pedrotti/25.txt,excluded_number_stimulus,,25_trial_036
Pedrotti,Pedrotti/25.txt,excluded_number_stimulus,,25_trial_037
Pedrotti,Pedrotti/25.txt,excluded_number_stimulus,,25_trial_038
Pedrotti,Pedrotti/25.txt,excluded_number_stimulus,,25_trial_039
Pedrotti,Pedrotti/25.txt,excluded_number_stimulus,,25_trial_040
Pedrotti,Pedrotti/25.txt,excluded_number_stimulus,,25_trial_041
Pedrotti,Pedrotti/25.txt,excluded_number_stimulus,,25_trial_042
Pedrotti,Pedrotti/25.txt,excluded_number_stimulus,,25_trial_043
Pedrotti,Pedrotti/25.txt,excluded_number_stimulus,,25_trial_044
Pedrotti,Pedrotti/25.txt,excluded_number_stimulus,,25_trial_045
Pedrotti,Pedrotti/25.txt,excluded_number_stimulus,,25_trial_046
Pedrotti,Pedrotti/25.txt,excluded_number_stimulus,,25_trial_047
Pedrotti,Pedrotti/25.txt,excluded_number_stimulus,,25_trial_048
Pedrotti,Pedrotti/25.txt,loaded,,25_trial_049
Pedrotti,Pedrotti/25.txt,loaded,,25_trial_050
Pedrotti,Pedrotti/25.txt,loaded,,25_trial_051
Pedrotti,Pedrotti/25.txt,loaded,,25_trial_052
Pedrotti,Pedrotti/25.txt,loaded,,25_trial_053
Pedrotti,Pedrotti/25.txt,loaded,,25_trial_054
Pedrotti,Pedrotti/25.txt,loaded,,25_trial_055
Pedrotti,Pedrotti/25.txt,loaded,,25_trial_056
Pedrotti,Pedrotti/25.txt,loaded,,25_trial_057
Pedrotti,Pedrotti/25.txt,loaded,,25_trial_058
Pedrotti,Pedrotti/25.txt,loaded,,25_trial_059
Pedrotti,Pedrotti/25.txt,loaded,,25_trial_060
Pedrotti,Pedrotti/25.txt,loaded,,25_trial_061
Pedrotti,Pedrotti/25.txt,loaded,,25_trial_062
Pedrotti,Pedrotti/25.txt,loaded,,25_trial_063
Pedrotti,Pedrotti/25.txt,loaded,,25_trial_064
Pedrotti,Pedrotti/25.txt,loaded,,25_trial_065
Pedrotti,Pedrotti/25.txt,loaded,,25_trial_066
Pedrotti,Pedrotti/25.txt,loaded,,25_trial_067
Pedrotti,Pedrotti/25.txt,loaded,,25_trial_068
Pedrotti,Pedrotti/25.txt,loaded,,25_trial_069
Pedrotti,Pedrotti/25.txt,loaded,,25_trial_070
Pedrotti,Pedrotti/25.txt,loaded,,25_trial_071
Pedrotti,Pedrotti/25.txt,loaded,,25_trial_072
Pedrotti,Pedrotti/25.txt,loaded,,25_trial_073
Pedrotti,Pedrotti/25.txt,loaded,,25_trial_074
Pedrotti,Pedrotti/25.txt,loaded,,25_trial_075
Pedrotti,Pedrotti/25.txt,loaded,,25_trial_076
Pedrotti,Pedrotti/25.txt,loaded,,25_trial_077
Pedrotti,Pedrotti/25.txt,loaded,,25_trial_078
Pedrotti,Pedrotti/25.txt,loaded,,25_trial_079
Pedrotti,Pedrotti/25.txt,loaded,,25_trial_080
Pedrotti,Pedrotti/25.txt,loaded,,25_trial_081
Pedrotti,Pedrotti/25.txt,loaded,,25_trial_082
Pedrotti,Pedrotti/25.txt,loaded,,25_trial_083
Pedrotti,Pedrotti/25.txt,loaded,,25_trial_084
Pedrotti,Pedrotti/25.txt,loaded,,25_trial_085
Pedrotti,Pedrotti/25.txt,loaded,,25_trial_086
Pedrotti,Pedrotti/25.txt,loaded,,25_trial_087
Pedrotti,Pedrotti/25.txt,loaded,,25_trial_088
Pedrotti,Pedrotti/25.txt,loaded,,25_trial_089
Pedrotti,Pedrotti/25.txt,loaded,,25_trial_090
Pedrotti,Pedrotti/25.txt,loaded,,25_trial_091
Pedrotti,Pedrotti/25.txt,loaded,,25_trial_092
Pedrotti,Pedrotti/25.txt,loaded,,25_trial_093
Pedrotti,Pedrotti/25.txt,loaded,,25_trial_094
Pedrotti,Pedrotti/25.txt,loaded,,25_trial_095
Pedrotti,Pedrotti/25.txt,loaded,,25_trial_096
Pedrotti,Pedrotti/26.txt,loaded,,26_trial_001
Pedrotti,Pedrotti/26.txt,loaded,,26_trial_002
Pedrotti,Pedrotti/26.txt,loaded,,26_trial_003
Pedrotti,Pedrotti/26.txt,loaded,,26_trial_004
Pedrotti,Pedrotti/26.txt,loaded,,26_trial_005
Pedrotti,Pedrotti/26.txt,loaded,,26_trial_006
Pedrotti,Pedrotti/26.txt,loaded,,26_trial_007
Pedrotti,Pedrotti/26.txt,loaded,,26_trial_008
Pedrotti,Pedrotti/26.txt,loaded,,26_trial_009
Pedrotti,Pedrotti/26.txt,loaded,,26_trial_010
Pedrotti,Pedrotti/26.txt,loaded,,26_trial_011
Pedrotti,Pedrotti/26.txt,loaded,,26_trial_012
Pedrotti,Pedrotti/26.txt,loaded,,26_trial_013
Pedrotti,Pedrotti/26.txt,loaded,,26_trial_014
Pedrotti,Pedrotti/26.txt,loaded,,26_trial_015
Pedrotti,Pedrotti/26.txt,loaded,,26_trial_016
Pedrotti,Pedrotti/26.txt,loaded,,26_trial_017
Pedrotti,Pedrotti/26.txt,loaded,,26_trial_018
Pedrotti,Pedrotti/26.txt,loaded,,26_trial_019
Pedrotti,Pedrotti/26.txt,loaded,,26_trial_020
Pedrotti,Pedrotti/26.txt,loaded,,26_trial_021
Pedrotti,Pedrotti/26.txt,loaded,,26_trial_022
Pedrotti,Pedrotti/26.txt,loaded,,26_trial_023
Pedrotti,Pedrotti/26.txt,loaded,,26_trial_024
Pedrotti,Pedrotti/26.txt,loaded,,26_trial_025
Pedrotti,Pedrotti/26.txt,loaded,,26_trial_026
Pedrotti,Pedrotti/26.txt,loaded,,26_trial_027
Pedrotti,Pedrotti/26.txt,loaded,,26_trial_028
Pedrotti,Pedrotti/26.txt,loaded,,26_trial_029
Pedrotti,Pedrotti/26.txt,loaded,,26_trial_030
Pedrotti,Pedrotti/26.txt,loaded,,26_trial_031
Pedrotti,Pedrotti/26.txt,loaded,,26_trial_032
Pedrotti,Pedrotti/26.txt,loaded,,26_trial_033
Pedrotti,Pedrotti/26.txt,loaded,,26_trial_034
Pedrotti,Pedrotti/26.txt,loaded,,26_trial_035
Pedrotti,Pedrotti/26.txt,loaded,,26_trial_036
Pedrotti,Pedrotti/26.txt,loaded,,26_trial_037
Pedrotti,Pedrotti/26.txt,loaded,,26_trial_038
Pedrotti,Pedrotti/26.txt,loaded,,26_trial_039
Pedrotti,Pedrotti/26.txt,loaded,,26_trial_040
Pedrotti,Pedrotti/26.txt,loaded,,26_trial_041
Pedrotti,Pedrotti/26.txt,loaded,,26_trial_042
Pedrotti,Pedrotti/26.txt,loaded,,26_trial_043
Pedrotti,Pedrotti/26.txt,loaded,,26_trial_044
Pedrotti,Pedrotti/26.txt,loaded,,26_trial_045
Pedrotti,Pedrotti/26.txt,loaded,,26_trial_046
Pedrotti,Pedrotti/26.txt,loaded,,26_trial_047
Pedrotti,Pedrotti/26.txt,loaded,,26_trial_048
Pedrotti,Pedrotti/26.txt,excluded_number_stimulus,,26_trial_049
Pedrotti,Pedrotti/26.txt,excluded_number_stimulus,,26_trial_050
Pedrotti,Pedrotti/26.txt,excluded_number_stimulus,,26_trial_051
Pedrotti,Pedrotti/26.txt,excluded_number_stimulus,,26_trial_052
Pedrotti,Pedrotti/26.txt,excluded_number_stimulus,,26_trial_053
Pedrotti,Pedrotti/26.txt,excluded_number_stimulus,,26_trial_054
Pedrotti,Pedrotti/26.txt,excluded_number_stimulus,,26_trial_055
Pedrotti,Pedrotti/26.txt,excluded_number_stimulus,,26_trial_056
Pedrotti,Pedrotti/26.txt,excluded_number_stimulus,,26_trial_057
Pedrotti,Pedrotti/26.txt,excluded_number_stimulus,,26_trial_058
Pedrotti,Pedrotti/26.txt,excluded_number_stimulus,,26_trial_059
Pedrotti,Pedrotti/26.txt,excluded_number_stimulus,,26_trial_060
Pedrotti,Pedrotti/26.txt,excluded_number_stimulus,,26_trial_061
Pedrotti,Pedrotti/26.txt,excluded_number_stimulus,,26_trial_062
Pedrotti,Pedrotti/26.txt,excluded_number_stimulus,,26_trial_063
Pedrotti,Pedrotti/26.txt,excluded_number_stimulus,,26_trial_064
Pedrotti,Pedrotti/26.txt,excluded_number_stimulus,,26_trial_065
Pedrotti,Pedrotti/26.txt,excluded_number_stimulus,,26_trial_066
Pedrotti,Pedrotti/26.txt,excluded_number_stimulus,,26_trial_067
Pedrotti,Pedrotti/26.txt,excluded_number_stimulus,,26_trial_068
Pedrotti,Pedrotti/26.txt,excluded_number_stimulus,,26_trial_069
Pedrotti,Pedrotti/26.txt,excluded_number_stimulus,,26_trial_070
Pedrotti,Pedrotti/26.txt,excluded_number_stimulus,,26_trial_071
Pedrotti,Pedrotti/26.txt,excluded_number_stimulus,,26_trial_072
Pedrotti,Pedrotti/26.txt,excluded_number_stimulus,,26_trial_073
Pedrotti,Pedrotti/26.txt,excluded_number_stimulus,,26_trial_074
Pedrotti,Pedrotti/26.txt,excluded_number_stimulus,,26_trial_075
Pedrotti,Pedrotti/26.txt,excluded_number_stimulus,,26_trial_076
Pedrotti,Pedrotti/26.txt,excluded_number_stimulus,,26_trial_077
Pedrotti,Pedrotti/26.txt,excluded_number_stimulus,,26_trial_078
Pedrotti,Pedrotti/26.txt,excluded_number_stimulus,,26_trial_079
Pedrotti,Pedrotti/26.txt,excluded_number_stimulus,,26_trial_080
Pedrotti,Pedrotti/26.txt,excluded_number_stimulus,,26_trial_081
Pedrotti,Pedrotti/26.txt,excluded_number_stimulus,,26_trial_082
Pedrotti,Pedrotti/26.txt,excluded_number_stimulus,,26_trial_083
Pedrotti,Pedrotti/26.txt,excluded_number_stimulus,,26_trial_084
Pedrotti,Pedrotti/26.txt,excluded_number_stimulus,,26_trial_085
Pedrotti,Pedrotti/26.txt,excluded_number_stimulus,,26_trial_086
Pedrotti,Pedrotti/26.txt,excluded_number_stimulus,,26_trial_087
Pedrotti,Pedrotti/26.txt,excluded_number_stimulus,,26_trial_088
Pedrotti,Pedrotti/26.txt,excluded_number_stimulus,,26_trial_089
Pedrotti,Pedrotti/26.txt,excluded_number_stimulus,,26_trial_090
Pedrotti,Pedrotti/26.txt,excluded_number_stimulus,,26_trial_091
Pedrotti,Pedrotti/26.txt,excluded_number_stimulus,,26_trial_092
Pedrotti,Pedrotti/26.txt,excluded_number_stimulus,,26_trial_093
Pedrotti,Pedrotti/26.txt,excluded_number_stimulus,,26_trial_094
Pedrotti,Pedrotti/26.txt,excluded_number_stimulus,,26_trial_095
Pedrotti,Pedrotti/26.txt,excluded_number_stimulus,,26_trial_096
Pedrotti,Pedrotti/27.txt,excluded_number_stimulus,,27_trial_001
Pedrotti,Pedrotti/27.txt,excluded_number_stimulus,,27_trial_002
Pedrotti,Pedrotti/27.txt,excluded_number_stimulus,,27_trial_003
Pedrotti,Pedrotti/27.txt,excluded_number_stimulus,,27_trial_004
Pedrotti,Pedrotti/27.txt,excluded_number_stimulus,,27_trial_005
Pedrotti,Pedrotti/27.txt,excluded_number_stimulus,,27_trial_006
Pedrotti,Pedrotti/27.txt,excluded_number_stimulus,,27_trial_007
Pedrotti,Pedrotti/27.txt,excluded_number_stimulus,,27_trial_008
Pedrotti,Pedrotti/27.txt,excluded_number_stimulus,,27_trial_009
Pedrotti,Pedrotti/27.txt,excluded_number_stimulus,,27_trial_010
Pedrotti,Pedrotti/27.txt,excluded_number_stimulus,,27_trial_011
Pedrotti,Pedrotti/27.txt,excluded_number_stimulus,,27_trial_012
Pedrotti,Pedrotti/27.txt,excluded_number_stimulus,,27_trial_013
Pedrotti,Pedrotti/27.txt,excluded_number_stimulus,,27_trial_014
Pedrotti,Pedrotti/27.txt,excluded_number_stimulus,,27_trial_015
Pedrotti,Pedrotti/27.txt,excluded_number_stimulus,,27_trial_016
Pedrotti,Pedrotti/27.txt,excluded_number_stimulus,,27_trial_017
Pedrotti,Pedrotti/27.txt,excluded_number_stimulus,,27_trial_018
Pedrotti,Pedrotti/27.txt,excluded_number_stimulus,,27_trial_019
Pedrotti,Pedrotti/27.txt,excluded_number_stimulus,,27_trial_020
Pedrotti,Pedrotti/27.txt,excluded_number_stimulus,,27_trial_021
Pedrotti,Pedrotti/27.txt,excluded_number_stimulus,,27_trial_022
Pedrotti,Pedrotti/27.txt,excluded_number_stimulus,,27_trial_023
Pedrotti,Pedrotti/27.txt,excluded_number_stimulus,,27_trial_024
Pedrotti,Pedrotti/27.txt,excluded_number_stimulus,,27_trial_025
Pedrotti,Pedrotti/27.txt,excluded_number_stimulus,,27_trial_026
Pedrotti,Pedrotti/27.txt,excluded_number_stimulus,,27_trial_027
Pedrotti,Pedrotti/27.txt,excluded_number_stimulus,,27_trial_028
Pedrotti,Pedrotti/27.txt,excluded_number_stimulus,,27_trial_029
Pedrotti,Pedrotti/27.txt,excluded_number_stimulus,,27_trial_030
Pedrotti,Pedrotti/27.txt,excluded_number_stimulus,,27_trial_031
Pedrotti,Pedrotti/27.txt,excluded_number_stimulus,,27_trial_032
Pedrotti,Pedrotti/27.txt,excluded_number_stimulus,,27_trial_033
Pedrotti,Pedrotti/27.txt,excluded_number_stimulus,,27_trial_034
Pedrotti,Pedrotti/27.txt,excluded_number_stimulus,,27_trial_035
Pedrotti,Pedrotti/27.txt,excluded_number_stimulus,,27_trial_036
Pedrotti,Pedrotti/27.txt,excluded_number_stimulus,,27_trial_037
Pedrotti,Pedrotti/27.txt,excluded_number_stimulus,,27_trial_038
Pedrotti,Pedrotti/27.txt,excluded_number_stimulus,,27_trial_039
Pedrotti,Pedrotti/27.txt,excluded_number_stimulus,,27_trial_040
Pedrotti,Pedrotti/27.txt,excluded_number_stimulus,,27_trial_041
Pedrotti,Pedrotti/27.txt,excluded_number_stimulus,,27_trial_042
Pedrotti,Pedrotti/27.txt,excluded_number_stimulus,,27_trial_043
Pedrotti,Pedrotti/27.txt,excluded_number_stimulus,,27_trial_044
Pedrotti,Pedrotti/27.txt,excluded_number_stimulus,,27_trial_045
Pedrotti,Pedrotti/27.txt,excluded_number_stimulus,,27_trial_046
Pedrotti,Pedrotti/27.txt,excluded_number_stimulus,,27_trial_047
Pedrotti,Pedrotti/27.txt,excluded_number_stimulus,,27_trial_048
Pedrotti,Pedrotti/27.txt,loaded,,27_trial_049
Pedrotti,Pedrotti/27.txt,loaded,,27_trial_050
Pedrotti,Pedrotti/27.txt,loaded,,27_trial_051
Pedrotti,Pedrotti/27.txt,loaded,,27_trial_052
Pedrotti,Pedrotti/27.txt,loaded,,27_trial_053
Pedrotti,Pedrotti/27.txt,loaded,,27_trial_054
Pedrotti,Pedrotti/27.txt,loaded,,27_trial_055
Pedrotti,Pedrotti/27.txt,loaded,,27_trial_056
Pedrotti,Pedrotti/27.txt,loaded,,27_trial_057
Pedrotti,Pedrotti/27.txt,loaded,,27_trial_058
Pedrotti,Pedrotti/27.txt,loaded,,27_trial_059
Pedrotti,Pedrotti/27.txt,loaded,,27_trial_060
Pedrotti,Pedrotti/27.txt,loaded,,27_trial_061
Pedrotti,Pedrotti/27.txt,loaded,,27_trial_062
Pedrotti,Pedrotti/27.txt,loaded,,27_trial_063
Pedrotti,Pedrotti/27.txt,loaded,,27_trial_064
Pedrotti,Pedrotti/27.txt,loaded,,27_trial_065
Pedrotti,Pedrotti/27.txt,loaded,,27_trial_066
Pedrotti,Pedrotti/27.txt,loaded,,27_trial_067
Pedrotti,Pedrotti/27.txt,loaded,,27_trial_068
Pedrotti,Pedrotti/27.txt,loaded,,27_trial_069
Pedrotti,Pedrotti/27.txt,loaded,,27_trial_070
Pedrotti,Pedrotti/27.txt,loaded,,27_trial_071
Pedrotti,Pedrotti/27.txt,loaded,,27_trial_072
Pedrotti,Pedrotti/27.txt,loaded,,27_trial_073
Pedrotti,Pedrotti/27.txt,loaded,,27_trial_074
Pedrotti,Pedrotti/27.txt,loaded,,27_trial_075
Pedrotti,Pedrotti/27.txt,loaded,,27_trial_076
Pedrotti,Pedrotti/27.txt,loaded,,27_trial_077
Pedrotti,Pedrotti/27.txt,loaded,,27_trial_078
Pedrotti,Pedrotti/27.txt,loaded,,27_trial_079
Pedrotti,Pedrotti/27.txt,loaded,,27_trial_080
Pedrotti,Pedrotti/27.txt,loaded,,27_trial_081
Pedrotti,Pedrotti/27.txt,loaded,,27_trial_082
Pedrotti,Pedrotti/27.txt,loaded,,27_trial_083
Pedrotti,Pedrotti/27.txt,loaded,,27_trial_084
Pedrotti,Pedrotti/27.txt,loaded,,27_trial_085
Pedrotti,Pedrotti/27.txt,loaded,,27_trial_086
Pedrotti,Pedrotti/27.txt,loaded,,27_trial_087
Pedrotti,Pedrotti/27.txt,loaded,,27_trial_088
Pedrotti,Pedrotti/27.txt,loaded,,27_trial_089
Pedrotti,Pedrotti/27.txt,loaded,,27_trial_090
Pedrotti,Pedrotti/27.txt,loaded,,27_trial_091
Pedrotti,Pedrotti/27.txt,loaded,,27_trial_092
Pedrotti,Pedrotti/27.txt,loaded,,27_trial_093
Pedrotti,Pedrotti/27.txt,loaded,,27_trial_094
Pedrotti,Pedrotti/27.txt,loaded,,27_trial_095
Pedrotti,Pedrotti/27.txt,loaded,,27_trial_096
Pedrotti,Pedrotti/28.txt,loaded,,28_trial_001
Pedrotti,Pedrotti/28.txt,loaded,,28_trial_002
Pedrotti,Pedrotti/28.txt,loaded,,28_trial_003
Pedrotti,Pedrotti/28.txt,loaded,,28_trial_004
Pedrotti,Pedrotti/28.txt,loaded,,28_trial_005
Pedrotti,Pedrotti/28.txt,loaded,,28_trial_006
Pedrotti,Pedrotti/28.txt,loaded,,28_trial_007
Pedrotti,Pedrotti/28.txt,loaded,,28_trial_008
Pedrotti,Pedrotti/28.txt,loaded,,28_trial_009
Pedrotti,Pedrotti/28.txt,loaded,,28_trial_010
Pedrotti,Pedrotti/28.txt,loaded,,28_trial_011
Pedrotti,Pedrotti/28.txt,loaded,,28_trial_012
Pedrotti,Pedrotti/28.txt,loaded,,28_trial_013
Pedrotti,Pedrotti/28.txt,loaded,,28_trial_014
Pedrotti,Pedrotti/28.txt,loaded,,28_trial_015
Pedrotti,Pedrotti/28.txt,loaded,,28_trial_016
Pedrotti,Pedrotti/28.txt,loaded,,28_trial_017
Pedrotti,Pedrotti/28.txt,loaded,,28_trial_018
Pedrotti,Pedrotti/28.txt,loaded,,28_trial_019
Pedrotti,Pedrotti/28.txt,loaded,,28_trial_020
Pedrotti,Pedrotti/28.txt,loaded,,28_trial_021
Pedrotti,Pedrotti/28.txt,loaded,,28_trial_022
Pedrotti,Pedrotti/28.txt,loaded,,28_trial_023
Pedrotti,Pedrotti/28.txt,loaded,,28_trial_024
Pedrotti,Pedrotti/28.txt,loaded,,28_trial_025
Pedrotti,Pedrotti/28.txt,loaded,,28_trial_026
Pedrotti,Pedrotti/28.txt,loaded,,28_trial_027
Pedrotti,Pedrotti/28.txt,loaded,,28_trial_028
Pedrotti,Pedrotti/28.txt,loaded,,28_trial_029
Pedrotti,Pedrotti/28.txt,loaded,,28_trial_030
Pedrotti,Pedrotti/28.txt,loaded,,28_trial_031
Pedrotti,Pedrotti/28.txt,loaded,,28_trial_032
Pedrotti,Pedrotti/28.txt,loaded,,28_trial_033
Pedrotti,Pedrotti/28.txt,loaded,,28_trial_034
Pedrotti,Pedrotti/28.txt,loaded,,28_trial_035
Pedrotti,Pedrotti/28.txt,loaded,,28_trial_036
Pedrotti,Pedrotti/28.txt,loaded,,28_trial_037
Pedrotti,Pedrotti/28.txt,loaded,,28_trial_038
Pedrotti,Pedrotti/28.txt,loaded,,28_trial_039
Pedrotti,Pedrotti/28.txt,loaded,,28_trial_040
Pedrotti,Pedrotti/28.txt,loaded,,28_trial_041
Pedrotti,Pedrotti/28.txt,loaded,,28_trial_042
Pedrotti,Pedrotti/28.txt,loaded,,28_trial_043
Pedrotti,Pedrotti/28.txt,loaded,,28_trial_044
Pedrotti,Pedrotti/28.txt,loaded,,28_trial_045
Pedrotti,Pedrotti/28.txt,loaded,,28_trial_046
Pedrotti,Pedrotti/28.txt,loaded,,28_trial_047
Pedrotti,Pedrotti/28.txt,loaded,,28_trial_048
Pedrotti,Pedrotti/28.txt,excluded_number_stimulus,,28_trial_049
Pedrotti,Pedrotti/28.txt,excluded_number_stimulus,,28_trial_050
Pedrotti,Pedrotti/28.txt,excluded_number_stimulus,,28_trial_051
Pedrotti,Pedrotti/28.txt,excluded_number_stimulus,,28_trial_052
Pedrotti,Pedrotti/28.txt,excluded_number_stimulus,,28_trial_053
Pedrotti,Pedrotti/28.txt,excluded_number_stimulus,,28_trial_054
Pedrotti,Pedrotti/28.txt,excluded_number_stimulus,,28_trial_055
Pedrotti,Pedrotti/28.txt,excluded_number_stimulus,,28_trial_056
Pedrotti,Pedrotti/28.txt,excluded_number_stimulus,,28_trial_057
Pedrotti,Pedrotti/28.txt,excluded_number_stimulus,,28_trial_058
Pedrotti,Pedrotti/28.txt,excluded_number_stimulus,,28_trial_059
Pedrotti,Pedrotti/28.txt,excluded_number_stimulus,,28_trial_060
Pedrotti,Pedrotti/28.txt,excluded_number_stimulus,,28_trial_061
Pedrotti,Pedrotti/28.txt,excluded_number_stimulus,,28_trial_062
Pedrotti,Pedrotti/28.txt,excluded_number_stimulus,,28_trial_063
Pedrotti,Pedrotti/28.txt,excluded_number_stimulus,,28_trial_064
Pedrotti,Pedrotti/28.txt,excluded_number_stimulus,,28_trial_065
Pedrotti,Pedrotti/28.txt,excluded_number_stimulus,,28_trial_066
Pedrotti,Pedrotti/28.txt,excluded_number_stimulus,,28_trial_067
Pedrotti,Pedrotti/28.txt,excluded_number_stimulus,,28_trial_068
Pedrotti,Pedrotti/28.txt,excluded_number_stimulus,,28_trial_069
Pedrotti,Pedrotti/28.txt,excluded_number_stimulus,,28_trial_070
Pedrotti,Pedrotti/28.txt,excluded_number_stimulus,,28_trial_071
Pedrotti,Pedrotti/28.txt,excluded_number_stimulus,,28_trial_072
Pedrotti,Pedrotti/28.txt,excluded_number_stimulus,,28_trial_073
Pedrotti,Pedrotti/28.txt,excluded_number_stimulus,,28_trial_074
Pedrotti,Pedrotti/28.txt,excluded_number_stimulus,,28_trial_075
Pedrotti,Pedrotti/28.txt,excluded_number_stimulus,,28_trial_076
Pedrotti,Pedrotti/28.txt,excluded_number_stimulus,,28_trial_077
Pedrotti,Pedrotti/28.txt,excluded_number_stimulus,,28_trial_078
Pedrotti,Pedrotti/28.txt,excluded_number_stimulus,,28_trial_079
Pedrotti,Pedrotti/28.txt,excluded_number_stimulus,,28_trial_080
Pedrotti,Pedrotti/28.txt,excluded_number_stimulus,,28_trial_081
Pedrotti,Pedrotti/28.txt,excluded_number_stimulus,,28_trial_082
Pedrotti,Pedrotti/28.txt,excluded_number_stimulus,,28_trial_083
Pedrotti,Pedrotti/28.txt,excluded_number_stimulus,,28_trial_084
Pedrotti,Pedrotti/28.txt,excluded_number_stimulus,,28_trial_085
Pedrotti,Pedrotti/28.txt,excluded_number_stimulus,,28_trial_086
Pedrotti,Pedrotti/28.txt,excluded_number_stimulus,,28_trial_087
Pedrotti,Pedrotti/28.txt,excluded_number_stimulus,,28_trial_088
Pedrotti,Pedrotti/28.txt,excluded_number_stimulus,,28_trial_089
Pedrotti,Pedrotti/28.txt,excluded_number_stimulus,,28_trial_090
Pedrotti,Pedrotti/28.txt,excluded_number_stimulus,,28_trial_091
Pedrotti,Pedrotti/28.txt,excluded_number_stimulus,,28_trial_092
Pedrotti,Pedrotti/28.txt,excluded_number_stimulus,,28_trial_093
Pedrotti,Pedrotti/28.txt,excluded_number_stimulus,,28_trial_094
Pedrotti,Pedrotti/28.txt,excluded_number_stimulus,,28_trial_095
Pedrotti,Pedrotti/28.txt,excluded_number_stimulus,,28_trial_096
Pedrotti,Pedrotti/30.txt,loaded,,30_trial_001
Pedrotti,Pedrotti/30.txt,loaded,,30_trial_002
Pedrotti,Pedrotti/30.txt,loaded,,30_trial_003
Pedrotti,Pedrotti/30.txt,loaded,,30_trial_004
Pedrotti,Pedrotti/30.txt,loaded,,30_trial_005
Pedrotti,Pedrotti/30.txt,loaded,,30_trial_006
Pedrotti,Pedrotti/30.txt,loaded,,30_trial_007
Pedrotti,Pedrotti/30.txt,loaded,,30_trial_008
Pedrotti,Pedrotti/30.txt,loaded,,30_trial_009
Pedrotti,Pedrotti/30.txt,loaded,,30_trial_010
Pedrotti,Pedrotti/30.txt,loaded,,30_trial_011
Pedrotti,Pedrotti/30.txt,loaded,,30_trial_012
Pedrotti,Pedrotti/30.txt,loaded,,30_trial_013
Pedrotti,Pedrotti/30.txt,loaded,,30_trial_014
Pedrotti,Pedrotti/30.txt,loaded,,30_trial_015
Pedrotti,Pedrotti/30.txt,loaded,,30_trial_016
Pedrotti,Pedrotti/30.txt,loaded,,30_trial_017
Pedrotti,Pedrotti/30.txt,loaded,,30_trial_018
Pedrotti,Pedrotti/30.txt,loaded,,30_trial_019
Pedrotti,Pedrotti/30.txt,loaded,,30_trial_020
Pedrotti,Pedrotti/30.txt,loaded,,30_trial_021
Pedrotti,Pedrotti/30.txt,loaded,,30_trial_022
Pedrotti,Pedrotti/30.txt,loaded,,30_trial_023
Pedrotti,Pedrotti/30.txt,loaded,,30_trial_024
Pedrotti,Pedrotti/30.txt,loaded,,30_trial_025
Pedrotti,Pedrotti/30.txt,loaded,,30_trial_026
Pedrotti,Pedrotti/30.txt,loaded,,30_trial_027
Pedrotti,Pedrotti/30.txt,loaded,,30_trial_028
Pedrotti,Pedrotti/30.txt,loaded,,30_trial_029
Pedrotti,Pedrotti/30.txt,loaded,,30_trial_030
Pedrotti,Pedrotti/30.txt,loaded,,30_trial_031
Pedrotti,Pedrotti/30.txt,loaded,,30_trial_032
Pedrotti,Pedrotti/30.txt,loaded,,30_trial_033
Pedrotti,Pedrotti/30.txt,loaded,,30_trial_034
Pedrotti,Pedrotti/30.txt,loaded,,30_trial_035
Pedrotti,Pedrotti/30.txt,loaded,,30_trial_036
Pedrotti,Pedrotti/30.txt,loaded,,30_trial_037
Pedrotti,Pedrotti/30.txt,loaded,,30_trial_038
Pedrotti,Pedrotti/30.txt,loaded,,30_trial_039
Pedrotti,Pedrotti/30.txt,loaded,,30_trial_040
Pedrotti,Pedrotti/30.txt,loaded,,30_trial_041
Pedrotti,Pedrotti/30.txt,loaded,,30_trial_042
Pedrotti,Pedrotti/30.txt,loaded,,30_trial_043
Pedrotti,Pedrotti/30.txt,loaded,,30_trial_044
Pedrotti,Pedrotti/30.txt,loaded,,30_trial_045
Pedrotti,Pedrotti/30.txt,loaded,,30_trial_046
Pedrotti,Pedrotti/30.txt,loaded,,30_trial_047
Pedrotti,Pedrotti/30.txt,loaded,,30_trial_048
Pedrotti,Pedrotti/30.txt,excluded_number_stimulus,,30_trial_049
Pedrotti,Pedrotti/30.txt,excluded_number_stimulus,,30_trial_050
Pedrotti,Pedrotti/30.txt,excluded_number_stimulus,,30_trial_051
Pedrotti,Pedrotti/30.txt,excluded_number_stimulus,,30_trial_052
Pedrotti,Pedrotti/30.txt,excluded_number_stimulus,,30_trial_053
Pedrotti,Pedrotti/30.txt,excluded_number_stimulus,,30_trial_054
Pedrotti,Pedrotti/30.txt,excluded_number_stimulus,,30_trial_055
Pedrotti,Pedrotti/30.txt,excluded_number_stimulus,,30_trial_056
Pedrotti,Pedrotti/30.txt,excluded_number_stimulus,,30_trial_057
Pedrotti,Pedrotti/30.txt,excluded_number_stimulus,,30_trial_058
Pedrotti,Pedrotti/30.txt,excluded_number_stimulus,,30_trial_059
Pedrotti,Pedrotti/30.txt,excluded_number_stimulus,,30_trial_060
Pedrotti,Pedrotti/30.txt,excluded_number_stimulus,,30_trial_061
Pedrotti,Pedrotti/30.txt,excluded_number_stimulus,,30_trial_062
Pedrotti,Pedrotti/30.txt,excluded_number_stimulus,,30_trial_063
Pedrotti,Pedrotti/30.txt,excluded_number_stimulus,,30_trial_064
Pedrotti,Pedrotti/30.txt,excluded_number_stimulus,,30_trial_065
Pedrotti,Pedrotti/30.txt,excluded_number_stimulus,,30_trial_066
Pedrotti,Pedrotti/30.txt,excluded_number_stimulus,,30_trial_067
Pedrotti,Pedrotti/30.txt,excluded_number_stimulus,,30_trial_068
Pedrotti,Pedrotti/30.txt,excluded_number_stimulus,,30_trial_069
Pedrotti,Pedrotti/30.txt,excluded_number_stimulus,,30_trial_070
Pedrotti,Pedrotti/30.txt,excluded_number_stimulus,,30_trial_071
Pedrotti,Pedrotti/30.txt,excluded_number_stimulus,,30_trial_072
Pedrotti,Pedrotti/30.txt,excluded_number_stimulus,,30_trial_073
Pedrotti,Pedrotti/30.txt,excluded_number_stimulus,,30_trial_074
Pedrotti,Pedrotti/30.txt,excluded_number_stimulus,,30_trial_075
Pedrotti,Pedrotti/30.txt,excluded_number_stimulus,,30_trial_076
Pedrotti,Pedrotti/30.txt,excluded_number_stimulus,,30_trial_077
Pedrotti,Pedrotti/30.txt,excluded_number_stimulus,,30_trial_078
Pedrotti,Pedrotti/30.txt,excluded_number_stimulus,,30_trial_079
Pedrotti,Pedrotti/30.txt,excluded_number_stimulus,,30_trial_080
Pedrotti,Pedrotti/30.txt,excluded_number_stimulus,,30_trial_081
Pedrotti,Pedrotti/30.txt,excluded_number_stimulus,,30_trial_082
Pedrotti,Pedrotti/30.txt,excluded_number_stimulus,,30_trial_083
Pedrotti,Pedrotti/30.txt,excluded_number_stimulus,,30_trial_084
Pedrotti,Pedrotti/30.txt,excluded_number_stimulus,,30_trial_085
Pedrotti,Pedrotti/30.txt,excluded_number_stimulus,,30_trial_086
Pedrotti,Pedrotti/30.txt,excluded_number_stimulus,,30_trial_087
Pedrotti,Pedrotti/30.txt,excluded_number_stimulus,,30_trial_088
Pedrotti,Pedrotti/30.txt,excluded_number_stimulus,,30_trial_089
Pedrotti,Pedrotti/30.txt,excluded_number_stimulus,,30_trial_090
Pedrotti,Pedrotti/30.txt,excluded_number_stimulus,,30_trial_091
Pedrotti,Pedrotti/30.txt,excluded_number_stimulus,,30_trial_092
Pedrotti,Pedrotti/30.txt,excluded_number_stimulus,,30_trial_093
Pedrotti,Pedrotti/30.txt,excluded_number_stimulus,,30_trial_094
Pedrotti,Pedrotti/30.txt,excluded_number_stimulus,,30_trial_095
Pedrotti,Pedrotti/30.txt,excluded_number_stimulus,,30_trial_096
Pedrotti,Pedrotti/31.txt,excluded_number_stimulus,,31_trial_001
Pedrotti,Pedrotti/31.txt,excluded_number_stimulus,,31_trial_002
Pedrotti,Pedrotti/31.txt,excluded_number_stimulus,,31_trial_003
Pedrotti,Pedrotti/31.txt,excluded_number_stimulus,,31_trial_004
Pedrotti,Pedrotti/31.txt,excluded_number_stimulus,,31_trial_005
Pedrotti,Pedrotti/31.txt,excluded_number_stimulus,,31_trial_006
Pedrotti,Pedrotti/31.txt,excluded_number_stimulus,,31_trial_007
Pedrotti,Pedrotti/31.txt,excluded_number_stimulus,,31_trial_008
Pedrotti,Pedrotti/31.txt,excluded_number_stimulus,,31_trial_009
Pedrotti,Pedrotti/31.txt,excluded_number_stimulus,,31_trial_010
Pedrotti,Pedrotti/31.txt,excluded_number_stimulus,,31_trial_011
Pedrotti,Pedrotti/31.txt,excluded_number_stimulus,,31_trial_012
Pedrotti,Pedrotti/31.txt,excluded_number_stimulus,,31_trial_013
Pedrotti,Pedrotti/31.txt,excluded_number_stimulus,,31_trial_014
Pedrotti,Pedrotti/31.txt,excluded_number_stimulus,,31_trial_015
Pedrotti,Pedrotti/31.txt,excluded_number_stimulus,,31_trial_016
Pedrotti,Pedrotti/31.txt,excluded_number_stimulus,,31_trial_017
Pedrotti,Pedrotti/31.txt,excluded_number_stimulus,,31_trial_018
Pedrotti,Pedrotti/31.txt,excluded_number_stimulus,,31_trial_019
Pedrotti,Pedrotti/31.txt,excluded_number_stimulus,,31_trial_020
Pedrotti,Pedrotti/31.txt,excluded_number_stimulus,,31_trial_021
Pedrotti,Pedrotti/31.txt,excluded_number_stimulus,,31_trial_022
Pedrotti,Pedrotti/31.txt,excluded_number_stimulus,,31_trial_023
Pedrotti,Pedrotti/31.txt,excluded_number_stimulus,,31_trial_024
Pedrotti,Pedrotti/31.txt,excluded_number_stimulus,,31_trial_025
Pedrotti,Pedrotti/31.txt,excluded_number_stimulus,,31_trial_026
Pedrotti,Pedrotti/31.txt,excluded_number_stimulus,,31_trial_027
Pedrotti,Pedrotti/31.txt,excluded_number_stimulus,,31_trial_028
Pedrotti,Pedrotti/31.txt,excluded_number_stimulus,,31_trial_029
Pedrotti,Pedrotti/31.txt,excluded_number_stimulus,,31_trial_030
Pedrotti,Pedrotti/31.txt,excluded_number_stimulus,,31_trial_031
Pedrotti,Pedrotti/31.txt,excluded_number_stimulus,,31_trial_032
Pedrotti,Pedrotti/31.txt,excluded_number_stimulus,,31_trial_033
Pedrotti,Pedrotti/31.txt,excluded_number_stimulus,,31_trial_034
Pedrotti,Pedrotti/31.txt,excluded_number_stimulus,,31_trial_035
Pedrotti,Pedrotti/31.txt,excluded_number_stimulus,,31_trial_036
Pedrotti,Pedrotti/31.txt,excluded_number_stimulus,,31_trial_037
Pedrotti,Pedrotti/31.txt,excluded_number_stimulus,,31_trial_038
Pedrotti,Pedrotti/31.txt,excluded_number_stimulus,,31_trial_039
Pedrotti,Pedrotti/31.txt,excluded_number_stimulus,,31_trial_040
Pedrotti,Pedrotti/31.txt,excluded_number_stimulus,,31_trial_041
Pedrotti,Pedrotti/31.txt,excluded_number_stimulus,,31_trial_042
Pedrotti,Pedrotti/31.txt,excluded_number_stimulus,,31_trial_043
Pedrotti,Pedrotti/31.txt,excluded_number_stimulus,,31_trial_044
Pedrotti,Pedrotti/31.txt,excluded_number_stimulus,,31_trial_045
Pedrotti,Pedrotti/31.txt,excluded_number_stimulus,,31_trial_046
Pedrotti,Pedrotti/31.txt,excluded_number_stimulus,,31_trial_047
Pedrotti,Pedrotti/31.txt,excluded_number_stimulus,,31_trial_048
Pedrotti,Pedrotti/31.txt,loaded,,31_trial_049
Pedrotti,Pedrotti/31.txt,loaded,,31_trial_050
Pedrotti,Pedrotti/31.txt,loaded,,31_trial_051
Pedrotti,Pedrotti/31.txt,loaded,,31_trial_052
Pedrotti,Pedrotti/31.txt,loaded,,31_trial_053
Pedrotti,Pedrotti/31.txt,loaded,,31_trial_054
Pedrotti,Pedrotti/31.txt,loaded,,31_trial_055
Pedrotti,Pedrotti/31.txt,loaded,,31_trial_056
Pedrotti,Pedrotti/31.txt,loaded,,31_trial_057
Pedrotti,Pedrotti/31.txt,loaded,,31_trial_058
Pedrotti,Pedrotti/31.txt,loaded,,31_trial_059
Pedrotti,Pedrotti/31.txt,loaded,,31_trial_060
Pedrotti,Pedrotti/31.txt,loaded,,31_trial_061
Pedrotti,Pedrotti/31.txt,loaded,,31_trial_062
Pedrotti,Pedrotti/31.txt,loaded,,31_trial_063
Pedrotti,Pedrotti/31.txt,loaded,,31_trial_064
Pedrotti,Pedrotti/31.txt,loaded,,31_trial_065
Pedrotti,Pedrotti/31.txt,loaded,,31_trial_066
Pedrotti,Pedrotti/31.txt,loaded,,31_trial_067
Pedrotti,Pedrotti/31.txt,loaded,,31_trial_068
Pedrotti,Pedrotti/31.txt,loaded,,31_trial_069
Pedrotti,Pedrotti/31.txt,loaded,,31_trial_070
Pedrotti,Pedrotti/31.txt,loaded,,31_trial_071
Pedrotti,Pedrotti/31.txt,loaded,,31_trial_072
Pedrotti,Pedrotti/31.txt,loaded,,31_trial_073
Pedrotti,Pedrotti/31.txt,loaded,,31_trial_074
Pedrotti,Pedrotti/31.txt,loaded,,31_trial_075
Pedrotti,Pedrotti/31.txt,loaded,,31_trial_076
Pedrotti,Pedrotti/31.txt,loaded,,31_trial_077
Pedrotti,Pedrotti/31.txt,loaded,,31_trial_078
Pedrotti,Pedrotti/31.txt,loaded,,31_trial_079
Pedrotti,Pedrotti/31.txt,loaded,,31_trial_080
Pedrotti,Pedrotti/31.txt,loaded,,31_trial_081
Pedrotti,Pedrotti/31.txt,loaded,,31_trial_082
Pedrotti,Pedrotti/31.txt,loaded,,31_trial_083
Pedrotti,Pedrotti/31.txt,loaded,,31_trial_084
Pedrotti,Pedrotti/31.txt,loaded,,31_trial_085
Pedrotti,Pedrotti/31.txt,loaded,,31_trial_086
Pedrotti,Pedrotti/31.txt,loaded,,31_trial_087
Pedrotti,Pedrotti/31.txt,loaded,,31_trial_088
Pedrotti,Pedrotti/31.txt,loaded,,31_trial_089
Pedrotti,Pedrotti/31.txt,loaded,,31_trial_090
Pedrotti,Pedrotti/31.txt,loaded,,31_trial_091
Pedrotti,Pedrotti/31.txt,loaded,,31_trial_092
Pedrotti,Pedrotti/31.txt,loaded,,31_trial_093
Pedrotti,Pedrotti/31.txt,loaded,,31_trial_094
Pedrotti,Pedrotti/31.txt,loaded,,31_trial_095
Pedrotti,Pedrotti/31.txt,loaded,,31_trial_096
Pedrotti,Pedrotti/32.txt,loaded,,32_trial_001
Pedrotti,Pedrotti/32.txt,loaded,,32_trial_002
Pedrotti,Pedrotti/32.txt,loaded,,32_trial_003
Pedrotti,Pedrotti/32.txt,loaded,,32_trial_004
Pedrotti,Pedrotti/32.txt,loaded,,32_trial_005
Pedrotti,Pedrotti/32.txt,loaded,,32_trial_006
Pedrotti,Pedrotti/32.txt,loaded,,32_trial_007
Pedrotti,Pedrotti/32.txt,loaded,,32_trial_008
Pedrotti,Pedrotti/32.txt,loaded,,32_trial_009
Pedrotti,Pedrotti/32.txt,loaded,,32_trial_010
Pedrotti,Pedrotti/32.txt,loaded,,32_trial_011
Pedrotti,Pedrotti/32.txt,loaded,,32_trial_012
Pedrotti,Pedrotti/32.txt,loaded,,32_trial_013
Pedrotti,Pedrotti/32.txt,loaded,,32_trial_014
Pedrotti,Pedrotti/32.txt,loaded,,32_trial_015
Pedrotti,Pedrotti/32.txt,loaded,,32_trial_016
Pedrotti,Pedrotti/32.txt,loaded,,32_trial_017
Pedrotti,Pedrotti/32.txt,loaded,,32_trial_018
Pedrotti,Pedrotti/32.txt,loaded,,32_trial_019
Pedrotti,Pedrotti/32.txt,loaded,,32_trial_020
Pedrotti,Pedrotti/32.txt,loaded,,32_trial_021
Pedrotti,Pedrotti/32.txt,loaded,,32_trial_022
Pedrotti,Pedrotti/32.txt,loaded,,32_trial_023
Pedrotti,Pedrotti/32.txt,loaded,,32_trial_024
Pedrotti,Pedrotti/32.txt,loaded,,32_trial_025
Pedrotti,Pedrotti/32.txt,loaded,,32_trial_026
Pedrotti,Pedrotti/32.txt,loaded,,32_trial_027
Pedrotti,Pedrotti/32.txt,loaded,,32_trial_028
Pedrotti,Pedrotti/32.txt,loaded,,32_trial_029
Pedrotti,Pedrotti/32.txt,loaded,,32_trial_030
Pedrotti,Pedrotti/32.txt,loaded,,32_trial_031
Pedrotti,Pedrotti/32.txt,loaded,,32_trial_032
Pedrotti,Pedrotti/32.txt,loaded,,32_trial_033
Pedrotti,Pedrotti/32.txt,loaded,,32_trial_034
Pedrotti,Pedrotti/32.txt,loaded,,32_trial_035
Pedrotti,Pedrotti/32.txt,loaded,,32_trial_036
Pedrotti,Pedrotti/32.txt,loaded,,32_trial_037
Pedrotti,Pedrotti/32.txt,loaded,,32_trial_038
Pedrotti,Pedrotti/32.txt,loaded,,32_trial_039
Pedrotti,Pedrotti/32.txt,loaded,,32_trial_040
Pedrotti,Pedrotti/32.txt,loaded,,32_trial_041
Pedrotti,Pedrotti/32.txt,loaded,,32_trial_042
Pedrotti,Pedrotti/32.txt,loaded,,32_trial_043
Pedrotti,Pedrotti/32.txt,loaded,,32_trial_044
Pedrotti,Pedrotti/32.txt,loaded,,32_trial_045
Pedrotti,Pedrotti/32.txt,loaded,,32_trial_046
Pedrotti,Pedrotti/32.txt,loaded,,32_trial_047
Pedrotti,Pedrotti/32.txt,loaded,,32_trial_048
Pedrotti,Pedrotti/32.txt,excluded_number_stimulus,,32_trial_049
Pedrotti,Pedrotti/32.txt,excluded_number_stimulus,,32_trial_050
Pedrotti,Pedrotti/32.txt,excluded_number_stimulus,,32_trial_051
Pedrotti,Pedrotti/32.txt,excluded_number_stimulus,,32_trial_052
Pedrotti,Pedrotti/32.txt,excluded_number_stimulus,,32_trial_053
Pedrotti,Pedrotti/32.txt,excluded_number_stimulus,,32_trial_054
Pedrotti,Pedrotti/32.txt,excluded_number_stimulus,,32_trial_055
Pedrotti,Pedrotti/32.txt,excluded_number_stimulus,,32_trial_056
Pedrotti,Pedrotti/32.txt,excluded_number_stimulus,,32_trial_057
Pedrotti,Pedrotti/32.txt,excluded_number_stimulus,,32_trial_058
Pedrotti,Pedrotti/32.txt,excluded_number_stimulus,,32_trial_059
Pedrotti,Pedrotti/32.txt,excluded_number_stimulus,,32_trial_060
Pedrotti,Pedrotti/32.txt,excluded_number_stimulus,,32_trial_061
Pedrotti,Pedrotti/32.txt,excluded_number_stimulus,,32_trial_062
Pedrotti,Pedrotti/32.txt,excluded_number_stimulus,,32_trial_063
Pedrotti,Pedrotti/32.txt,excluded_number_stimulus,,32_trial_064
Pedrotti,Pedrotti/32.txt,excluded_number_stimulus,,32_trial_065
Pedrotti,Pedrotti/32.txt,excluded_number_stimulus,,32_trial_066
Pedrotti,Pedrotti/32.txt,excluded_number_stimulus,,32_trial_067
Pedrotti,Pedrotti/32.txt,excluded_number_stimulus,,32_trial_068
Pedrotti,Pedrotti/32.txt,excluded_number_stimulus,,32_trial_069
Pedrotti,Pedrotti/32.txt,excluded_number_stimulus,,32_trial_070
Pedrotti,Pedrotti/32.txt,excluded_number_stimulus,,32_trial_071
Pedrotti,Pedrotti/32.txt,excluded_number_stimulus,,32_trial_072
Pedrotti,Pedrotti/32.txt,excluded_number_stimulus,,32_trial_073
Pedrotti,Pedrotti/32.txt,excluded_number_stimulus,,32_trial_074
Pedrotti,Pedrotti/32.txt,excluded_number_stimulus,,32_trial_075
Pedrotti,Pedrotti/32.txt,excluded_number_stimulus,,32_trial_076
Pedrotti,Pedrotti/32.txt,excluded_number_stimulus,,32_trial_077
Pedrotti,Pedrotti/32.txt,excluded_number_stimulus,,32_trial_078
Pedrotti,Pedrotti/32.txt,excluded_number_stimulus,,32_trial_079
Pedrotti,Pedrotti/32.txt,excluded_number_stimulus,,32_trial_080
Pedrotti,Pedrotti/32.txt,excluded_number_stimulus,,32_trial_081
Pedrotti,Pedrotti/32.txt,excluded_number_stimulus,,32_trial_082
Pedrotti,Pedrotti/32.txt,excluded_number_stimulus,,32_trial_083
Pedrotti,Pedrotti/32.txt,excluded_number_stimulus,,32_trial_084
Pedrotti,Pedrotti/32.txt,excluded_number_stimulus,,32_trial_085
Pedrotti,Pedrotti/32.txt,excluded_number_stimulus,,32_trial_086
Pedrotti,Pedrotti/32.txt,excluded_number_stimulus,,32_trial_087
Pedrotti,Pedrotti/32.txt,excluded_number_stimulus,,32_trial_088
Pedrotti,Pedrotti/32.txt,excluded_number_stimulus,,32_trial_089
Pedrotti,Pedrotti/32.txt,excluded_number_stimulus,,32_trial_090
Pedrotti,Pedrotti/32.txt,excluded_number_stimulus,,32_trial_091
Pedrotti,Pedrotti/32.txt,excluded_number_stimulus,,32_trial_092
Pedrotti,Pedrotti/32.txt,excluded_number_stimulus,,32_trial_093
Pedrotti,Pedrotti/32.txt,excluded_number_stimulus,,32_trial_094
Pedrotti,Pedrotti/32.txt,excluded_number_stimulus,,32_trial_095
Pedrotti,Pedrotti/32.txt,excluded_number_stimulus,,32_trial_096
Pedrotti,Pedrotti/33.txt,excluded_number_stimulus,,33_trial_001
Pedrotti,Pedrotti/33.txt,excluded_number_stimulus,,33_trial_002
Pedrotti,Pedrotti/33.txt,excluded_number_stimulus,,33_trial_003
Pedrotti,Pedrotti/33.txt,excluded_number_stimulus,,33_trial_004
Pedrotti,Pedrotti/33.txt,excluded_number_stimulus,,33_trial_005
Pedrotti,Pedrotti/33.txt,excluded_number_stimulus,,33_trial_006
Pedrotti,Pedrotti/33.txt,excluded_number_stimulus,,33_trial_007
Pedrotti,Pedrotti/33.txt,excluded_number_stimulus,,33_trial_008
Pedrotti,Pedrotti/33.txt,excluded_number_stimulus,,33_trial_009
Pedrotti,Pedrotti/33.txt,excluded_number_stimulus,,33_trial_010
Pedrotti,Pedrotti/33.txt,excluded_number_stimulus,,33_trial_011
Pedrotti,Pedrotti/33.txt,excluded_number_stimulus,,33_trial_012
Pedrotti,Pedrotti/33.txt,excluded_number_stimulus,,33_trial_013
Pedrotti,Pedrotti/33.txt,excluded_number_stimulus,,33_trial_014
Pedrotti,Pedrotti/33.txt,excluded_number_stimulus,,33_trial_015
Pedrotti,Pedrotti/33.txt,excluded_number_stimulus,,33_trial_016
Pedrotti,Pedrotti/33.txt,excluded_number_stimulus,,33_trial_017
Pedrotti,Pedrotti/33.txt,excluded_number_stimulus,,33_trial_018
Pedrotti,Pedrotti/33.txt,excluded_number_stimulus,,33_trial_019
Pedrotti,Pedrotti/33.txt,excluded_number_stimulus,,33_trial_020
Pedrotti,Pedrotti/33.txt,excluded_number_stimulus,,33_trial_021
Pedrotti,Pedrotti/33.txt,excluded_number_stimulus,,33_trial_022
Pedrotti,Pedrotti/33.txt,excluded_number_stimulus,,33_trial_023
Pedrotti,Pedrotti/33.txt,excluded_number_stimulus,,33_trial_024
Pedrotti,Pedrotti/33.txt,excluded_number_stimulus,,33_trial_025
Pedrotti,Pedrotti/33.txt,excluded_number_stimulus,,33_trial_026
Pedrotti,Pedrotti/33.txt,excluded_number_stimulus,,33_trial_027
Pedrotti,Pedrotti/33.txt,excluded_number_stimulus,,33_trial_028
Pedrotti,Pedrotti/33.txt,excluded_number_stimulus,,33_trial_029
Pedrotti,Pedrotti/33.txt,excluded_number_stimulus,,33_trial_030
Pedrotti,Pedrotti/33.txt,excluded_number_stimulus,,33_trial_031
Pedrotti,Pedrotti/33.txt,excluded_number_stimulus,,33_trial_032
Pedrotti,Pedrotti/33.txt,excluded_number_stimulus,,33_trial_033
Pedrotti,Pedrotti/33.txt,excluded_number_stimulus,,33_trial_034
Pedrotti,Pedrotti/33.txt,excluded_number_stimulus,,33_trial_035
Pedrotti,Pedrotti/33.txt,excluded_number_stimulus,,33_trial_036
Pedrotti,Pedrotti/33.txt,excluded_number_stimulus,,33_trial_037
Pedrotti,Pedrotti/33.txt,excluded_number_stimulus,,33_trial_038
Pedrotti,Pedrotti/33.txt,excluded_number_stimulus,,33_trial_039
Pedrotti,Pedrotti/33.txt,excluded_number_stimulus,,33_trial_040
Pedrotti,Pedrotti/33.txt,excluded_number_stimulus,,33_trial_041
Pedrotti,Pedrotti/33.txt,excluded_number_stimulus,,33_trial_042
Pedrotti,Pedrotti/33.txt,excluded_number_stimulus,,33_trial_043
Pedrotti,Pedrotti/33.txt,excluded_number_stimulus,,33_trial_044
Pedrotti,Pedrotti/33.txt,excluded_number_stimulus,,33_trial_045
Pedrotti,Pedrotti/33.txt,excluded_number_stimulus,,33_trial_046
Pedrotti,Pedrotti/33.txt,excluded_number_stimulus,,33_trial_047
Pedrotti,Pedrotti/33.txt,excluded_number_stimulus,,33_trial_048
Pedrotti,Pedrotti/33.txt,loaded,,33_trial_049
Pedrotti,Pedrotti/33.txt,loaded,,33_trial_050
Pedrotti,Pedrotti/33.txt,loaded,,33_trial_051
Pedrotti,Pedrotti/33.txt,loaded,,33_trial_052
Pedrotti,Pedrotti/33.txt,loaded,,33_trial_053
Pedrotti,Pedrotti/33.txt,loaded,,33_trial_054
Pedrotti,Pedrotti/33.txt,loaded,,33_trial_055
Pedrotti,Pedrotti/33.txt,loaded,,33_trial_056
Pedrotti,Pedrotti/33.txt,loaded,,33_trial_057
Pedrotti,Pedrotti/33.txt,loaded,,33_trial_058
Pedrotti,Pedrotti/33.txt,loaded,,33_trial_059
Pedrotti,Pedrotti/33.txt,loaded,,33_trial_060
Pedrotti,Pedrotti/33.txt,loaded,,33_trial_061
Pedrotti,Pedrotti/33.txt,loaded,,33_trial_062
Pedrotti,Pedrotti/33.txt,loaded,,33_trial_063
Pedrotti,Pedrotti/33.txt,loaded,,33_trial_064
Pedrotti,Pedrotti/33.txt,loaded,,33_trial_065
Pedrotti,Pedrotti/33.txt,loaded,,33_trial_066
Pedrotti,Pedrotti/33.txt,loaded,,33_trial_067
Pedrotti,Pedrotti/33.txt,loaded,,33_trial_068
Pedrotti,Pedrotti/33.txt,loaded,,33_trial_069
Pedrotti,Pedrotti/33.txt,loaded,,33_trial_070
Pedrotti,Pedrotti/33.txt,loaded,,33_trial_071
Pedrotti,Pedrotti/33.txt,loaded,,33_trial_072
Pedrotti,Pedrotti/33.txt,loaded,,33_trial_073
Pedrotti,Pedrotti/33.txt,loaded,,33_trial_074
Pedrotti,Pedrotti/33.txt,loaded,,33_trial_075
Pedrotti,Pedrotti/33.txt,loaded,,33_trial_076
Pedrotti,Pedrotti/33.txt,loaded,,33_trial_077
Pedrotti,Pedrotti/33.txt,loaded,,33_trial_078
Pedrotti,Pedrotti/33.txt,loaded,,33_trial_079
Pedrotti,Pedrotti/33.txt,loaded,,33_trial_080
Pedrotti,Pedrotti/33.txt,loaded,,33_trial_081
Pedrotti,Pedrotti/33.txt,loaded,,33_trial_082
Pedrotti,Pedrotti/33.txt,loaded,,33_trial_083
Pedrotti,Pedrotti/33.txt,loaded,,33_trial_084
Pedrotti,Pedrotti/33.txt,loaded,,33_trial_085
Pedrotti,Pedrotti/33.txt,loaded,,33_trial_086
Pedrotti,Pedrotti/33.txt,loaded,,33_trial_087
Pedrotti,Pedrotti/33.txt,loaded,,33_trial_088
Pedrotti,Pedrotti/33.txt,loaded,,33_trial_089
Pedrotti,Pedrotti/33.txt,loaded,,33_trial_090
Pedrotti,Pedrotti/33.txt,loaded,,33_trial_091
Pedrotti,Pedrotti/33.txt,loaded,,33_trial_092
Pedrotti,Pedrotti/33.txt,loaded,,33_trial_093
Pedrotti,Pedrotti/33.txt,loaded,,33_trial_094
Pedrotti,Pedrotti/33.txt,loaded,,33_trial_095
Pedrotti,Pedrotti/33.txt,loaded,,33_trial_096
Pedrotti,Pedrotti/34.txt,loaded,,34_trial_001
Pedrotti,Pedrotti/34.txt,loaded,,34_trial_002
Pedrotti,Pedrotti/34.txt,loaded,,34_trial_003
Pedrotti,Pedrotti/34.txt,loaded,,34_trial_004
Pedrotti,Pedrotti/34.txt,loaded,,34_trial_005
Pedrotti,Pedrotti/34.txt,loaded,,34_trial_006
Pedrotti,Pedrotti/34.txt,loaded,,34_trial_007
Pedrotti,Pedrotti/34.txt,loaded,,34_trial_008
Pedrotti,Pedrotti/34.txt,loaded,,34_trial_009
Pedrotti,Pedrotti/34.txt,loaded,,34_trial_010
Pedrotti,Pedrotti/34.txt,loaded,,34_trial_011
Pedrotti,Pedrotti/34.txt,loaded,,34_trial_012
Pedrotti,Pedrotti/34.txt,loaded,,34_trial_013
Pedrotti,Pedrotti/34.txt,loaded,,34_trial_014
Pedrotti,Pedrotti/34.txt,loaded,,34_trial_015
Pedrotti,Pedrotti/34.txt,loaded,,34_trial_016
Pedrotti,Pedrotti/34.txt,loaded,,34_trial_017
Pedrotti,Pedrotti/34.txt,loaded,,34_trial_018
Pedrotti,Pedrotti/34.txt,loaded,,34_trial_019
Pedrotti,Pedrotti/34.txt,loaded,,34_trial_020
Pedrotti,Pedrotti/34.txt,loaded,,34_trial_021
Pedrotti,Pedrotti/34.txt,loaded,,34_trial_022
Pedrotti,Pedrotti/34.txt,loaded,,34_trial_023
Pedrotti,Pedrotti/34.txt,loaded,,34_trial_024
Pedrotti,Pedrotti/34.txt,loaded,,34_trial_025
Pedrotti,Pedrotti/34.txt,loaded,,34_trial_026
Pedrotti,Pedrotti/34.txt,loaded,,34_trial_027
Pedrotti,Pedrotti/34.txt,loaded,,34_trial_028
Pedrotti,Pedrotti/34.txt,loaded,,34_trial_029
Pedrotti,Pedrotti/34.txt,loaded,,34_trial_030
Pedrotti,Pedrotti/34.txt,loaded,,34_trial_031
Pedrotti,Pedrotti/34.txt,loaded,,34_trial_032
Pedrotti,Pedrotti/34.txt,loaded,,34_trial_033
Pedrotti,Pedrotti/34.txt,loaded,,34_trial_034
Pedrotti,Pedrotti/34.txt,loaded,,34_trial_035
Pedrotti,Pedrotti/34.txt,loaded,,34_trial_036
Pedrotti,Pedrotti/34.txt,loaded,,34_trial_037
Pedrotti,Pedrotti/34.txt,loaded,,34_trial_038
Pedrotti,Pedrotti/34.txt,loaded,,34_trial_039
Pedrotti,Pedrotti/34.txt,loaded,,34_trial_040
Pedrotti,Pedrotti/34.txt,loaded,,34_trial_041
Pedrotti,Pedrotti/34.txt,loaded,,34_trial_042
Pedrotti,Pedrotti/34.txt,loaded,,34_trial_043
Pedrotti,Pedrotti/34.txt,loaded,,34_trial_044
Pedrotti,Pedrotti/34.txt,loaded,,34_trial_045
Pedrotti,Pedrotti/34.txt,loaded,,34_trial_046
Pedrotti,Pedrotti/34.txt,loaded,,34_trial_047
Pedrotti,Pedrotti/34.txt,loaded,,34_trial_048
Pedrotti,Pedrotti/34.txt,excluded_number_stimulus,,34_trial_049
Pedrotti,Pedrotti/34.txt,excluded_number_stimulus,,34_trial_050
Pedrotti,Pedrotti/34.txt,excluded_number_stimulus,,34_trial_051
Pedrotti,Pedrotti/34.txt,excluded_number_stimulus,,34_trial_052
Pedrotti,Pedrotti/34.txt,excluded_number_stimulus,,34_trial_053
Pedrotti,Pedrotti/34.txt,excluded_number_stimulus,,34_trial_054
Pedrotti,Pedrotti/34.txt,excluded_number_stimulus,,34_trial_055
Pedrotti,Pedrotti/34.txt,excluded_number_stimulus,,34_trial_056
Pedrotti,Pedrotti/34.txt,excluded_number_stimulus,,34_trial_057
Pedrotti,Pedrotti/34.txt,excluded_number_stimulus,,34_trial_058
Pedrotti,Pedrotti/34.txt,excluded_number_stimulus,,34_trial_059
Pedrotti,Pedrotti/34.txt,excluded_number_stimulus,,34_trial_060
Pedrotti,Pedrotti/34.txt,excluded_number_stimulus,,34_trial_061
Pedrotti,Pedrotti/34.txt,excluded_number_stimulus,,34_trial_062
Pedrotti,Pedrotti/34.txt,excluded_number_stimulus,,34_trial_063
Pedrotti,Pedrotti/34.txt,excluded_number_stimulus,,34_trial_064
Pedrotti,Pedrotti/34.txt,excluded_number_stimulus,,34_trial_065
Pedrotti,Pedrotti/34.txt,excluded_number_stimulus,,34_trial_066
Pedrotti,Pedrotti/34.txt,excluded_number_stimulus,,34_trial_067
Pedrotti,Pedrotti/34.txt,excluded_number_stimulus,,34_trial_068
Pedrotti,Pedrotti/34.txt,excluded_number_stimulus,,34_trial_069
Pedrotti,Pedrotti/34.txt,excluded_number_stimulus,,34_trial_070
Pedrotti,Pedrotti/34.txt,excluded_number_stimulus,,34_trial_071
Pedrotti,Pedrotti/34.txt,excluded_number_stimulus,,34_trial_072
Pedrotti,Pedrotti/34.txt,excluded_number_stimulus,,34_trial_073
Pedrotti,Pedrotti/34.txt,excluded_number_stimulus,,34_trial_074
Pedrotti,Pedrotti/34.txt,excluded_number_stimulus,,34_trial_075
Pedrotti,Pedrotti/34.txt,excluded_number_stimulus,,34_trial_076
Pedrotti,Pedrotti/34.txt,excluded_number_stimulus,,34_trial_077
Pedrotti,Pedrotti/34.txt,excluded_number_stimulus,,34_trial_078
Pedrotti,Pedrotti/34.txt,excluded_number_stimulus,,34_trial_079
Pedrotti,Pedrotti/34.txt,excluded_number_stimulus,,34_trial_080
Pedrotti,Pedrotti/34.txt,excluded_number_stimulus,,34_trial_081
Pedrotti,Pedrotti/34.txt,excluded_number_stimulus,,34_trial_082
Pedrotti,Pedrotti/34.txt,excluded_number_stimulus,,34_trial_083
Pedrotti,Pedrotti/34.txt,excluded_number_stimulus,,34_trial_084
Pedrotti,Pedrotti/34.txt,excluded_number_stimulus,,34_trial_085
Pedrotti,Pedrotti/34.txt,excluded_number_stimulus,,34_trial_086
Pedrotti,Pedrotti/34.txt,excluded_number_stimulus,,34_trial_087
Pedrotti,Pedrotti/34.txt,excluded_number_stimulus,,34_trial_088
Pedrotti,Pedrotti/34.txt,excluded_number_stimulus,,34_trial_089
Pedrotti,Pedrotti/34.txt,excluded_number_stimulus,,34_trial_090
Pedrotti,Pedrotti/34.txt,excluded_number_stimulus,,34_trial_091
Pedrotti,Pedrotti/34.txt,excluded_number_stimulus,,34_trial_092
Pedrotti,Pedrotti/34.txt,excluded_number_stimulus,,34_trial_093
Pedrotti,Pedrotti/34.txt,excluded_number_stimulus,,34_trial_094
Pedrotti,Pedrotti/34.txt,excluded_number_stimulus,,34_trial_095
Pedrotti,Pedrotti/34.txt,excluded_number_stimulus,,34_trial_096
Pedrotti,Pedrotti/35.txt,excluded_number_stimulus,,35_trial_001
Pedrotti,Pedrotti/35.txt,excluded_number_stimulus,,35_trial_002
Pedrotti,Pedrotti/35.txt,excluded_number_stimulus,,35_trial_003
Pedrotti,Pedrotti/35.txt,excluded_number_stimulus,,35_trial_004
Pedrotti,Pedrotti/35.txt,excluded_number_stimulus,,35_trial_005
Pedrotti,Pedrotti/35.txt,excluded_number_stimulus,,35_trial_006
Pedrotti,Pedrotti/35.txt,excluded_number_stimulus,,35_trial_007
Pedrotti,Pedrotti/35.txt,excluded_number_stimulus,,35_trial_008
Pedrotti,Pedrotti/35.txt,excluded_number_stimulus,,35_trial_009
Pedrotti,Pedrotti/35.txt,excluded_number_stimulus,,35_trial_010
Pedrotti,Pedrotti/35.txt,excluded_number_stimulus,,35_trial_011
Pedrotti,Pedrotti/35.txt,excluded_number_stimulus,,35_trial_012
Pedrotti,Pedrotti/35.txt,excluded_number_stimulus,,35_trial_013
Pedrotti,Pedrotti/35.txt,excluded_number_stimulus,,35_trial_014
Pedrotti,Pedrotti/35.txt,excluded_number_stimulus,,35_trial_015
Pedrotti,Pedrotti/35.txt,excluded_number_stimulus,,35_trial_016
Pedrotti,Pedrotti/35.txt,excluded_number_stimulus,,35_trial_017
Pedrotti,Pedrotti/35.txt,excluded_number_stimulus,,35_trial_018
Pedrotti,Pedrotti/35.txt,excluded_number_stimulus,,35_trial_019
Pedrotti,Pedrotti/35.txt,excluded_number_stimulus,,35_trial_020
Pedrotti,Pedrotti/35.txt,excluded_number_stimulus,,35_trial_021
Pedrotti,Pedrotti/35.txt,excluded_number_stimulus,,35_trial_022
Pedrotti,Pedrotti/35.txt,excluded_number_stimulus,,35_trial_023
Pedrotti,Pedrotti/35.txt,excluded_number_stimulus,,35_trial_024
Pedrotti,Pedrotti/35.txt,excluded_number_stimulus,,35_trial_025
Pedrotti,Pedrotti/35.txt,excluded_number_stimulus,,35_trial_026
Pedrotti,Pedrotti/35.txt,excluded_number_stimulus,,35_trial_027
Pedrotti,Pedrotti/35.txt,excluded_number_stimulus,,35_trial_028
Pedrotti,Pedrotti/35.txt,excluded_number_stimulus,,35_trial_029
Pedrotti,Pedrotti/35.txt,excluded_number_stimulus,,35_trial_030
Pedrotti,Pedrotti/35.txt,excluded_number_stimulus,,35_trial_031
Pedrotti,Pedrotti/35.txt,excluded_number_stimulus,,35_trial_032
Pedrotti,Pedrotti/35.txt,excluded_number_stimulus,,35_trial_033
Pedrotti,Pedrotti/35.txt,excluded_number_stimulus,,35_trial_034
Pedrotti,Pedrotti/35.txt,excluded_number_stimulus,,35_trial_035
Pedrotti,Pedrotti/35.txt,excluded_number_stimulus,,35_trial_036
Pedrotti,Pedrotti/35.txt,excluded_number_stimulus,,35_trial_037
Pedrotti,Pedrotti/35.txt,excluded_number_stimulus,,35_trial_038
Pedrotti,Pedrotti/35.txt,excluded_number_stimulus,,35_trial_039
Pedrotti,Pedrotti/35.txt,excluded_number_stimulus,,35_trial_040
Pedrotti,Pedrotti/35.txt,excluded_number_stimulus,,35_trial_041
Pedrotti,Pedrotti/35.txt,excluded_number_stimulus,,35_trial_042
Pedrotti,Pedrotti/35.txt,excluded_number_stimulus,,35_trial_043
Pedrotti,Pedrotti/35.txt,excluded_number_stimulus,,35_trial_044
Pedrotti,Pedrotti/35.txt,excluded_number_stimulus,,35_trial_045
Pedrotti,Pedrotti/35.txt,excluded_number_stimulus,,35_trial_046
Pedrotti,Pedrotti/35.txt,excluded_number_stimulus,,35_trial_047
Pedrotti,Pedrotti/35.txt,excluded_number_stimulus,,35_trial_048
Pedrotti,Pedrotti/35.txt,loaded,,35_trial_049
Pedrotti,Pedrotti/35.txt,loaded,,35_trial_050
Pedrotti,Pedrotti/35.txt,loaded,,35_trial_051
Pedrotti,Pedrotti/35.txt,loaded,,35_trial_052
Pedrotti,Pedrotti/35.txt,loaded,,35_trial_053
Pedrotti,Pedrotti/35.txt,loaded,,35_trial_054
Pedrotti,Pedrotti/35.txt,loaded,,35_trial_055
Pedrotti,Pedrotti/35.txt,loaded,,35_trial_056
Pedrotti,Pedrotti/35.txt,loaded,,35_trial_057
Pedrotti,Pedrotti/35.txt,loaded,,35_trial_058
Pedrotti,Pedrotti/35.txt,loaded,,35_trial_059
Pedrotti,Pedrotti/35.txt,loaded,,35_trial_060
Pedrotti,Pedrotti/35.txt,loaded,,35_trial_061
Pedrotti,Pedrotti/35.txt,loaded,,35_trial_062
Pedrotti,Pedrotti/35.txt,loaded,,35_trial_063
Pedrotti,Pedrotti/35.txt,loaded,,35_trial_064
Pedrotti,Pedrotti/35.txt,loaded,,35_trial_065
Pedrotti,Pedrotti/35.txt,loaded,,35_trial_066
Pedrotti,Pedrotti/35.txt,loaded,,35_trial_067
Pedrotti,Pedrotti/35.txt,loaded,,35_trial_068
Pedrotti,Pedrotti/35.txt,loaded,,35_trial_069
Pedrotti,Pedrotti/35.txt,loaded,,35_trial_070
Pedrotti,Pedrotti/35.txt,loaded,,35_trial_071
Pedrotti,Pedrotti/35.txt,loaded,,35_trial_072
Pedrotti,Pedrotti/35.txt,loaded,,35_trial_073
Pedrotti,Pedrotti/35.txt,loaded,,35_trial_074
Pedrotti,Pedrotti/35.txt,loaded,,35_trial_075
Pedrotti,Pedrotti/35.txt,loaded,,35_trial_076
Pedrotti,Pedrotti/35.txt,loaded,,35_trial_077
Pedrotti,Pedrotti/35.txt,loaded,,35_trial_078
Pedrotti,Pedrotti/35.txt,loaded,,35_trial_079
Pedrotti,Pedrotti/35.txt,loaded,,35_trial_080
Pedrotti,Pedrotti/35.txt,loaded,,35_trial_081
Pedrotti,Pedrotti/35.txt,loaded,,35_trial_082
Pedrotti,Pedrotti/35.txt,loaded,,35_trial_083
Pedrotti,Pedrotti/35.txt,loaded,,35_trial_084
Pedrotti,Pedrotti/35.txt,loaded,,35_trial_085
Pedrotti,Pedrotti/35.txt,loaded,,35_trial_086
Pedrotti,Pedrotti/35.txt,loaded,,35_trial_087
Pedrotti,Pedrotti/35.txt,loaded,,35_trial_088
Pedrotti,Pedrotti/35.txt,loaded,,35_trial_089
Pedrotti,Pedrotti/35.txt,loaded,,35_trial_090
Pedrotti,Pedrotti/35.txt,loaded,,35_trial_091
Pedrotti,Pedrotti/35.txt,loaded,,35_trial_092
Pedrotti,Pedrotti/35.txt,loaded,,35_trial_093
Pedrotti,Pedrotti/35.txt,loaded,,35_trial_094
Pedrotti,Pedrotti/35.txt,loaded,,35_trial_095
Pedrotti,Pedrotti/35.txt,loaded,,35_trial_096
Pedrotti,Pedrotti/36.txt,loaded,,36_trial_001
Pedrotti,Pedrotti/36.txt,loaded,,36_trial_002
Pedrotti,Pedrotti/36.txt,loaded,,36_trial_003
Pedrotti,Pedrotti/36.txt,loaded,,36_trial_004
Pedrotti,Pedrotti/36.txt,loaded,,36_trial_005
Pedrotti,Pedrotti/36.txt,loaded,,36_trial_006
Pedrotti,Pedrotti/36.txt,loaded,,36_trial_007
Pedrotti,Pedrotti/36.txt,loaded,,36_trial_008
Pedrotti,Pedrotti/36.txt,loaded,,36_trial_009
Pedrotti,Pedrotti/36.txt,loaded,,36_trial_010
Pedrotti,Pedrotti/36.txt,loaded,,36_trial_011
Pedrotti,Pedrotti/36.txt,loaded,,36_trial_012
Pedrotti,Pedrotti/36.txt,loaded,,36_trial_013
Pedrotti,Pedrotti/36.txt,loaded,,36_trial_014
Pedrotti,Pedrotti/36.txt,loaded,,36_trial_015
Pedrotti,Pedrotti/36.txt,loaded,,36_trial_016
Pedrotti,Pedrotti/36.txt,loaded,,36_trial_017
Pedrotti,Pedrotti/36.txt,loaded,,36_trial_018
Pedrotti,Pedrotti/36.txt,loaded,,36_trial_019
Pedrotti,Pedrotti/36.txt,loaded,,36_trial_020
Pedrotti,Pedrotti/36.txt,loaded,,36_trial_021
Pedrotti,Pedrotti/36.txt,loaded,,36_trial_022
Pedrotti,Pedrotti/36.txt,loaded,,36_trial_023
Pedrotti,Pedrotti/36.txt,loaded,,36_trial_024
Pedrotti,Pedrotti/36.txt,loaded,,36_trial_025
Pedrotti,Pedrotti/36.txt,loaded,,36_trial_026
Pedrotti,Pedrotti/36.txt,loaded,,36_trial_027
Pedrotti,Pedrotti/36.txt,loaded,,36_trial_028
Pedrotti,Pedrotti/36.txt,loaded,,36_trial_029
Pedrotti,Pedrotti/36.txt,loaded,,36_trial_030
Pedrotti,Pedrotti/36.txt,loaded,,36_trial_031
Pedrotti,Pedrotti/36.txt,loaded,,36_trial_032
Pedrotti,Pedrotti/36.txt,loaded,,36_trial_033
Pedrotti,Pedrotti/36.txt,loaded,,36_trial_034
Pedrotti,Pedrotti/36.txt,loaded,,36_trial_035
Pedrotti,Pedrotti/36.txt,loaded,,36_trial_036
Pedrotti,Pedrotti/36.txt,loaded,,36_trial_037
Pedrotti,Pedrotti/36.txt,loaded,,36_trial_038
Pedrotti,Pedrotti/36.txt,loaded,,36_trial_039
Pedrotti,Pedrotti/36.txt,loaded,,36_trial_040
Pedrotti,Pedrotti/36.txt,loaded,,36_trial_041
Pedrotti,Pedrotti/36.txt,loaded,,36_trial_042
Pedrotti,Pedrotti/36.txt,loaded,,36_trial_043
Pedrotti,Pedrotti/36.txt,loaded,,36_trial_044
Pedrotti,Pedrotti/36.txt,loaded,,36_trial_045
Pedrotti,Pedrotti/36.txt,loaded,,36_trial_046
Pedrotti,Pedrotti/36.txt,loaded,,36_trial_047
Pedrotti,Pedrotti/36.txt,loaded,,36_trial_048
Pedrotti,Pedrotti/36.txt,excluded_number_stimulus,,36_trial_049
Pedrotti,Pedrotti/36.txt,excluded_number_stimulus,,36_trial_050
Pedrotti,Pedrotti/36.txt,excluded_number_stimulus,,36_trial_051
Pedrotti,Pedrotti/36.txt,excluded_number_stimulus,,36_trial_052
Pedrotti,Pedrotti/36.txt,excluded_number_stimulus,,36_trial_053
Pedrotti,Pedrotti/36.txt,excluded_number_stimulus,,36_trial_054
Pedrotti,Pedrotti/36.txt,excluded_number_stimulus,,36_trial_055
Pedrotti,Pedrotti/36.txt,excluded_number_stimulus,,36_trial_056
Pedrotti,Pedrotti/36.txt,excluded_number_stimulus,,36_trial_057
Pedrotti,Pedrotti/36.txt,excluded_number_stimulus,,36_trial_058
Pedrotti,Pedrotti/36.txt,excluded_number_stimulus,,36_trial_059
Pedrotti,Pedrotti/36.txt,excluded_number_stimulus,,36_trial_060
Pedrotti,Pedrotti/36.txt,excluded_number_stimulus,,36_trial_061
Pedrotti,Pedrotti/36.txt,excluded_number_stimulus,,36_trial_062
Pedrotti,Pedrotti/36.txt,excluded_number_stimulus,,36_trial_063
Pedrotti,Pedrotti/36.txt,excluded_number_stimulus,,36_trial_064
Pedrotti,Pedrotti/36.txt,excluded_number_stimulus,,36_trial_065
Pedrotti,Pedrotti/36.txt,excluded_number_stimulus,,36_trial_066
Pedrotti,Pedrotti/36.txt,excluded_number_stimulus,,36_trial_067
Pedrotti,Pedrotti/36.txt,excluded_number_stimulus,,36_trial_068
Pedrotti,Pedrotti/36.txt,excluded_number_stimulus,,36_trial_069
Pedrotti,Pedrotti/36.txt,excluded_number_stimulus,,36_trial_070
Pedrotti,Pedrotti/36.txt,excluded_number_stimulus,,36_trial_071
Pedrotti,Pedrotti/36.txt,excluded_number_stimulus,,36_trial_072
Pedrotti,Pedrotti/36.txt,excluded_number_stimulus,,36_trial_073
Pedrotti,Pedrotti/36.txt,excluded_number_stimulus,,36_trial_074
Pedrotti,Pedrotti/36.txt,excluded_number_stimulus,,36_trial_075
Pedrotti,Pedrotti/36.txt,excluded_number_stimulus,,36_trial_076
Pedrotti,Pedrotti/36.txt,excluded_number_stimulus,,36_trial_077
Pedrotti,Pedrotti/36.txt,excluded_number_stimulus,,36_trial_078
Pedrotti,Pedrotti/36.txt,excluded_number_stimulus,,36_trial_079
Pedrotti,Pedrotti/36.txt,excluded_number_stimulus,,36_trial_080
Pedrotti,Pedrotti/36.txt,excluded_number_stimulus,,36_trial_081
Pedrotti,Pedrotti/36.txt,excluded_number_stimulus,,36_trial_082
Pedrotti,Pedrotti/36.txt,excluded_number_stimulus,,36_trial_083
Pedrotti,Pedrotti/36.txt,excluded_number_stimulus,,36_trial_084
Pedrotti,Pedrotti/36.txt,excluded_number_stimulus,,36_trial_085
Pedrotti,Pedrotti/36.txt,excluded_number_stimulus,,36_trial_086
Pedrotti,Pedrotti/36.txt,excluded_number_stimulus,,36_trial_087
Pedrotti,Pedrotti/36.txt,excluded_number_stimulus,,36_trial_088
Pedrotti,Pedrotti/36.txt,excluded_number_stimulus,,36_trial_089
Pedrotti,Pedrotti/36.txt,excluded_number_stimulus,,36_trial_090
Pedrotti,Pedrotti/36.txt,excluded_number_stimulus,,36_trial_091
Pedrotti,Pedrotti/36.txt,excluded_number_stimulus,,36_trial_092
Pedrotti,Pedrotti/36.txt,excluded_number_stimulus,,36_trial_093
Pedrotti,Pedrotti/36.txt,excluded_number_stimulus,,36_trial_094
Pedrotti,Pedrotti/36.txt,excluded_number_stimulus,,36_trial_095
Pedrotti,Pedrotti/36.txt,excluded_number_stimulus,,36_trial_096
